state code,date,visits,clinic,notes
WY,2026-02-05,4,Riverstone Medical,seasonal spike expected
WY,2026-02-05,7,Community Care,
WY,2026-02-05,5,Downtown Clinic,telehealth ok
OR,2026-02-05,8,Northside Health,
OR,2026-02-05,5,Lakeview Clinic,seasonal spike expected
OR,2026-02-05,5,Riverstone Medical,
CA,2026-02-05,6,Lakeview Clinic,seasonal spike expected
CA,2026-02-05,9,Downtown Clinic,telehealth ok
CA,2026-02-05,6,Northside Health,telehealth ok
GA,2026-02-05,4,Lakeview Clinic,
GA,2026-02-05,4,Community Care,
GA,2026-02-05,8,Riverstone Medical,
AK,2026-02-05,7,Community Care,
AK,2026-02-05,8,Lakeview Clinic,seasonal spike expected
AK,2026-02-05,6,Riverstone Medical,
HI,2026-02-05,6,Downtown Clinic,telehealth ok
HI,2026-02-05,4,Community Care,seasonal spike expected
HI,2026-02-05,5,Northside Health,
PA,2026-02-05,5,Northside Health,telehealth ok
PA,2026-02-05,7,Riverstone Medical,telehealth ok
PA,2026-02-05,4,Lakeview Clinic,
AZ,2026-02-05,8,Riverstone Medical,
AZ,2026-02-05,6,Community Care,telehealth ok
AZ,2026-02-05,4,Northside Health,
RI,2026-02-05,5,Community Care,telehealth ok
RI,2026-02-05,6,Riverstone Medical,seasonal spike expected
RI,2026-02-05,6,Downtown Clinic,telehealth ok
NC,2026-02-05,6,Community Care,seasonal spike expected
NC,2026-02-05,6,Riverstone Medical,seasonal spike expected
NC,2026-02-05,7,Northside Health,
TN,2026-02-05,5,Community Care,seasonal spike expected
TN,2026-02-05,4,Lakeview Clinic,telehealth ok
TN,2026-02-05,5,Riverstone Medical,seasonal spike expected
IL,2026-02-05,4,Riverstone Medical,seasonal spike expected
IL,2026-02-05,5,Northside Health,
IL,2026-02-05,7,Lakeview Clinic,
NH,2026-02-05,4,Community Care,
NH,2026-02-05,8,Downtown Clinic,telehealth ok
NH,2026-02-05,4,Riverstone Medical,seasonal spike expected
FL,2026-02-05,8,Northside Health,seasonal spike expected
FL,2026-02-05,6,Downtown Clinic,seasonal spike expected
FL,2026-02-05,8,Lakeview Clinic,
MT,2026-02-05,4,Northside Health,
MT,2026-02-05,7,Lakeview Clinic,seasonal spike expected
MT,2026-02-05,4,Downtown Clinic,seasonal spike expected
NE,2026-02-05,5,Downtown Clinic,
NE,2026-02-05,8,Riverstone Medical,
NE,2026-02-05,4,Community Care,
CT,2026-02-05,4,Community Care,seasonal spike expected
CT,2026-02-05,6,Lakeview Clinic,telehealth ok
CT,2026-02-05,8,Riverstone Medical,seasonal spike expected
AL,2026-02-05,5,Community Care,
AL,2026-02-05,7,Lakeview Clinic,seasonal spike expected
AL,2026-02-05,8,Downtown Clinic,
MD,2026-02-05,4,Northside Health,
MD,2026-02-05,8,Lakeview Clinic,
MD,2026-02-05,7,Downtown Clinic,
ID,2026-02-05,7,Lakeview Clinic,seasonal spike expected
ID,2026-02-05,6,Community Care,
ID,2026-02-05,6,Downtown Clinic,
ND,2026-02-05,4,Downtown Clinic,telehealth ok
ND,2026-02-05,8,Community Care,seasonal spike expected
ND,2026-02-05,7,Lakeview Clinic,
KS,2026-02-05,4,Community Care,
KS,2026-02-05,5,Lakeview Clinic,telehealth ok
KS,2026-02-05,6,Downtown Clinic,
VT,2026-02-05,7,Downtown Clinic,
VT,2026-02-05,5,Lakeview Clinic,seasonal spike expected
VT,2026-02-05,8,Northside Health,seasonal spike expected
MI,2026-02-05,4,Lakeview Clinic,
MI,2026-02-05,6,Downtown Clinic,
MI,2026-02-05,6,Northside Health,seasonal spike expected
NY,2026-02-05,7,Northside Health,telehealth ok
NY,2026-02-05,8,Downtown Clinic,telehealth ok
NY,2026-02-05,5,Community Care,
UT,2026-02-05,6,Community Care,seasonal spike expected
UT,2026-02-05,5,Northside Health,telehealth ok
UT,2026-02-05,5,Lakeview Clinic,seasonal spike expected
TX,2026-02-05,8,Northside Health,telehealth ok
TX,2026-02-05,5,Community Care,
TX,2026-02-05,7,Riverstone Medical,
LA,2026-02-05,7,Northside Health,
LA,2026-02-05,4,Lakeview Clinic,seasonal spike expected
LA,2026-02-05,6,Downtown Clinic,telehealth ok
WV,2026-02-05,4,Northside Health,telehealth ok
WV,2026-02-05,7,Downtown Clinic,seasonal spike expected
WV,2026-02-05,8,Community Care,telehealth ok
NJ,2026-02-05,5,Northside Health,seasonal spike expected
NJ,2026-02-05,4,Downtown Clinic,seasonal spike expected
NJ,2026-02-05,4,Lakeview Clinic,telehealth ok
NM,2026-02-05,5,Lakeview Clinic,seasonal spike expected
NM,2026-02-05,8,Downtown Clinic,
NM,2026-02-05,6,Northside Health,telehealth ok
MN,2026-02-05,8,Riverstone Medical,telehealth ok
MN,2026-02-05,7,Community Care,telehealth ok
MN,2026-02-05,6,Downtown Clinic,
MS,2026-02-05,7,Community Care,
MS,2026-02-05,5,Riverstone Medical,
MS,2026-02-05,4,Lakeview Clinic,seasonal spike expected
VA,2026-02-05,7,Lakeview Clinic,
VA,2026-02-05,7,Downtown Clinic,
VA,2026-02-05,8,Northside Health,seasonal spike expected
AR,2026-02-05,6,Northside Health,seasonal spike expected
AR,2026-02-05,7,Riverstone Medical,telehealth ok
AR,2026-02-05,6,Lakeview Clinic,telehealth ok
WY,2026-02-06,6,Riverstone Medical,
WY,2026-02-06,2,Lakeview Clinic,seasonal spike expected
WY,2026-02-06,3,Downtown Clinic,seasonal spike expected
OR,2026-02-06,6,Lakeview Clinic,telehealth ok
OR,2026-02-06,6,Community Care,
OR,2026-02-06,6,Northside Health,
CA,2026-02-06,4,Community Care,seasonal spike expected
CA,2026-02-06,7,Downtown Clinic,seasonal spike expected
CA,2026-02-06,7,Riverstone Medical,seasonal spike expected
GA,2026-02-06,2,Riverstone Medical,
GA,2026-02-06,5,Lakeview Clinic,seasonal spike expected
GA,2026-02-06,3,Community Care,seasonal spike expected
AK,2026-02-06,4,Community Care,
AK,2026-02-06,2,Northside Health,telehealth ok
AK,2026-02-06,4,Riverstone Medical,seasonal spike expected
HI,2026-02-06,6,Riverstone Medical,
HI,2026-02-06,3,Lakeview Clinic,telehealth ok
HI,2026-02-06,6,Community Care,telehealth ok
PA,2026-02-06,5,Downtown Clinic,
PA,2026-02-06,2,Northside Health,
PA,2026-02-06,3,Community Care,telehealth ok
AZ,2026-02-06,4,Riverstone Medical,
AZ,2026-02-06,5,Lakeview Clinic,seasonal spike expected
AZ,2026-02-06,2,Northside Health,telehealth ok
RI,2026-02-06,4,Northside Health,seasonal spike expected
RI,2026-02-06,6,Community Care,seasonal spike expected
RI,2026-02-06,3,Riverstone Medical,
NC,2026-02-06,6,Downtown Clinic,telehealth ok
NC,2026-02-06,4,Community Care,telehealth ok
NC,2026-02-06,2,Northside Health,seasonal spike expected
TN,2026-02-06,5,Riverstone Medical,telehealth ok
TN,2026-02-06,2,Lakeview Clinic,telehealth ok
TN,2026-02-06,2,Downtown Clinic,
IL,2026-02-06,3,Riverstone Medical,seasonal spike expected
IL,2026-02-06,6,Community Care,seasonal spike expected
IL,2026-02-06,4,Downtown Clinic,telehealth ok
NH,2026-02-06,2,Downtown Clinic,
NH,2026-02-06,5,Community Care,
NH,2026-02-06,5,Lakeview Clinic,telehealth ok
FL,2026-02-06,4,Downtown Clinic,telehealth ok
FL,2026-02-06,7,Northside Health,
FL,2026-02-06,3,Riverstone Medical,
MT,2026-02-06,3,Northside Health,telehealth ok
MT,2026-02-06,6,Riverstone Medical,
MT,2026-02-06,4,Lakeview Clinic,telehealth ok
NE,2026-02-06,3,Downtown Clinic,seasonal spike expected
NE,2026-02-06,3,Community Care,seasonal spike expected
NE,2026-02-06,3,Riverstone Medical,seasonal spike expected
CT,2026-02-06,5,Lakeview Clinic,
CT,2026-02-06,3,Northside Health,telehealth ok
CT,2026-02-06,6,Community Care,seasonal spike expected
AL,2026-02-06,4,Northside Health,telehealth ok
AL,2026-02-06,4,Riverstone Medical,seasonal spike expected
AL,2026-02-06,6,Community Care,telehealth ok
MD,2026-02-06,3,Northside Health,telehealth ok
MD,2026-02-06,3,Lakeview Clinic,
MD,2026-02-06,3,Riverstone Medical,
ID,2026-02-06,3,Lakeview Clinic,telehealth ok
ID,2026-02-06,3,Community Care,telehealth ok
ID,2026-02-06,3,Riverstone Medical,
ND,2026-02-06,3,Downtown Clinic,seasonal spike expected
ND,2026-02-06,5,Community Care,
ND,2026-02-06,2,Lakeview Clinic,telehealth ok
KS,2026-02-06,5,Lakeview Clinic,
KS,2026-02-06,2,Community Care,
KS,2026-02-06,4,Riverstone Medical,
VT,2026-02-06,3,Community Care,seasonal spike expected
VT,2026-02-06,6,Riverstone Medical,telehealth ok
VT,2026-02-06,6,Northside Health,
MI,2026-02-06,6,Lakeview Clinic,telehealth ok
MI,2026-02-06,4,Riverstone Medical,
MI,2026-02-06,3,Community Care,
NY,2026-02-06,3,Northside Health,telehealth ok
NY,2026-02-06,6,Riverstone Medical,telehealth ok
NY,2026-02-06,4,Community Care,seasonal spike expected
UT,2026-02-06,2,Northside Health,
UT,2026-02-06,2,Riverstone Medical,
UT,2026-02-06,6,Lakeview Clinic,
TX,2026-02-06,4,Downtown Clinic,seasonal spike expected
TX,2026-02-06,4,Lakeview Clinic,seasonal spike expected
TX,2026-02-06,6,Riverstone Medical,telehealth ok
LA,2026-02-06,4,Downtown Clinic,seasonal spike expected
LA,2026-02-06,2,Community Care,
LA,2026-02-06,3,Northside Health,telehealth ok
WV,2026-02-06,6,Community Care,telehealth ok
WV,2026-02-06,6,Riverstone Medical,seasonal spike expected
WV,2026-02-06,6,Downtown Clinic,seasonal spike expected
NJ,2026-02-06,6,Northside Health,
NJ,2026-02-06,2,Lakeview Clinic,
NJ,2026-02-06,5,Riverstone Medical,telehealth ok
NM,2026-02-06,2,Community Care,
NM,2026-02-06,3,Lakeview Clinic,telehealth ok
NM,2026-02-06,6,Downtown Clinic,telehealth ok
MN,2026-02-06,3,Downtown Clinic,telehealth ok
MN,2026-02-06,6,Community Care,telehealth ok
MN,2026-02-06,5,Lakeview Clinic,
MS,2026-02-06,4,Riverstone Medical,seasonal spike expected
MS,2026-02-06,5,Lakeview Clinic,seasonal spike expected
MS,2026-02-06,3,Downtown Clinic,seasonal spike expected
VA,2026-02-06,4,Community Care,seasonal spike expected
VA,2026-02-06,5,Northside Health,telehealth ok
VA,2026-02-06,2,Downtown Clinic,
AR,2026-02-06,2,Community Care,
AR,2026-02-06,6,Riverstone Medical,telehealth ok
AR,2026-02-06,5,Lakeview Clinic,seasonal spike expected
WY,2026-02-07,4,Riverstone Medical,telehealth ok
WY,2026-02-07,1,Lakeview Clinic,seasonal spike expected
WY,2026-02-07,4,Community Care,
OR,2026-02-07,5,Community Care,
OR,2026-02-07,1,Lakeview Clinic,seasonal spike expected
OR,2026-02-07,3,Downtown Clinic,seasonal spike expected
CA,2026-02-07,4,Downtown Clinic,seasonal spike expected
CA,2026-02-07,3,Community Care,telehealth ok
CA,2026-02-07,2,Lakeview Clinic,telehealth ok
GA,2026-02-07,3,Northside Health,
GA,2026-02-07,4,Lakeview Clinic,telehealth ok
GA,2026-02-07,3,Downtown Clinic,
AK,2026-02-07,5,Community Care,seasonal spike expected
AK,2026-02-07,3,Lakeview Clinic,
AK,2026-02-07,3,Northside Health,seasonal spike expected
HI,2026-02-07,3,Lakeview Clinic,seasonal spike expected
HI,2026-02-07,1,Riverstone Medical,telehealth ok
HI,2026-02-07,4,Downtown Clinic,seasonal spike expected
PA,2026-02-07,2,Northside Health,seasonal spike expected
PA,2026-02-07,2,Lakeview Clinic,telehealth ok
PA,2026-02-07,4,Downtown Clinic,
AZ,2026-02-07,4,Downtown Clinic,seasonal spike expected
AZ,2026-02-07,5,Northside Health,telehealth ok
AZ,2026-02-07,1,Community Care,telehealth ok
RI,2026-02-07,2,Community Care,
RI,2026-02-07,2,Northside Health,seasonal spike expected
RI,2026-02-07,1,Riverstone Medical,seasonal spike expected
NC,2026-02-07,4,Lakeview Clinic,telehealth ok
NC,2026-02-07,2,Community Care,telehealth ok
NC,2026-02-07,3,Northside Health,telehealth ok
TN,2026-02-07,1,Lakeview Clinic,seasonal spike expected
TN,2026-02-07,2,Downtown Clinic,seasonal spike expected
TN,2026-02-07,3,Northside Health,telehealth ok
IL,2026-02-07,3,Northside Health,
IL,2026-02-07,3,Downtown Clinic,
IL,2026-02-07,5,Community Care,
NH,2026-02-07,4,Downtown Clinic,telehealth ok
NH,2026-02-07,2,Northside Health,telehealth ok
NH,2026-02-07,5,Community Care,
FL,2026-02-07,3,Downtown Clinic,
FL,2026-02-07,3,Lakeview Clinic,telehealth ok
FL,2026-02-07,3,Riverstone Medical,telehealth ok
MT,2026-02-07,2,Community Care,telehealth ok
MT,2026-02-07,5,Lakeview Clinic,seasonal spike expected
MT,2026-02-07,2,Northside Health,telehealth ok
NE,2026-02-07,3,Community Care,seasonal spike expected
NE,2026-02-07,4,Riverstone Medical,seasonal spike expected
NE,2026-02-07,3,Downtown Clinic,seasonal spike expected
CT,2026-02-07,3,Community Care,seasonal spike expected
CT,2026-02-07,2,Northside Health,telehealth ok
CT,2026-02-07,3,Lakeview Clinic,telehealth ok
AL,2026-02-07,1,Lakeview Clinic,telehealth ok
AL,2026-02-07,5,Community Care,telehealth ok
AL,2026-02-07,1,Downtown Clinic,seasonal spike expected
MD,2026-02-07,2,Downtown Clinic,seasonal spike expected
MD,2026-02-07,4,Northside Health,
MD,2026-02-07,2,Riverstone Medical,
ID,2026-02-07,1,Community Care,
ID,2026-02-07,3,Riverstone Medical,telehealth ok
ID,2026-02-07,1,Downtown Clinic,
ND,2026-02-07,5,Lakeview Clinic,
ND,2026-02-07,2,Downtown Clinic,
ND,2026-02-07,5,Riverstone Medical,
KS,2026-02-07,4,Northside Health,telehealth ok
KS,2026-02-07,3,Community Care,telehealth ok
KS,2026-02-07,4,Downtown Clinic,telehealth ok
VT,2026-02-07,3,Riverstone Medical,telehealth ok
VT,2026-02-07,4,Northside Health,seasonal spike expected
VT,2026-02-07,5,Downtown Clinic,telehealth ok
MI,2026-02-07,1,Riverstone Medical,seasonal spike expected
MI,2026-02-07,2,Downtown Clinic,telehealth ok
MI,2026-02-07,5,Lakeview Clinic,
NY,2026-02-07,6,Lakeview Clinic,
NY,2026-02-07,2,Northside Health,seasonal spike expected
NY,2026-02-07,2,Downtown Clinic,telehealth ok
UT,2026-02-07,5,Community Care,
UT,2026-02-07,5,Downtown Clinic,seasonal spike expected
UT,2026-02-07,1,Northside Health,
TX,2026-02-07,6,Northside Health,seasonal spike expected
TX,2026-02-07,4,Lakeview Clinic,
TX,2026-02-07,2,Community Care,seasonal spike expected
LA,2026-02-07,4,Community Care,seasonal spike expected
LA,2026-02-07,5,Downtown Clinic,seasonal spike expected
LA,2026-02-07,4,Lakeview Clinic,seasonal spike expected
WV,2026-02-07,5,Community Care,
WV,2026-02-07,5,Downtown Clinic,
WV,2026-02-07,3,Lakeview Clinic,
NJ,2026-02-07,3,Northside Health,seasonal spike expected
NJ,2026-02-07,5,Downtown Clinic,telehealth ok
NJ,2026-02-07,2,Community Care,
NM,2026-02-07,3,Community Care,
NM,2026-02-07,2,Riverstone Medical,seasonal spike expected
NM,2026-02-07,4,Downtown Clinic,seasonal spike expected
MN,2026-02-07,5,Downtown Clinic,
MN,2026-02-07,5,Riverstone Medical,telehealth ok
MN,2026-02-07,3,Lakeview Clinic,seasonal spike expected
MS,2026-02-07,2,Riverstone Medical,seasonal spike expected
MS,2026-02-07,5,Downtown Clinic,seasonal spike expected
MS,2026-02-07,2,Community Care,seasonal spike expected
VA,2026-02-07,2,Lakeview Clinic,
VA,2026-02-07,1,Northside Health,seasonal spike expected
VA,2026-02-07,5,Riverstone Medical,
AR,2026-02-07,3,Lakeview Clinic,
AR,2026-02-07,3,Downtown Clinic,
AR,2026-02-07,3,Northside Health,
WY,2026-02-08,1,Lakeview Clinic,telehealth ok
WY,2026-02-08,4,Community Care,
WY,2026-02-08,4,Riverstone Medical,
OR,2026-02-08,1,Northside Health,seasonal spike expected
OR,2026-02-08,1,Downtown Clinic,seasonal spike expected
OR,2026-02-08,5,Community Care,seasonal spike expected
CA,2026-02-08,5,Lakeview Clinic,telehealth ok
CA,2026-02-08,6,Community Care,
CA,2026-02-08,2,Riverstone Medical,telehealth ok
GA,2026-02-08,5,Northside Health,telehealth ok
GA,2026-02-08,1,Downtown Clinic,telehealth ok
GA,2026-02-08,1,Riverstone Medical,
AK,2026-02-08,4,Downtown Clinic,seasonal spike expected
AK,2026-02-08,2,Lakeview Clinic,seasonal spike expected
AK,2026-02-08,1,Riverstone Medical,
HI,2026-02-08,1,Community Care,telehealth ok
HI,2026-02-08,1,Downtown Clinic,telehealth ok
HI,2026-02-08,4,Northside Health,telehealth ok
PA,2026-02-08,3,Riverstone Medical,telehealth ok
PA,2026-02-08,4,Lakeview Clinic,seasonal spike expected
PA,2026-02-08,4,Downtown Clinic,seasonal spike expected
AZ,2026-02-08,4,Downtown Clinic,telehealth ok
AZ,2026-02-08,5,Riverstone Medical,
AZ,2026-02-08,1,Lakeview Clinic,telehealth ok
RI,2026-02-08,5,Northside Health,
RI,2026-02-08,2,Lakeview Clinic,telehealth ok
RI,2026-02-08,3,Riverstone Medical,seasonal spike expected
NC,2026-02-08,1,Northside Health,
NC,2026-02-08,5,Community Care,telehealth ok
NC,2026-02-08,2,Lakeview Clinic,seasonal spike expected
TN,2026-02-08,4,Community Care,
TN,2026-02-08,5,Northside Health,seasonal spike expected
TN,2026-02-08,2,Riverstone Medical,
IL,2026-02-08,1,Riverstone Medical,telehealth ok
IL,2026-02-08,3,Lakeview Clinic,telehealth ok
IL,2026-02-08,3,Northside Health,
NH,2026-02-08,3,Northside Health,seasonal spike expected
NH,2026-02-08,3,Riverstone Medical,seasonal spike expected
NH,2026-02-08,3,Lakeview Clinic,
FL,2026-02-08,5,Lakeview Clinic,
FL,2026-02-08,2,Northside Health,
FL,2026-02-08,2,Downtown Clinic,
MT,2026-02-08,2,Lakeview Clinic,telehealth ok
MT,2026-02-08,4,Northside Health,
MT,2026-02-08,3,Riverstone Medical,seasonal spike expected
NE,2026-02-08,5,Riverstone Medical,seasonal spike expected
NE,2026-02-08,4,Lakeview Clinic,
NE,2026-02-08,4,Community Care,telehealth ok
CT,2026-02-08,1,Riverstone Medical,
CT,2026-02-08,3,Community Care,telehealth ok
CT,2026-02-08,2,Downtown Clinic,seasonal spike expected
AL,2026-02-08,3,Northside Health,
AL,2026-02-08,4,Riverstone Medical,
AL,2026-02-08,5,Lakeview Clinic,telehealth ok
MD,2026-02-08,5,Community Care,
MD,2026-02-08,5,Riverstone Medical,seasonal spike expected
MD,2026-02-08,4,Northside Health,telehealth ok
ID,2026-02-08,4,Lakeview Clinic,telehealth ok
ID,2026-02-08,5,Downtown Clinic,
ID,2026-02-08,1,Northside Health,seasonal spike expected
ND,2026-02-08,3,Riverstone Medical,telehealth ok
ND,2026-02-08,4,Downtown Clinic,
ND,2026-02-08,2,Northside Health,
KS,2026-02-08,5,Northside Health,
KS,2026-02-08,5,Community Care,seasonal spike expected
KS,2026-02-08,5,Riverstone Medical,telehealth ok
VT,2026-02-08,1,Community Care,telehealth ok
VT,2026-02-08,1,Downtown Clinic,telehealth ok
VT,2026-02-08,2,Lakeview Clinic,
MI,2026-02-08,2,Lakeview Clinic,telehealth ok
MI,2026-02-08,2,Riverstone Medical,
MI,2026-02-08,2,Community Care,telehealth ok
NY,2026-02-08,3,Northside Health,
NY,2026-02-08,6,Downtown Clinic,seasonal spike expected
NY,2026-02-08,4,Lakeview Clinic,seasonal spike expected
UT,2026-02-08,1,Riverstone Medical,seasonal spike expected
UT,2026-02-08,2,Community Care,
UT,2026-02-08,3,Lakeview Clinic,
TX,2026-02-08,6,Northside Health,seasonal spike expected
TX,2026-02-08,3,Lakeview Clinic,seasonal spike expected
TX,2026-02-08,6,Community Care,
LA,2026-02-08,5,Northside Health,
LA,2026-02-08,2,Community Care,
LA,2026-02-08,4,Lakeview Clinic,telehealth ok
WV,2026-02-08,5,Community Care,
WV,2026-02-08,3,Northside Health,seasonal spike expected
WV,2026-02-08,3,Riverstone Medical,seasonal spike expected
NJ,2026-02-08,1,Riverstone Medical,seasonal spike expected
NJ,2026-02-08,3,Community Care,
NJ,2026-02-08,3,Downtown Clinic,
NM,2026-02-08,1,Lakeview Clinic,telehealth ok
NM,2026-02-08,5,Riverstone Medical,
NM,2026-02-08,1,Northside Health,seasonal spike expected
MN,2026-02-08,4,Lakeview Clinic,telehealth ok
MN,2026-02-08,3,Northside Health,
MN,2026-02-08,1,Riverstone Medical,telehealth ok
MS,2026-02-08,4,Riverstone Medical,telehealth ok
MS,2026-02-08,3,Lakeview Clinic,telehealth ok
MS,2026-02-08,1,Northside Health,telehealth ok
VA,2026-02-08,2,Northside Health,
VA,2026-02-08,4,Riverstone Medical,
VA,2026-02-08,5,Community Care,telehealth ok
AR,2026-02-08,3,Downtown Clinic,telehealth ok
AR,2026-02-08,4,Northside Health,seasonal spike expected
AR,2026-02-08,4,Community Care,telehealth ok
WY,2026-02-09,6,Riverstone Medical,seasonal spike expected
WY,2026-02-09,2,Northside Health,
WY,2026-02-09,2,Downtown Clinic,
OR,2026-02-09,5,Riverstone Medical,telehealth ok
OR,2026-02-09,2,Northside Health,seasonal spike expected
OR,2026-02-09,3,Downtown Clinic,seasonal spike expected
CA,2026-02-09,3,Northside Health,telehealth ok
CA,2026-02-09,3,Community Care,seasonal spike expected
CA,2026-02-09,3,Downtown Clinic,
GA,2026-02-09,5,Lakeview Clinic,seasonal spike expected
GA,2026-02-09,4,Northside Health,telehealth ok
GA,2026-02-09,6,Riverstone Medical,telehealth ok
AK,2026-02-09,3,Northside Health,seasonal spike expected
AK,2026-02-09,3,Community Care,
AK,2026-02-09,6,Downtown Clinic,telehealth ok
HI,2026-02-09,3,Riverstone Medical,
HI,2026-02-09,3,Lakeview Clinic,seasonal spike expected
HI,2026-02-09,5,Downtown Clinic,
PA,2026-02-09,6,Riverstone Medical,
PA,2026-02-09,4,Northside Health,
PA,2026-02-09,3,Downtown Clinic,telehealth ok
AZ,2026-02-09,3,Northside Health,telehealth ok
AZ,2026-02-09,6,Community Care,
AZ,2026-02-09,2,Riverstone Medical,seasonal spike expected
RI,2026-02-09,2,Northside Health,telehealth ok
RI,2026-02-09,2,Downtown Clinic,seasonal spike expected
RI,2026-02-09,4,Riverstone Medical,seasonal spike expected
NC,2026-02-09,6,Riverstone Medical,seasonal spike expected
NC,2026-02-09,2,Downtown Clinic,
NC,2026-02-09,4,Northside Health,
TN,2026-02-09,5,Lakeview Clinic,seasonal spike expected
TN,2026-02-09,2,Community Care,telehealth ok
TN,2026-02-09,4,Northside Health,
IL,2026-02-09,2,Community Care,telehealth ok
IL,2026-02-09,2,Downtown Clinic,seasonal spike expected
IL,2026-02-09,2,Lakeview Clinic,
NH,2026-02-09,4,Northside Health,telehealth ok
NH,2026-02-09,2,Lakeview Clinic,
NH,2026-02-09,4,Downtown Clinic,telehealth ok
FL,2026-02-09,3,Northside Health,telehealth ok
FL,2026-02-09,3,Downtown Clinic,telehealth ok
FL,2026-02-09,7,Riverstone Medical,
MT,2026-02-09,3,Northside Health,seasonal spike expected
MT,2026-02-09,4,Community Care,
MT,2026-02-09,3,Downtown Clinic,telehealth ok
NE,2026-02-09,5,Community Care,
NE,2026-02-09,5,Downtown Clinic,telehealth ok
NE,2026-02-09,2,Lakeview Clinic,
CT,2026-02-09,3,Downtown Clinic,seasonal spike expected
CT,2026-02-09,2,Riverstone Medical,telehealth ok
CT,2026-02-09,5,Lakeview Clinic,telehealth ok
AL,2026-02-09,6,Community Care,telehealth ok
AL,2026-02-09,6,Downtown Clinic,seasonal spike expected
AL,2026-02-09,6,Lakeview Clinic,
MD,2026-02-09,6,Riverstone Medical,seasonal spike expected
MD,2026-02-09,2,Northside Health,
MD,2026-02-09,5,Downtown Clinic,
ID,2026-02-09,6,Downtown Clinic,seasonal spike expected
ID,2026-02-09,6,Northside Health,
ID,2026-02-09,4,Community Care,telehealth ok
ND,2026-02-09,3,Community Care,telehealth ok
ND,2026-02-09,2,Riverstone Medical,telehealth ok
ND,2026-02-09,4,Downtown Clinic,
KS,2026-02-09,3,Lakeview Clinic,
KS,2026-02-09,5,Riverstone Medical,
KS,2026-02-09,2,Downtown Clinic,telehealth ok
VT,2026-02-09,2,Community Care,seasonal spike expected
VT,2026-02-09,4,Downtown Clinic,
VT,2026-02-09,4,Lakeview Clinic,
MI,2026-02-09,2,Community Care,telehealth ok
MI,2026-02-09,2,Downtown Clinic,
MI,2026-02-09,3,Northside Health,telehealth ok
NY,2026-02-09,7,Lakeview Clinic,
NY,2026-02-09,3,Northside Health,seasonal spike expected
NY,2026-02-09,3,Community Care,seasonal spike expected
UT,2026-02-09,6,Lakeview Clinic,seasonal spike expected
UT,2026-02-09,3,Northside Health,telehealth ok
UT,2026-02-09,4,Riverstone Medical,
TX,2026-02-09,5,Northside Health,telehealth ok
TX,2026-02-09,5,Lakeview Clinic,
TX,2026-02-09,6,Community Care,
LA,2026-02-09,6,Northside Health,seasonal spike expected
LA,2026-02-09,5,Downtown Clinic,
LA,2026-02-09,4,Lakeview Clinic,telehealth ok
WV,2026-02-09,2,Downtown Clinic,telehealth ok
WV,2026-02-09,6,Lakeview Clinic,seasonal spike expected
WV,2026-02-09,4,Community Care,seasonal spike expected
NJ,2026-02-09,5,Community Care,seasonal spike expected
NJ,2026-02-09,4,Lakeview Clinic,telehealth ok
NJ,2026-02-09,5,Riverstone Medical,
NM,2026-02-09,2,Downtown Clinic,seasonal spike expected
NM,2026-02-09,6,Riverstone Medical,telehealth ok
NM,2026-02-09,6,Community Care,seasonal spike expected
MN,2026-02-09,4,Riverstone Medical,telehealth ok
MN,2026-02-09,4,Northside Health,telehealth ok
MN,2026-02-09,5,Community Care,telehealth ok
MS,2026-02-09,6,Riverstone Medical,seasonal spike expected
MS,2026-02-09,4,Community Care,seasonal spike expected
MS,2026-02-09,2,Downtown Clinic,seasonal spike expected
VA,2026-02-09,3,Lakeview Clinic,telehealth ok
VA,2026-02-09,6,Northside Health,seasonal spike expected
VA,2026-02-09,5,Downtown Clinic,
AR,2026-02-09,6,Community Care,
AR,2026-02-09,4,Lakeview Clinic,telehealth ok
AR,2026-02-09,2,Riverstone Medical,seasonal spike expected
WY,2026-02-10,5,Lakeview Clinic,telehealth ok
WY,2026-02-10,6,Riverstone Medical,seasonal spike expected
WY,2026-02-10,4,Downtown Clinic,telehealth ok
OR,2026-02-10,4,Downtown Clinic,
OR,2026-02-10,5,Lakeview Clinic,
OR,2026-02-10,3,Riverstone Medical,telehealth ok
CA,2026-02-10,7,Riverstone Medical,telehealth ok
CA,2026-02-10,6,Downtown Clinic,seasonal spike expected
CA,2026-02-10,3,Lakeview Clinic,
GA,2026-02-10,2,Downtown Clinic,telehealth ok
GA,2026-02-10,3,Community Care,telehealth ok
GA,2026-02-10,4,Lakeview Clinic,
AK,2026-02-10,3,Northside Health,
AK,2026-02-10,4,Riverstone Medical,
AK,2026-02-10,5,Downtown Clinic,telehealth ok
HI,2026-02-10,4,Lakeview Clinic,
HI,2026-02-10,3,Northside Health,
HI,2026-02-10,4,Riverstone Medical,seasonal spike expected
PA,2026-02-10,6,Lakeview Clinic,telehealth ok
PA,2026-02-10,3,Downtown Clinic,
PA,2026-02-10,2,Northside Health,telehealth ok
AZ,2026-02-10,2,Riverstone Medical,seasonal spike expected
AZ,2026-02-10,6,Community Care,
AZ,2026-02-10,2,Lakeview Clinic,
RI,2026-02-10,5,Riverstone Medical,
RI,2026-02-10,5,Downtown Clinic,
RI,2026-02-10,2,Northside Health,telehealth ok
NC,2026-02-10,4,Community Care,seasonal spike expected
NC,2026-02-10,6,Riverstone Medical,telehealth ok
NC,2026-02-10,3,Downtown Clinic,telehealth ok
TN,2026-02-10,3,Northside Health,telehealth ok
TN,2026-02-10,5,Riverstone Medical,seasonal spike expected
TN,2026-02-10,4,Downtown Clinic,telehealth ok
IL,2026-02-10,3,Lakeview Clinic,seasonal spike expected
IL,2026-02-10,2,Community Care,telehealth ok
IL,2026-02-10,5,Downtown Clinic,seasonal spike expected
NH,2026-02-10,5,Downtown Clinic,
NH,2026-02-10,4,Northside Health,seasonal spike expected
NH,2026-02-10,6,Riverstone Medical,seasonal spike expected
FL,2026-02-10,5,Northside Health,telehealth ok
FL,2026-02-10,7,Downtown Clinic,telehealth ok
FL,2026-02-10,4,Lakeview Clinic,
MT,2026-02-10,5,Riverstone Medical,seasonal spike expected
MT,2026-02-10,6,Lakeview Clinic,
MT,2026-02-10,4,Northside Health,telehealth ok
NE,2026-02-10,6,Northside Health,
NE,2026-02-10,4,Lakeview Clinic,telehealth ok
NE,2026-02-10,2,Community Care,seasonal spike expected
CT,2026-02-10,2,Downtown Clinic,seasonal spike expected
CT,2026-02-10,3,Community Care,
CT,2026-02-10,3,Lakeview Clinic,seasonal spike expected
AL,2026-02-10,5,Riverstone Medical,seasonal spike expected
AL,2026-02-10,5,Downtown Clinic,telehealth ok
AL,2026-02-10,2,Community Care,telehealth ok
MD,2026-02-10,4,Northside Health,telehealth ok
MD,2026-02-10,3,Riverstone Medical,
MD,2026-02-10,4,Downtown Clinic,
ID,2026-02-10,3,Lakeview Clinic,seasonal spike expected
ID,2026-02-10,6,Downtown Clinic,telehealth ok
ID,2026-02-10,3,Riverstone Medical,
ND,2026-02-10,6,Downtown Clinic,
ND,2026-02-10,6,Northside Health,seasonal spike expected
ND,2026-02-10,3,Riverstone Medical,telehealth ok
KS,2026-02-10,6,Riverstone Medical,seasonal spike expected
KS,2026-02-10,5,Downtown Clinic,
KS,2026-02-10,3,Lakeview Clinic,telehealth ok
VT,2026-02-10,5,Downtown Clinic,telehealth ok
VT,2026-02-10,5,Riverstone Medical,
VT,2026-02-10,3,Community Care,telehealth ok
MI,2026-02-10,5,Downtown Clinic,seasonal spike expected
MI,2026-02-10,3,Community Care,seasonal spike expected
MI,2026-02-10,6,Riverstone Medical,telehealth ok
NY,2026-02-10,7,Northside Health,telehealth ok
NY,2026-02-10,5,Community Care,telehealth ok
NY,2026-02-10,3,Lakeview Clinic,
UT,2026-02-10,2,Northside Health,
UT,2026-02-10,6,Riverstone Medical,seasonal spike expected
UT,2026-02-10,5,Community Care,telehealth ok
TX,2026-02-10,4,Lakeview Clinic,seasonal spike expected
TX,2026-02-10,3,Downtown Clinic,telehealth ok
TX,2026-02-10,6,Riverstone Medical,
LA,2026-02-10,3,Community Care,seasonal spike expected
LA,2026-02-10,2,Lakeview Clinic,seasonal spike expected
LA,2026-02-10,6,Northside Health,
WV,2026-02-10,5,Lakeview Clinic,
WV,2026-02-10,3,Downtown Clinic,seasonal spike expected
WV,2026-02-10,5,Community Care,seasonal spike expected
NJ,2026-02-10,5,Downtown Clinic,telehealth ok
NJ,2026-02-10,4,Lakeview Clinic,
NJ,2026-02-10,4,Community Care,
NM,2026-02-10,6,Riverstone Medical,telehealth ok
NM,2026-02-10,6,Northside Health,
NM,2026-02-10,2,Community Care,
MN,2026-02-10,4,Community Care,seasonal spike expected
MN,2026-02-10,4,Riverstone Medical,
MN,2026-02-10,5,Lakeview Clinic,seasonal spike expected
MS,2026-02-10,6,Lakeview Clinic,
MS,2026-02-10,2,Northside Health,
MS,2026-02-10,4,Downtown Clinic,telehealth ok
VA,2026-02-10,2,Community Care,telehealth ok
VA,2026-02-10,3,Lakeview Clinic,telehealth ok
VA,2026-02-10,6,Riverstone Medical,seasonal spike expected
AR,2026-02-10,3,Lakeview Clinic,
AR,2026-02-10,2,Riverstone Medical,telehealth ok
AR,2026-02-10,2,Downtown Clinic,telehealth ok
WY,2026-02-11,4,Lakeview Clinic,seasonal spike expected
WY,2026-02-11,5,Downtown Clinic,
WY,2026-02-11,2,Riverstone Medical,
OR,2026-02-11,4,Northside Health,telehealth ok
OR,2026-02-11,2,Downtown Clinic,
OR,2026-02-11,3,Riverstone Medical,
CA,2026-02-11,4,Downtown Clinic,
CA,2026-02-11,7,Lakeview Clinic,seasonal spike expected
CA,2026-02-11,6,Northside Health,seasonal spike expected
GA,2026-02-11,6,Northside Health,seasonal spike expected
GA,2026-02-11,5,Riverstone Medical,telehealth ok
GA,2026-02-11,4,Downtown Clinic,seasonal spike expected
AK,2026-02-11,3,Downtown Clinic,
AK,2026-02-11,2,Community Care,seasonal spike expected
AK,2026-02-11,4,Lakeview Clinic,telehealth ok
HI,2026-02-11,5,Downtown Clinic,telehealth ok
HI,2026-02-11,3,Lakeview Clinic,seasonal spike expected
HI,2026-02-11,3,Riverstone Medical,seasonal spike expected
PA,2026-02-11,3,Lakeview Clinic,seasonal spike expected
PA,2026-02-11,5,Riverstone Medical,telehealth ok
PA,2026-02-11,6,Northside Health,telehealth ok
AZ,2026-02-11,6,Community Care,telehealth ok
AZ,2026-02-11,4,Northside Health,telehealth ok
AZ,2026-02-11,4,Riverstone Medical,
RI,2026-02-11,2,Northside Health,telehealth ok
RI,2026-02-11,4,Downtown Clinic,seasonal spike expected
RI,2026-02-11,4,Community Care,
NC,2026-02-11,3,Downtown Clinic,seasonal spike expected
NC,2026-02-11,5,Community Care,telehealth ok
NC,2026-02-11,4,Riverstone Medical,seasonal spike expected
TN,2026-02-11,2,Downtown Clinic,
TN,2026-02-11,3,Northside Health,seasonal spike expected
TN,2026-02-11,2,Lakeview Clinic,telehealth ok
IL,2026-02-11,5,Downtown Clinic,
IL,2026-02-11,6,Riverstone Medical,telehealth ok
IL,2026-02-11,5,Community Care,seasonal spike expected
NH,2026-02-11,5,Riverstone Medical,seasonal spike expected
NH,2026-02-11,6,Downtown Clinic,telehealth ok
NH,2026-02-11,5,Lakeview Clinic,telehealth ok
FL,2026-02-11,5,Northside Health,telehealth ok
FL,2026-02-11,6,Downtown Clinic,
FL,2026-02-11,4,Riverstone Medical,telehealth ok
MT,2026-02-11,3,Northside Health,seasonal spike expected
MT,2026-02-11,5,Community Care,
MT,2026-02-11,6,Riverstone Medical,telehealth ok
NE,2026-02-11,3,Community Care,
NE,2026-02-11,3,Downtown Clinic,
NE,2026-02-11,2,Northside Health,
CT,2026-02-11,4,Riverstone Medical,telehealth ok
CT,2026-02-11,6,Downtown Clinic,
CT,2026-02-11,2,Northside Health,telehealth ok
AL,2026-02-11,3,Lakeview Clinic,seasonal spike expected
AL,2026-02-11,4,Downtown Clinic,
AL,2026-02-11,4,Northside Health,telehealth ok
MD,2026-02-11,5,Northside Health,
MD,2026-02-11,6,Lakeview Clinic,telehealth ok
MD,2026-02-11,5,Downtown Clinic,telehealth ok
ID,2026-02-11,5,Community Care,telehealth ok
ID,2026-02-11,6,Riverstone Medical,telehealth ok
ID,2026-02-11,6,Northside Health,seasonal spike expected
ND,2026-02-11,3,Downtown Clinic,
ND,2026-02-11,6,Riverstone Medical,
ND,2026-02-11,3,Community Care,seasonal spike expected
KS,2026-02-11,3,Lakeview Clinic,seasonal spike expected
KS,2026-02-11,3,Riverstone Medical,seasonal spike expected
KS,2026-02-11,5,Northside Health,seasonal spike expected
VT,2026-02-11,6,Community Care,
VT,2026-02-11,3,Riverstone Medical,seasonal spike expected
VT,2026-02-11,3,Northside Health,telehealth ok
MI,2026-02-11,6,Lakeview Clinic,seasonal spike expected
MI,2026-02-11,5,Northside Health,telehealth ok
MI,2026-02-11,6,Downtown Clinic,telehealth ok
NY,2026-02-11,5,Lakeview Clinic,telehealth ok
NY,2026-02-11,3,Downtown Clinic,
NY,2026-02-11,4,Northside Health,seasonal spike expected
UT,2026-02-11,3,Lakeview Clinic,
UT,2026-02-11,3,Riverstone Medical,seasonal spike expected
UT,2026-02-11,5,Northside Health,
TX,2026-02-11,6,Downtown Clinic,telehealth ok
TX,2026-02-11,5,Community Care,seasonal spike expected
TX,2026-02-11,5,Riverstone Medical,seasonal spike expected
LA,2026-02-11,5,Riverstone Medical,seasonal spike expected
LA,2026-02-11,4,Lakeview Clinic,seasonal spike expected
LA,2026-02-11,4,Northside Health,
WV,2026-02-11,2,Lakeview Clinic,seasonal spike expected
WV,2026-02-11,5,Downtown Clinic,
WV,2026-02-11,5,Northside Health,
NJ,2026-02-11,2,Community Care,telehealth ok
NJ,2026-02-11,4,Northside Health,
NJ,2026-02-11,2,Lakeview Clinic,telehealth ok
NM,2026-02-11,6,Lakeview Clinic,telehealth ok
NM,2026-02-11,2,Riverstone Medical,telehealth ok
NM,2026-02-11,6,Community Care,telehealth ok
MN,2026-02-11,2,Northside Health,telehealth ok
MN,2026-02-11,5,Community Care,seasonal spike expected
MN,2026-02-11,3,Riverstone Medical,seasonal spike expected
MS,2026-02-11,5,Riverstone Medical,seasonal spike expected
MS,2026-02-11,5,Downtown Clinic,telehealth ok
MS,2026-02-11,4,Community Care,
VA,2026-02-11,2,Lakeview Clinic,telehealth ok
VA,2026-02-11,6,Riverstone Medical,
VA,2026-02-11,4,Community Care,seasonal spike expected
AR,2026-02-11,2,Northside Health,telehealth ok
AR,2026-02-11,5,Riverstone Medical,seasonal spike expected
AR,2026-02-11,6,Community Care,telehealth ok
WY,2026-02-12,6,Downtown Clinic,seasonal spike expected
WY,2026-02-12,3,Riverstone Medical,seasonal spike expected
WY,2026-02-12,4,Northside Health,
OR,2026-02-12,4,Downtown Clinic,
OR,2026-02-12,3,Riverstone Medical,seasonal spike expected
OR,2026-02-12,5,Community Care,telehealth ok
CA,2026-02-12,4,Riverstone Medical,
CA,2026-02-12,4,Northside Health,telehealth ok
CA,2026-02-12,5,Downtown Clinic,
GA,2026-02-12,2,Riverstone Medical,
GA,2026-02-12,3,Downtown Clinic,telehealth ok
GA,2026-02-12,6,Lakeview Clinic,seasonal spike expected
AK,2026-02-12,6,Northside Health,telehealth ok
AK,2026-02-12,3,Lakeview Clinic,seasonal spike expected
AK,2026-02-12,2,Downtown Clinic,
HI,2026-02-12,5,Community Care,telehealth ok
HI,2026-02-12,3,Northside Health,
HI,2026-02-12,6,Downtown Clinic,telehealth ok
PA,2026-02-12,3,Northside Health,
PA,2026-02-12,5,Lakeview Clinic,
PA,2026-02-12,2,Riverstone Medical,telehealth ok
AZ,2026-02-12,6,Downtown Clinic,telehealth ok
AZ,2026-02-12,5,Community Care,seasonal spike expected
AZ,2026-02-12,5,Lakeview Clinic,seasonal spike expected
RI,2026-02-12,2,Northside Health,seasonal spike expected
RI,2026-02-12,6,Riverstone Medical,telehealth ok
RI,2026-02-12,5,Community Care,telehealth ok
NC,2026-02-12,3,Lakeview Clinic,seasonal spike expected
NC,2026-02-12,5,Downtown Clinic,
NC,2026-02-12,6,Riverstone Medical,telehealth ok
TN,2026-02-12,3,Riverstone Medical,telehealth ok
TN,2026-02-12,6,Northside Health,telehealth ok
TN,2026-02-12,2,Community Care,telehealth ok
IL,2026-02-12,3,Downtown Clinic,telehealth ok
IL,2026-02-12,5,Lakeview Clinic,seasonal spike expected
IL,2026-02-12,2,Riverstone Medical,
NH,2026-02-12,4,Northside Health,
NH,2026-02-12,6,Riverstone Medical,
NH,2026-02-12,4,Community Care,seasonal spike expected
FL,2026-02-12,7,Downtown Clinic,seasonal spike expected
FL,2026-02-12,3,Community Care,seasonal spike expected
FL,2026-02-12,6,Lakeview Clinic,seasonal spike expected
MT,2026-02-12,6,Lakeview Clinic,
MT,2026-02-12,5,Downtown Clinic,telehealth ok
MT,2026-02-12,5,Northside Health,
NE,2026-02-12,2,Lakeview Clinic,
NE,2026-02-12,5,Northside Health,telehealth ok
NE,2026-02-12,4,Community Care,
CT,2026-02-12,2,Northside Health,seasonal spike expected
CT,2026-02-12,2,Riverstone Medical,telehealth ok
CT,2026-02-12,2,Downtown Clinic,telehealth ok
AL,2026-02-12,3,Lakeview Clinic,seasonal spike expected
AL,2026-02-12,6,Downtown Clinic,telehealth ok
AL,2026-02-12,3,Community Care,telehealth ok
MD,2026-02-12,3,Northside Health,
MD,2026-02-12,6,Riverstone Medical,
MD,2026-02-12,5,Community Care,seasonal spike expected
ID,2026-02-12,5,Northside Health,seasonal spike expected
ID,2026-02-12,4,Community Care,seasonal spike expected
ID,2026-02-12,2,Lakeview Clinic,seasonal spike expected
ND,2026-02-12,3,Lakeview Clinic,seasonal spike expected
ND,2026-02-12,3,Downtown Clinic,seasonal spike expected
ND,2026-02-12,4,Community Care,
KS,2026-02-12,4,Northside Health,
KS,2026-02-12,3,Downtown Clinic,seasonal spike expected
KS,2026-02-12,3,Community Care,seasonal spike expected
VT,2026-02-12,2,Riverstone Medical,
VT,2026-02-12,6,Community Care,
VT,2026-02-12,4,Northside Health,
MI,2026-02-12,6,Lakeview Clinic,
MI,2026-02-12,6,Downtown Clinic,
MI,2026-02-12,2,Community Care,
NY,2026-02-12,3,Lakeview Clinic,seasonal spike expected
NY,2026-02-12,4,Downtown Clinic,
NY,2026-02-12,4,Northside Health,seasonal spike expected
UT,2026-02-12,2,Riverstone Medical,telehealth ok
UT,2026-02-12,2,Lakeview Clinic,
UT,2026-02-12,5,Community Care,
TX,2026-02-12,4,Northside Health,
TX,2026-02-12,4,Lakeview Clinic,
TX,2026-02-12,5,Riverstone Medical,seasonal spike expected
LA,2026-02-12,4,Downtown Clinic,
LA,2026-02-12,2,Riverstone Medical,telehealth ok
LA,2026-02-12,4,Northside Health,telehealth ok
WV,2026-02-12,3,Riverstone Medical,
WV,2026-02-12,6,Downtown Clinic,seasonal spike expected
WV,2026-02-12,6,Northside Health,seasonal spike expected
NJ,2026-02-12,2,Riverstone Medical,seasonal spike expected
NJ,2026-02-12,4,Northside Health,telehealth ok
NJ,2026-02-12,5,Lakeview Clinic,
NM,2026-02-12,6,Riverstone Medical,
NM,2026-02-12,3,Northside Health,telehealth ok
NM,2026-02-12,4,Downtown Clinic,seasonal spike expected
MN,2026-02-12,6,Riverstone Medical,telehealth ok
MN,2026-02-12,6,Lakeview Clinic,telehealth ok
MN,2026-02-12,6,Community Care,
MS,2026-02-12,2,Community Care,
MS,2026-02-12,3,Riverstone Medical,telehealth ok
MS,2026-02-12,6,Downtown Clinic,telehealth ok
VA,2026-02-12,3,Downtown Clinic,telehealth ok
VA,2026-02-12,4,Northside Health,telehealth ok
VA,2026-02-12,5,Riverstone Medical,telehealth ok
AR,2026-02-12,4,Downtown Clinic,
AR,2026-02-12,3,Riverstone Medical,seasonal spike expected
AR,2026-02-12,6,Community Care,
WY,2026-02-13,2,Lakeview Clinic,seasonal spike expected
WY,2026-02-13,4,Riverstone Medical,
WY,2026-02-13,3,Downtown Clinic,
OR,2026-02-13,5,Lakeview Clinic,seasonal spike expected
OR,2026-02-13,3,Community Care,
OR,2026-02-13,6,Riverstone Medical,telehealth ok
CA,2026-02-13,7,Downtown Clinic,telehealth ok
CA,2026-02-13,4,Northside Health,
CA,2026-02-13,6,Lakeview Clinic,
GA,2026-02-13,5,Northside Health,
GA,2026-02-13,3,Downtown Clinic,
GA,2026-02-13,6,Lakeview Clinic,
AK,2026-02-13,6,Community Care,telehealth ok
AK,2026-02-13,4,Lakeview Clinic,seasonal spike expected
AK,2026-02-13,6,Riverstone Medical,
HI,2026-02-13,6,Community Care,seasonal spike expected
HI,2026-02-13,2,Lakeview Clinic,telehealth ok
HI,2026-02-13,6,Northside Health,telehealth ok
PA,2026-02-13,6,Downtown Clinic,
PA,2026-02-13,6,Northside Health,
PA,2026-02-13,2,Riverstone Medical,telehealth ok
AZ,2026-02-13,5,Downtown Clinic,seasonal spike expected
AZ,2026-02-13,6,Community Care,telehealth ok
AZ,2026-02-13,4,Lakeview Clinic,
RI,2026-02-13,6,Riverstone Medical,
RI,2026-02-13,6,Community Care,telehealth ok
RI,2026-02-13,5,Northside Health,
NC,2026-02-13,3,Downtown Clinic,telehealth ok
NC,2026-02-13,2,Riverstone Medical,telehealth ok
NC,2026-02-13,5,Community Care,telehealth ok
TN,2026-02-13,2,Northside Health,seasonal spike expected
TN,2026-02-13,4,Riverstone Medical,
TN,2026-02-13,4,Lakeview Clinic,telehealth ok
IL,2026-02-13,6,Community Care,seasonal spike expected
IL,2026-02-13,6,Northside Health,
IL,2026-02-13,4,Downtown Clinic,seasonal spike expected
NH,2026-02-13,2,Downtown Clinic,telehealth ok
NH,2026-02-13,2,Lakeview Clinic,telehealth ok
NH,2026-02-13,4,Community Care,telehealth ok
FL,2026-02-13,4,Downtown Clinic,
FL,2026-02-13,7,Northside Health,seasonal spike expected
FL,2026-02-13,4,Community Care,telehealth ok
MT,2026-02-13,4,Lakeview Clinic,
MT,2026-02-13,3,Northside Health,
MT,2026-02-13,6,Community Care,telehealth ok
NE,2026-02-13,3,Lakeview Clinic,seasonal spike expected
NE,2026-02-13,3,Community Care,
NE,2026-02-13,5,Downtown Clinic,
CT,2026-02-13,2,Riverstone Medical,telehealth ok
CT,2026-02-13,2,Lakeview Clinic,telehealth ok
CT,2026-02-13,5,Northside Health,
AL,2026-02-13,6,Community Care,seasonal spike expected
AL,2026-02-13,2,Riverstone Medical,
AL,2026-02-13,6,Lakeview Clinic,telehealth ok
MD,2026-02-13,3,Downtown Clinic,
MD,2026-02-13,3,Riverstone Medical,telehealth ok
MD,2026-02-13,6,Lakeview Clinic,telehealth ok
ID,2026-02-13,2,Lakeview Clinic,telehealth ok
ID,2026-02-13,3,Community Care,
ID,2026-02-13,2,Northside Health,
ND,2026-02-13,6,Community Care,telehealth ok
ND,2026-02-13,6,Riverstone Medical,seasonal spike expected
ND,2026-02-13,6,Lakeview Clinic,
KS,2026-02-13,6,Lakeview Clinic,seasonal spike expected
KS,2026-02-13,3,Northside Health,
KS,2026-02-13,5,Riverstone Medical,
VT,2026-02-13,4,Downtown Clinic,
VT,2026-02-13,2,Riverstone Medical,telehealth ok
VT,2026-02-13,5,Lakeview Clinic,
MI,2026-02-13,5,Lakeview Clinic,telehealth ok
MI,2026-02-13,3,Riverstone Medical,telehealth ok
MI,2026-02-13,5,Downtown Clinic,telehealth ok
NY,2026-02-13,3,Riverstone Medical,seasonal spike expected
NY,2026-02-13,7,Northside Health,telehealth ok
NY,2026-02-13,5,Lakeview Clinic,
UT,2026-02-13,4,Northside Health,telehealth ok
UT,2026-02-13,6,Downtown Clinic,
UT,2026-02-13,4,Lakeview Clinic,
TX,2026-02-13,6,Lakeview Clinic,telehealth ok
TX,2026-02-13,5,Northside Health,
TX,2026-02-13,7,Downtown Clinic,telehealth ok
LA,2026-02-13,5,Downtown Clinic,seasonal spike expected
LA,2026-02-13,2,Lakeview Clinic,
LA,2026-02-13,4,Riverstone Medical,telehealth ok
WV,2026-02-13,6,Downtown Clinic,telehealth ok
WV,2026-02-13,3,Riverstone Medical,
WV,2026-02-13,2,Community Care,seasonal spike expected
NJ,2026-02-13,6,Downtown Clinic,telehealth ok
NJ,2026-02-13,5,Community Care,seasonal spike expected
NJ,2026-02-13,2,Riverstone Medical,telehealth ok
NM,2026-02-13,4,Community Care,telehealth ok
NM,2026-02-13,5,Lakeview Clinic,seasonal spike expected
NM,2026-02-13,5,Downtown Clinic,seasonal spike expected
MN,2026-02-13,5,Lakeview Clinic,seasonal spike expected
MN,2026-02-13,2,Downtown Clinic,seasonal spike expected
MN,2026-02-13,3,Community Care,telehealth ok
MS,2026-02-13,4,Riverstone Medical,
MS,2026-02-13,6,Downtown Clinic,
MS,2026-02-13,2,Northside Health,seasonal spike expected
VA,2026-02-13,5,Riverstone Medical,telehealth ok
VA,2026-02-13,3,Community Care,seasonal spike expected
VA,2026-02-13,3,Northside Health,telehealth ok
AR,2026-02-13,4,Lakeview Clinic,telehealth ok
AR,2026-02-13,4,Northside Health,telehealth ok
AR,2026-02-13,6,Riverstone Medical,telehealth ok
WY,2026-02-14,4,Lakeview Clinic,telehealth ok
WY,2026-02-14,4,Downtown Clinic,seasonal spike expected
WY,2026-02-14,4,Northside Health,seasonal spike expected
OR,2026-02-14,3,Riverstone Medical,seasonal spike expected
OR,2026-02-14,1,Downtown Clinic,seasonal spike expected
OR,2026-02-14,3,Lakeview Clinic,
CA,2026-02-14,3,Northside Health,seasonal spike expected
CA,2026-02-14,2,Lakeview Clinic,telehealth ok
CA,2026-02-14,3,Downtown Clinic,telehealth ok
GA,2026-02-14,4,Northside Health,telehealth ok
GA,2026-02-14,1,Riverstone Medical,
GA,2026-02-14,1,Community Care,telehealth ok
AK,2026-02-14,1,Riverstone Medical,
AK,2026-02-14,4,Northside Health,telehealth ok
AK,2026-02-14,3,Community Care,seasonal spike expected
HI,2026-02-14,4,Northside Health,telehealth ok
HI,2026-02-14,3,Downtown Clinic,
HI,2026-02-14,4,Lakeview Clinic,seasonal spike expected
PA,2026-02-14,4,Riverstone Medical,
PA,2026-02-14,4,Community Care,seasonal spike expected
PA,2026-02-14,4,Lakeview Clinic,telehealth ok
AZ,2026-02-14,2,Northside Health,seasonal spike expected
AZ,2026-02-14,5,Riverstone Medical,telehealth ok
AZ,2026-02-14,5,Community Care,telehealth ok
RI,2026-02-14,2,Northside Health,seasonal spike expected
RI,2026-02-14,1,Lakeview Clinic,seasonal spike expected
RI,2026-02-14,1,Community Care,seasonal spike expected
NC,2026-02-14,3,Lakeview Clinic,seasonal spike expected
NC,2026-02-14,2,Community Care,seasonal spike expected
NC,2026-02-14,3,Downtown Clinic,seasonal spike expected
TN,2026-02-14,2,Riverstone Medical,seasonal spike expected
TN,2026-02-14,2,Lakeview Clinic,seasonal spike expected
TN,2026-02-14,2,Downtown Clinic,telehealth ok
IL,2026-02-14,4,Lakeview Clinic,telehealth ok
IL,2026-02-14,4,Riverstone Medical,seasonal spike expected
IL,2026-02-14,3,Northside Health,
NH,2026-02-14,5,Downtown Clinic,telehealth ok
NH,2026-02-14,2,Northside Health,seasonal spike expected
NH,2026-02-14,1,Riverstone Medical,seasonal spike expected
FL,2026-02-14,4,Northside Health,
FL,2026-02-14,5,Lakeview Clinic,telehealth ok
FL,2026-02-14,5,Riverstone Medical,
MT,2026-02-14,4,Downtown Clinic,
MT,2026-02-14,3,Community Care,seasonal spike expected
MT,2026-02-14,5,Lakeview Clinic,
NE,2026-02-14,3,Riverstone Medical,seasonal spike expected
NE,2026-02-14,3,Lakeview Clinic,telehealth ok
NE,2026-02-14,4,Downtown Clinic,seasonal spike expected
CT,2026-02-14,1,Community Care,seasonal spike expected
CT,2026-02-14,2,Northside Health,seasonal spike expected
CT,2026-02-14,1,Riverstone Medical,
AL,2026-02-14,1,Community Care,seasonal spike expected
AL,2026-02-14,5,Riverstone Medical,
AL,2026-02-14,5,Downtown Clinic,
MD,2026-02-14,3,Downtown Clinic,
MD,2026-02-14,2,Northside Health,seasonal spike expected
MD,2026-02-14,2,Community Care,
ID,2026-02-14,1,Northside Health,telehealth ok
ID,2026-02-14,5,Community Care,
ID,2026-02-14,2,Downtown Clinic,telehealth ok
ND,2026-02-14,5,Downtown Clinic,seasonal spike expected
ND,2026-02-14,3,Lakeview Clinic,telehealth ok
ND,2026-02-14,5,Northside Health,
KS,2026-02-14,1,Lakeview Clinic,
KS,2026-02-14,3,Community Care,telehealth ok
KS,2026-02-14,1,Northside Health,seasonal spike expected
VT,2026-02-14,1,Lakeview Clinic,
VT,2026-02-14,2,Downtown Clinic,telehealth ok
VT,2026-02-14,1,Northside Health,telehealth ok
MI,2026-02-14,1,Northside Health,telehealth ok
MI,2026-02-14,5,Riverstone Medical,telehealth ok
MI,2026-02-14,5,Downtown Clinic,
NY,2026-02-14,4,Community Care,telehealth ok
NY,2026-02-14,5,Lakeview Clinic,telehealth ok
NY,2026-02-14,6,Northside Health,
UT,2026-02-14,3,Lakeview Clinic,telehealth ok
UT,2026-02-14,5,Riverstone Medical,telehealth ok
UT,2026-02-14,2,Northside Health,
TX,2026-02-14,4,Northside Health,seasonal spike expected
TX,2026-02-14,2,Community Care,telehealth ok
TX,2026-02-14,2,Riverstone Medical,
LA,2026-02-14,3,Northside Health,seasonal spike expected
LA,2026-02-14,2,Riverstone Medical,seasonal spike expected
LA,2026-02-14,3,Downtown Clinic,
WV,2026-02-14,2,Northside Health,telehealth ok
WV,2026-02-14,1,Community Care,telehealth ok
WV,2026-02-14,5,Riverstone Medical,
NJ,2026-02-14,3,Community Care,
NJ,2026-02-14,2,Downtown Clinic,
NJ,2026-02-14,1,Riverstone Medical,seasonal spike expected
NM,2026-02-14,5,Lakeview Clinic,
NM,2026-02-14,1,Riverstone Medical,telehealth ok
NM,2026-02-14,1,Community Care,seasonal spike expected
MN,2026-02-14,5,Riverstone Medical,
MN,2026-02-14,1,Northside Health,seasonal spike expected
MN,2026-02-14,4,Lakeview Clinic,seasonal spike expected
MS,2026-02-14,4,Riverstone Medical,telehealth ok
MS,2026-02-14,3,Northside Health,
MS,2026-02-14,2,Lakeview Clinic,
VA,2026-02-14,4,Lakeview Clinic,
VA,2026-02-14,4,Downtown Clinic,seasonal spike expected
VA,2026-02-14,3,Northside Health,telehealth ok
AR,2026-02-14,4,Riverstone Medical,
AR,2026-02-14,2,Lakeview Clinic,
AR,2026-02-14,3,Northside Health,telehealth ok
WY,2026-02-15,4,Riverstone Medical,seasonal spike expected
WY,2026-02-15,1,Northside Health,seasonal spike expected
WY,2026-02-15,1,Lakeview Clinic,
OR,2026-02-15,3,Community Care,telehealth ok
OR,2026-02-15,4,Riverstone Medical,seasonal spike expected
OR,2026-02-15,2,Lakeview Clinic,telehealth ok
CA,2026-02-15,3,Community Care,
CA,2026-02-15,2,Northside Health,seasonal spike expected
CA,2026-02-15,4,Riverstone Medical,telehealth ok
GA,2026-02-15,4,Riverstone Medical,telehealth ok
GA,2026-02-15,1,Lakeview Clinic,seasonal spike expected
GA,2026-02-15,5,Downtown Clinic,seasonal spike expected
AK,2026-02-15,4,Lakeview Clinic,seasonal spike expected
AK,2026-02-15,1,Riverstone Medical,
AK,2026-02-15,2,Northside Health,seasonal spike expected
HI,2026-02-15,4,Northside Health,telehealth ok
HI,2026-02-15,2,Community Care,seasonal spike expected
HI,2026-02-15,1,Lakeview Clinic,telehealth ok
PA,2026-02-15,2,Riverstone Medical,telehealth ok
PA,2026-02-15,4,Community Care,seasonal spike expected
PA,2026-02-15,3,Downtown Clinic,seasonal spike expected
AZ,2026-02-15,3,Riverstone Medical,telehealth ok
AZ,2026-02-15,3,Community Care,seasonal spike expected
AZ,2026-02-15,4,Lakeview Clinic,seasonal spike expected
RI,2026-02-15,4,Riverstone Medical,telehealth ok
RI,2026-02-15,3,Downtown Clinic,seasonal spike expected
RI,2026-02-15,3,Northside Health,seasonal spike expected
NC,2026-02-15,5,Riverstone Medical,
NC,2026-02-15,3,Downtown Clinic,seasonal spike expected
NC,2026-02-15,3,Northside Health,telehealth ok
TN,2026-02-15,3,Community Care,telehealth ok
TN,2026-02-15,5,Lakeview Clinic,
TN,2026-02-15,5,Riverstone Medical,
IL,2026-02-15,3,Riverstone Medical,seasonal spike expected
IL,2026-02-15,3,Northside Health,seasonal spike expected
IL,2026-02-15,4,Community Care,telehealth ok
NH,2026-02-15,4,Riverstone Medical,
NH,2026-02-15,1,Lakeview Clinic,telehealth ok
NH,2026-02-15,3,Northside Health,telehealth ok
FL,2026-02-15,4,Lakeview Clinic,seasonal spike expected
FL,2026-02-15,5,Community Care,telehealth ok
FL,2026-02-15,6,Downtown Clinic,
MT,2026-02-15,1,Lakeview Clinic,telehealth ok
MT,2026-02-15,3,Community Care,telehealth ok
MT,2026-02-15,4,Downtown Clinic,seasonal spike expected
NE,2026-02-15,5,Lakeview Clinic,telehealth ok
NE,2026-02-15,1,Downtown Clinic,
NE,2026-02-15,4,Riverstone Medical,
CT,2026-02-15,2,Downtown Clinic,telehealth ok
CT,2026-02-15,2,Community Care,
CT,2026-02-15,2,Lakeview Clinic,seasonal spike expected
AL,2026-02-15,2,Lakeview Clinic,
AL,2026-02-15,5,Riverstone Medical,telehealth ok
AL,2026-02-15,4,Downtown Clinic,
MD,2026-02-15,3,Downtown Clinic,telehealth ok
MD,2026-02-15,5,Lakeview Clinic,
MD,2026-02-15,5,Northside Health,telehealth ok
ID,2026-02-15,1,Riverstone Medical,
ID,2026-02-15,4,Northside Health,seasonal spike expected
ID,2026-02-15,1,Downtown Clinic,
ND,2026-02-15,3,Downtown Clinic,seasonal spike expected
ND,2026-02-15,3,Riverstone Medical,
ND,2026-02-15,2,Lakeview Clinic,telehealth ok
KS,2026-02-15,4,Riverstone Medical,seasonal spike expected
KS,2026-02-15,2,Lakeview Clinic,
KS,2026-02-15,3,Downtown Clinic,
VT,2026-02-15,1,Downtown Clinic,telehealth ok
VT,2026-02-15,4,Northside Health,telehealth ok
VT,2026-02-15,2,Riverstone Medical,telehealth ok
MI,2026-02-15,2,Community Care,
MI,2026-02-15,3,Lakeview Clinic,telehealth ok
MI,2026-02-15,2,Downtown Clinic,seasonal spike expected
NY,2026-02-15,5,Downtown Clinic,telehealth ok
NY,2026-02-15,6,Community Care,seasonal spike expected
NY,2026-02-15,6,Northside Health,telehealth ok
UT,2026-02-15,2,Riverstone Medical,telehealth ok
UT,2026-02-15,2,Downtown Clinic,seasonal spike expected
UT,2026-02-15,5,Northside Health,
TX,2026-02-15,4,Community Care,
TX,2026-02-15,2,Northside Health,telehealth ok
TX,2026-02-15,3,Downtown Clinic,seasonal spike expected
LA,2026-02-15,5,Downtown Clinic,telehealth ok
LA,2026-02-15,5,Community Care,telehealth ok
LA,2026-02-15,1,Northside Health,
WV,2026-02-15,3,Lakeview Clinic,
WV,2026-02-15,5,Downtown Clinic,seasonal spike expected
WV,2026-02-15,4,Community Care,telehealth ok
NJ,2026-02-15,5,Downtown Clinic,
NJ,2026-02-15,4,Riverstone Medical,seasonal spike expected
NJ,2026-02-15,1,Northside Health,telehealth ok
NM,2026-02-15,5,Northside Health,seasonal spike expected
NM,2026-02-15,4,Downtown Clinic,seasonal spike expected
NM,2026-02-15,3,Community Care,telehealth ok
MN,2026-02-15,1,Northside Health,telehealth ok
MN,2026-02-15,5,Downtown Clinic,telehealth ok
MN,2026-02-15,1,Community Care,telehealth ok
MS,2026-02-15,3,Downtown Clinic,seasonal spike expected
MS,2026-02-15,4,Riverstone Medical,telehealth ok
MS,2026-02-15,2,Lakeview Clinic,seasonal spike expected
VA,2026-02-15,3,Northside Health,telehealth ok
VA,2026-02-15,5,Community Care,telehealth ok
VA,2026-02-15,1,Riverstone Medical,seasonal spike expected
AR,2026-02-15,2,Northside Health,seasonal spike expected
AR,2026-02-15,5,Downtown Clinic,
AR,2026-02-15,2,Community Care,seasonal spike expected
WY,2026-02-16,4,Community Care,
WY,2026-02-16,2,Lakeview Clinic,telehealth ok
WY,2026-02-16,4,Downtown Clinic,
OR,2026-02-16,4,Lakeview Clinic,telehealth ok
OR,2026-02-16,4,Northside Health,seasonal spike expected
OR,2026-02-16,4,Community Care,telehealth ok
CA,2026-02-16,3,Community Care,telehealth ok
CA,2026-02-16,5,Lakeview Clinic,telehealth ok
CA,2026-02-16,6,Downtown Clinic,seasonal spike expected
GA,2026-02-16,5,Northside Health,seasonal spike expected
GA,2026-02-16,6,Community Care,seasonal spike expected
GA,2026-02-16,2,Riverstone Medical,seasonal spike expected
AK,2026-02-16,5,Lakeview Clinic,
AK,2026-02-16,3,Northside Health,
AK,2026-02-16,3,Downtown Clinic,
HI,2026-02-16,5,Downtown Clinic,telehealth ok
HI,2026-02-16,5,Riverstone Medical,seasonal spike expected
HI,2026-02-16,4,Northside Health,seasonal spike expected
PA,2026-02-16,5,Northside Health,telehealth ok
PA,2026-02-16,6,Riverstone Medical,
PA,2026-02-16,3,Downtown Clinic,seasonal spike expected
AZ,2026-02-16,6,Northside Health,seasonal spike expected
AZ,2026-02-16,5,Lakeview Clinic,telehealth ok
AZ,2026-02-16,5,Riverstone Medical,
RI,2026-02-16,5,Northside Health,telehealth ok
RI,2026-02-16,5,Community Care,
RI,2026-02-16,3,Lakeview Clinic,
NC,2026-02-16,2,Northside Health,telehealth ok
NC,2026-02-16,6,Downtown Clinic,
NC,2026-02-16,6,Riverstone Medical,telehealth ok
TN,2026-02-16,4,Lakeview Clinic,seasonal spike expected
TN,2026-02-16,3,Downtown Clinic,seasonal spike expected
TN,2026-02-16,4,Riverstone Medical,telehealth ok
IL,2026-02-16,4,Downtown Clinic,telehealth ok
IL,2026-02-16,6,Lakeview Clinic,telehealth ok
IL,2026-02-16,4,Northside Health,seasonal spike expected
NH,2026-02-16,5,Northside Health,seasonal spike expected
NH,2026-02-16,5,Downtown Clinic,
NH,2026-02-16,3,Lakeview Clinic,seasonal spike expected
FL,2026-02-16,5,Community Care,
FL,2026-02-16,7,Lakeview Clinic,telehealth ok
FL,2026-02-16,5,Riverstone Medical,telehealth ok
MT,2026-02-16,3,Northside Health,seasonal spike expected
MT,2026-02-16,3,Lakeview Clinic,telehealth ok
MT,2026-02-16,5,Downtown Clinic,
NE,2026-02-16,4,Community Care,telehealth ok
NE,2026-02-16,6,Northside Health,
NE,2026-02-16,3,Lakeview Clinic,
CT,2026-02-16,4,Northside Health,telehealth ok
CT,2026-02-16,5,Riverstone Medical,
CT,2026-02-16,6,Community Care,seasonal spike expected
AL,2026-02-16,6,Lakeview Clinic,telehealth ok
AL,2026-02-16,3,Downtown Clinic,seasonal spike expected
AL,2026-02-16,3,Community Care,
MD,2026-02-16,5,Downtown Clinic,seasonal spike expected
MD,2026-02-16,3,Riverstone Medical,seasonal spike expected
MD,2026-02-16,4,Northside Health,seasonal spike expected
ID,2026-02-16,2,Downtown Clinic,
ID,2026-02-16,4,Community Care,
ID,2026-02-16,6,Northside Health,telehealth ok
ND,2026-02-16,4,Northside Health,telehealth ok
ND,2026-02-16,3,Community Care,telehealth ok
ND,2026-02-16,5,Downtown Clinic,telehealth ok
KS,2026-02-16,3,Community Care,
KS,2026-02-16,2,Lakeview Clinic,telehealth ok
KS,2026-02-16,4,Northside Health,seasonal spike expected
VT,2026-02-16,6,Community Care,telehealth ok
VT,2026-02-16,6,Lakeview Clinic,
VT,2026-02-16,6,Downtown Clinic,telehealth ok
MI,2026-02-16,5,Lakeview Clinic,telehealth ok
MI,2026-02-16,3,Downtown Clinic,telehealth ok
MI,2026-02-16,4,Community Care,
NY,2026-02-16,6,Northside Health,
NY,2026-02-16,4,Lakeview Clinic,telehealth ok
NY,2026-02-16,3,Riverstone Medical,telehealth ok
UT,2026-02-16,6,Riverstone Medical,
UT,2026-02-16,5,Community Care,
UT,2026-02-16,6,Downtown Clinic,seasonal spike expected
TX,2026-02-16,7,Riverstone Medical,
TX,2026-02-16,4,Northside Health,telehealth ok
TX,2026-02-16,4,Community Care,telehealth ok
LA,2026-02-16,5,Northside Health,seasonal spike expected
LA,2026-02-16,2,Riverstone Medical,seasonal spike expected
LA,2026-02-16,2,Lakeview Clinic,telehealth ok
WV,2026-02-16,2,Lakeview Clinic,telehealth ok
WV,2026-02-16,5,Riverstone Medical,telehealth ok
WV,2026-02-16,5,Community Care,
NJ,2026-02-16,5,Downtown Clinic,
NJ,2026-02-16,5,Riverstone Medical,telehealth ok
NJ,2026-02-16,2,Community Care,
NM,2026-02-16,3,Northside Health,
NM,2026-02-16,6,Community Care,telehealth ok
NM,2026-02-16,5,Lakeview Clinic,
MN,2026-02-16,5,Lakeview Clinic,
MN,2026-02-16,2,Community Care,
MN,2026-02-16,6,Northside Health,telehealth ok
MS,2026-02-16,6,Lakeview Clinic,
MS,2026-02-16,4,Community Care,seasonal spike expected
MS,2026-02-16,2,Riverstone Medical,
VA,2026-02-16,6,Downtown Clinic,seasonal spike expected
VA,2026-02-16,4,Riverstone Medical,telehealth ok
VA,2026-02-16,4,Lakeview Clinic,seasonal spike expected
AR,2026-02-16,2,Northside Health,
AR,2026-02-16,2,Riverstone Medical,seasonal spike expected
AR,2026-02-16,4,Community Care,telehealth ok
WY,2026-02-17,6,Lakeview Clinic,seasonal spike expected
WY,2026-02-17,6,Community Care,telehealth ok
WY,2026-02-17,2,Riverstone Medical,seasonal spike expected
OR,2026-02-17,6,Lakeview Clinic,seasonal spike expected
OR,2026-02-17,3,Northside Health,seasonal spike expected
OR,2026-02-17,2,Community Care,seasonal spike expected
CA,2026-02-17,4,Community Care,
CA,2026-02-17,4,Downtown Clinic,seasonal spike expected
CA,2026-02-17,5,Northside Health,telehealth ok
GA,2026-02-17,5,Riverstone Medical,seasonal spike expected
GA,2026-02-17,6,Community Care,seasonal spike expected
GA,2026-02-17,5,Downtown Clinic,
AK,2026-02-17,5,Northside Health,
AK,2026-02-17,2,Lakeview Clinic,telehealth ok
AK,2026-02-17,3,Riverstone Medical,seasonal spike expected
HI,2026-02-17,6,Riverstone Medical,
HI,2026-02-17,3,Northside Health,
HI,2026-02-17,5,Lakeview Clinic,
PA,2026-02-17,5,Lakeview Clinic,
PA,2026-02-17,6,Community Care,
PA,2026-02-17,5,Northside Health,telehealth ok
AZ,2026-02-17,4,Riverstone Medical,
AZ,2026-02-17,5,Northside Health,
AZ,2026-02-17,2,Lakeview Clinic,
RI,2026-02-17,3,Lakeview Clinic,seasonal spike expected
RI,2026-02-17,3,Community Care,
RI,2026-02-17,2,Northside Health,
NC,2026-02-17,5,Community Care,telehealth ok
NC,2026-02-17,3,Downtown Clinic,seasonal spike expected
NC,2026-02-17,2,Northside Health,
TN,2026-02-17,4,Northside Health,seasonal spike expected
TN,2026-02-17,6,Community Care,telehealth ok
TN,2026-02-17,3,Lakeview Clinic,
IL,2026-02-17,5,Riverstone Medical,telehealth ok
IL,2026-02-17,2,Community Care,telehealth ok
IL,2026-02-17,2,Lakeview Clinic,telehealth ok
NH,2026-02-17,5,Downtown Clinic,seasonal spike expected
NH,2026-02-17,2,Community Care,
NH,2026-02-17,2,Northside Health,
FL,2026-02-17,6,Community Care,
FL,2026-02-17,3,Downtown Clinic,seasonal spike expected
FL,2026-02-17,4,Northside Health,
MT,2026-02-17,6,Riverstone Medical,seasonal spike expected
MT,2026-02-17,6,Lakeview Clinic,telehealth ok
MT,2026-02-17,2,Community Care,
NE,2026-02-17,4,Riverstone Medical,telehealth ok
NE,2026-02-17,6,Downtown Clinic,telehealth ok
NE,2026-02-17,3,Northside Health,
CT,2026-02-17,3,Downtown Clinic,seasonal spike expected
CT,2026-02-17,5,Lakeview Clinic,seasonal spike expected
CT,2026-02-17,2,Community Care,telehealth ok
AL,2026-02-17,5,Downtown Clinic,telehealth ok
AL,2026-02-17,3,Riverstone Medical,telehealth ok
AL,2026-02-17,2,Community Care,
MD,2026-02-17,6,Downtown Clinic,seasonal spike expected
MD,2026-02-17,3,Community Care,
MD,2026-02-17,6,Lakeview Clinic,seasonal spike expected
ID,2026-02-17,6,Lakeview Clinic,
ID,2026-02-17,3,Community Care,telehealth ok
ID,2026-02-17,4,Northside Health,
ND,2026-02-17,3,Downtown Clinic,seasonal spike expected
ND,2026-02-17,3,Lakeview Clinic,telehealth ok
ND,2026-02-17,5,Riverstone Medical,
KS,2026-02-17,3,Riverstone Medical,seasonal spike expected
KS,2026-02-17,6,Downtown Clinic,seasonal spike expected
KS,2026-02-17,3,Community Care,seasonal spike expected
VT,2026-02-17,5,Lakeview Clinic,
VT,2026-02-17,6,Community Care,telehealth ok
VT,2026-02-17,2,Northside Health,telehealth ok
MI,2026-02-17,3,Riverstone Medical,seasonal spike expected
MI,2026-02-17,2,Community Care,seasonal spike expected
MI,2026-02-17,3,Northside Health,
NY,2026-02-17,7,Lakeview Clinic,telehealth ok
NY,2026-02-17,5,Community Care,telehealth ok
NY,2026-02-17,5,Downtown Clinic,
UT,2026-02-17,3,Northside Health,
UT,2026-02-17,2,Riverstone Medical,telehealth ok
UT,2026-02-17,5,Community Care,telehealth ok
TX,2026-02-17,4,Lakeview Clinic,telehealth ok
TX,2026-02-17,3,Community Care,seasonal spike expected
TX,2026-02-17,4,Riverstone Medical,
LA,2026-02-17,2,Northside Health,seasonal spike expected
LA,2026-02-17,4,Downtown Clinic,seasonal spike expected
LA,2026-02-17,6,Community Care,
WV,2026-02-17,2,Lakeview Clinic,seasonal spike expected
WV,2026-02-17,3,Northside Health,seasonal spike expected
WV,2026-02-17,4,Riverstone Medical,telehealth ok
NJ,2026-02-17,4,Lakeview Clinic,telehealth ok
NJ,2026-02-17,2,Northside Health,seasonal spike expected
NJ,2026-02-17,5,Community Care,
NM,2026-02-17,4,Downtown Clinic,
NM,2026-02-17,5,Community Care,seasonal spike expected
NM,2026-02-17,6,Riverstone Medical,
MN,2026-02-17,3,Northside Health,seasonal spike expected
MN,2026-02-17,4,Downtown Clinic,
MN,2026-02-17,3,Riverstone Medical,
MS,2026-02-17,3,Northside Health,telehealth ok
MS,2026-02-17,5,Community Care,
MS,2026-02-17,2,Riverstone Medical,
VA,2026-02-17,3,Northside Health,seasonal spike expected
VA,2026-02-17,2,Riverstone Medical,telehealth ok
VA,2026-02-17,6,Lakeview Clinic,telehealth ok
AR,2026-02-17,4,Northside Health,seasonal spike expected
AR,2026-02-17,2,Lakeview Clinic,
AR,2026-02-17,2,Riverstone Medical,telehealth ok
WY,2026-02-18,6,Riverstone Medical,
WY,2026-02-18,5,Lakeview Clinic,
WY,2026-02-18,3,Community Care,seasonal spike expected
OR,2026-02-18,6,Northside Health,seasonal spike expected
OR,2026-02-18,3,Community Care,
OR,2026-02-18,5,Riverstone Medical,seasonal spike expected
CA,2026-02-18,4,Lakeview Clinic,seasonal spike expected
CA,2026-02-18,7,Community Care,seasonal spike expected
CA,2026-02-18,4,Northside Health,
GA,2026-02-18,4,Downtown Clinic,
GA,2026-02-18,3,Community Care,seasonal spike expected
GA,2026-02-18,3,Lakeview Clinic,
AK,2026-02-18,5,Lakeview Clinic,telehealth ok
AK,2026-02-18,4,Northside Health,seasonal spike expected
AK,2026-02-18,2,Riverstone Medical,telehealth ok
HI,2026-02-18,6,Lakeview Clinic,
HI,2026-02-18,6,Riverstone Medical,telehealth ok
HI,2026-02-18,6,Northside Health,
PA,2026-02-18,3,Lakeview Clinic,telehealth ok
PA,2026-02-18,4,Riverstone Medical,
PA,2026-02-18,3,Northside Health,
AZ,2026-02-18,3,Community Care,
AZ,2026-02-18,4,Riverstone Medical,seasonal spike expected
AZ,2026-02-18,5,Lakeview Clinic,
RI,2026-02-18,4,Lakeview Clinic,
RI,2026-02-18,6,Northside Health,
RI,2026-02-18,6,Community Care,
NC,2026-02-18,4,Community Care,
NC,2026-02-18,6,Lakeview Clinic,
NC,2026-02-18,5,Northside Health,telehealth ok
TN,2026-02-18,2,Community Care,
TN,2026-02-18,3,Riverstone Medical,
TN,2026-02-18,4,Lakeview Clinic,telehealth ok
IL,2026-02-18,3,Northside Health,telehealth ok
IL,2026-02-18,5,Lakeview Clinic,seasonal spike expected
IL,2026-02-18,5,Community Care,seasonal spike expected
NH,2026-02-18,5,Northside Health,telehealth ok
NH,2026-02-18,2,Lakeview Clinic,telehealth ok
NH,2026-02-18,5,Downtown Clinic,
FL,2026-02-18,5,Downtown Clinic,telehealth ok
FL,2026-02-18,6,Lakeview Clinic,telehealth ok
FL,2026-02-18,5,Northside Health,seasonal spike expected
MT,2026-02-18,5,Lakeview Clinic,
MT,2026-02-18,4,Riverstone Medical,
MT,2026-02-18,2,Downtown Clinic,
NE,2026-02-18,4,Community Care,telehealth ok
NE,2026-02-18,5,Lakeview Clinic,seasonal spike expected
NE,2026-02-18,6,Riverstone Medical,
CT,2026-02-18,2,Northside Health,
CT,2026-02-18,2,Riverstone Medical,telehealth ok
CT,2026-02-18,6,Downtown Clinic,
AL,2026-02-18,3,Community Care,seasonal spike expected
AL,2026-02-18,6,Lakeview Clinic,seasonal spike expected
AL,2026-02-18,2,Riverstone Medical,telehealth ok
MD,2026-02-18,4,Riverstone Medical,telehealth ok
MD,2026-02-18,6,Lakeview Clinic,
MD,2026-02-18,3,Downtown Clinic,seasonal spike expected
ID,2026-02-18,5,Downtown Clinic,
ID,2026-02-18,3,Community Care,telehealth ok
ID,2026-02-18,3,Riverstone Medical,telehealth ok
ND,2026-02-18,5,Lakeview Clinic,telehealth ok
ND,2026-02-18,6,Riverstone Medical,seasonal spike expected
ND,2026-02-18,5,Downtown Clinic,
KS,2026-02-18,3,Northside Health,telehealth ok
KS,2026-02-18,4,Lakeview Clinic,telehealth ok
KS,2026-02-18,4,Community Care,seasonal spike expected
VT,2026-02-18,3,Downtown Clinic,
VT,2026-02-18,3,Northside Health,seasonal spike expected
VT,2026-02-18,2,Community Care,seasonal spike expected
MI,2026-02-18,3,Riverstone Medical,seasonal spike expected
MI,2026-02-18,5,Lakeview Clinic,
MI,2026-02-18,6,Downtown Clinic,seasonal spike expected
NY,2026-02-18,6,Community Care,
NY,2026-02-18,7,Northside Health,seasonal spike expected
NY,2026-02-18,3,Riverstone Medical,seasonal spike expected
UT,2026-02-18,5,Northside Health,seasonal spike expected
UT,2026-02-18,3,Riverstone Medical,telehealth ok
UT,2026-02-18,6,Community Care,
TX,2026-02-18,7,Northside Health,
TX,2026-02-18,4,Riverstone Medical,
TX,2026-02-18,5,Lakeview Clinic,seasonal spike expected
LA,2026-02-18,5,Lakeview Clinic,
LA,2026-02-18,6,Downtown Clinic,telehealth ok
LA,2026-02-18,5,Northside Health,telehealth ok
WV,2026-02-18,2,Riverstone Medical,seasonal spike expected
WV,2026-02-18,5,Northside Health,seasonal spike expected
WV,2026-02-18,3,Downtown Clinic,
NJ,2026-02-18,6,Downtown Clinic,
NJ,2026-02-18,2,Riverstone Medical,telehealth ok
NJ,2026-02-18,5,Lakeview Clinic,seasonal spike expected
NM,2026-02-18,5,Community Care,telehealth ok
NM,2026-02-18,4,Riverstone Medical,seasonal spike expected
NM,2026-02-18,4,Lakeview Clinic,seasonal spike expected
MN,2026-02-18,6,Northside Health,
MN,2026-02-18,2,Riverstone Medical,seasonal spike expected
MN,2026-02-18,5,Community Care,seasonal spike expected
MS,2026-02-18,2,Downtown Clinic,telehealth ok
MS,2026-02-18,2,Lakeview Clinic,
MS,2026-02-18,5,Riverstone Medical,telehealth ok
VA,2026-02-18,6,Northside Health,telehealth ok
VA,2026-02-18,4,Downtown Clinic,telehealth ok
VA,2026-02-18,4,Riverstone Medical,seasonal spike expected
AR,2026-02-18,5,Lakeview Clinic,
AR,2026-02-18,5,Riverstone Medical,seasonal spike expected
AR,2026-02-18,3,Community Care,
WY,2026-02-19,4,Northside Health,telehealth ok
WY,2026-02-19,5,Riverstone Medical,telehealth ok
WY,2026-02-19,4,Community Care,seasonal spike expected
OR,2026-02-19,2,Community Care,seasonal spike expected
OR,2026-02-19,4,Downtown Clinic,seasonal spike expected
OR,2026-02-19,5,Riverstone Medical,telehealth ok
CA,2026-02-19,4,Downtown Clinic,seasonal spike expected
CA,2026-02-19,6,Northside Health,
CA,2026-02-19,4,Community Care,seasonal spike expected
GA,2026-02-19,3,Downtown Clinic,
GA,2026-02-19,6,Riverstone Medical,seasonal spike expected
GA,2026-02-19,4,Lakeview Clinic,seasonal spike expected
AK,2026-02-19,5,Riverstone Medical,
AK,2026-02-19,3,Northside Health,telehealth ok
AK,2026-02-19,2,Lakeview Clinic,
HI,2026-02-19,3,Downtown Clinic,telehealth ok
HI,2026-02-19,4,Lakeview Clinic,seasonal spike expected
HI,2026-02-19,5,Riverstone Medical,
PA,2026-02-19,5,Community Care,
PA,2026-02-19,5,Riverstone Medical,seasonal spike expected
PA,2026-02-19,3,Lakeview Clinic,telehealth ok
AZ,2026-02-19,3,Northside Health,
AZ,2026-02-19,5,Community Care,
AZ,2026-02-19,2,Downtown Clinic,telehealth ok
RI,2026-02-19,4,Downtown Clinic,telehealth ok
RI,2026-02-19,2,Community Care,telehealth ok
RI,2026-02-19,6,Northside Health,telehealth ok
NC,2026-02-19,6,Northside Health,
NC,2026-02-19,6,Lakeview Clinic,
NC,2026-02-19,6,Community Care,
TN,2026-02-19,5,Lakeview Clinic,telehealth ok
TN,2026-02-19,5,Northside Health,seasonal spike expected
TN,2026-02-19,2,Downtown Clinic,seasonal spike expected
IL,2026-02-19,3,Lakeview Clinic,
IL,2026-02-19,4,Riverstone Medical,seasonal spike expected
IL,2026-02-19,3,Downtown Clinic,seasonal spike expected
NH,2026-02-19,6,Community Care,
NH,2026-02-19,5,Northside Health,telehealth ok
NH,2026-02-19,4,Downtown Clinic,telehealth ok
FL,2026-02-19,6,Lakeview Clinic,seasonal spike expected
FL,2026-02-19,6,Community Care,
FL,2026-02-19,5,Northside Health,seasonal spike expected
MT,2026-02-19,2,Lakeview Clinic,seasonal spike expected
MT,2026-02-19,6,Riverstone Medical,
MT,2026-02-19,4,Community Care,seasonal spike expected
NE,2026-02-19,3,Riverstone Medical,
NE,2026-02-19,3,Lakeview Clinic,
NE,2026-02-19,3,Community Care,telehealth ok
CT,2026-02-19,4,Downtown Clinic,seasonal spike expected
CT,2026-02-19,5,Community Care,
CT,2026-02-19,2,Lakeview Clinic,seasonal spike expected
AL,2026-02-19,2,Riverstone Medical,telehealth ok
AL,2026-02-19,6,Northside Health,
AL,2026-02-19,3,Downtown Clinic,
MD,2026-02-19,2,Northside Health,telehealth ok
MD,2026-02-19,3,Downtown Clinic,
MD,2026-02-19,3,Lakeview Clinic,seasonal spike expected
ID,2026-02-19,3,Riverstone Medical,seasonal spike expected
ID,2026-02-19,2,Downtown Clinic,
ID,2026-02-19,2,Lakeview Clinic,seasonal spike expected
ND,2026-02-19,2,Riverstone Medical,
ND,2026-02-19,2,Northside Health,
ND,2026-02-19,6,Downtown Clinic,
KS,2026-02-19,4,Northside Health,telehealth ok
KS,2026-02-19,2,Lakeview Clinic,telehealth ok
KS,2026-02-19,5,Riverstone Medical,
VT,2026-02-19,5,Lakeview Clinic,telehealth ok
VT,2026-02-19,3,Northside Health,
VT,2026-02-19,3,Community Care,
MI,2026-02-19,3,Community Care,seasonal spike expected
MI,2026-02-19,3,Lakeview Clinic,telehealth ok
MI,2026-02-19,5,Riverstone Medical,
NY,2026-02-19,3,Community Care,seasonal spike expected
NY,2026-02-19,3,Northside Health,telehealth ok
NY,2026-02-19,4,Lakeview Clinic,telehealth ok
UT,2026-02-19,3,Community Care,seasonal spike expected
UT,2026-02-19,4,Lakeview Clinic,seasonal spike expected
UT,2026-02-19,2,Riverstone Medical,telehealth ok
TX,2026-02-19,5,Lakeview Clinic,telehealth ok
TX,2026-02-19,6,Riverstone Medical,telehealth ok
TX,2026-02-19,4,Community Care,telehealth ok
LA,2026-02-19,5,Northside Health,seasonal spike expected
LA,2026-02-19,2,Riverstone Medical,
LA,2026-02-19,4,Community Care,telehealth ok
WV,2026-02-19,3,Northside Health,
WV,2026-02-19,4,Community Care,
WV,2026-02-19,5,Riverstone Medical,seasonal spike expected
NJ,2026-02-19,6,Community Care,telehealth ok
NJ,2026-02-19,3,Northside Health,
NJ,2026-02-19,3,Lakeview Clinic,seasonal spike expected
NM,2026-02-19,5,Lakeview Clinic,seasonal spike expected
NM,2026-02-19,5,Northside Health,seasonal spike expected
NM,2026-02-19,3,Downtown Clinic,
MN,2026-02-19,4,Riverstone Medical,telehealth ok
MN,2026-02-19,5,Northside Health,seasonal spike expected
MN,2026-02-19,6,Downtown Clinic,
MS,2026-02-19,6,Lakeview Clinic,seasonal spike expected
MS,2026-02-19,6,Riverstone Medical,telehealth ok
MS,2026-02-19,3,Community Care,telehealth ok
VA,2026-02-19,3,Downtown Clinic,seasonal spike expected
VA,2026-02-19,3,Community Care,
VA,2026-02-19,4,Northside Health,
AR,2026-02-19,3,Downtown Clinic,
AR,2026-02-19,6,Community Care,telehealth ok
AR,2026-02-19,4,Lakeview Clinic,
WY,2026-02-20,3,Downtown Clinic,seasonal spike expected
WY,2026-02-20,6,Northside Health,
WY,2026-02-20,6,Community Care,telehealth ok
OR,2026-02-20,4,Lakeview Clinic,telehealth ok
OR,2026-02-20,2,Riverstone Medical,seasonal spike expected
OR,2026-02-20,6,Northside Health,
CA,2026-02-20,7,Northside Health,seasonal spike expected
CA,2026-02-20,6,Community Care,telehealth ok
CA,2026-02-20,7,Riverstone Medical,telehealth ok
GA,2026-02-20,6,Riverstone Medical,telehealth ok
GA,2026-02-20,2,Northside Health,
GA,2026-02-20,4,Downtown Clinic,
AK,2026-02-20,3,Lakeview Clinic,telehealth ok
AK,2026-02-20,5,Community Care,telehealth ok
AK,2026-02-20,3,Downtown Clinic,
HI,2026-02-20,4,Lakeview Clinic,telehealth ok
HI,2026-02-20,3,Downtown Clinic,telehealth ok
HI,2026-02-20,3,Community Care,telehealth ok
PA,2026-02-20,2,Riverstone Medical,telehealth ok
PA,2026-02-20,4,Northside Health,seasonal spike expected
PA,2026-02-20,4,Downtown Clinic,telehealth ok
AZ,2026-02-20,2,Downtown Clinic,telehealth ok
AZ,2026-02-20,6,Northside Health,seasonal spike expected
AZ,2026-02-20,5,Riverstone Medical,telehealth ok
RI,2026-02-20,5,Community Care,
RI,2026-02-20,5,Riverstone Medical,telehealth ok
RI,2026-02-20,5,Lakeview Clinic,telehealth ok
NC,2026-02-20,6,Riverstone Medical,
NC,2026-02-20,2,Downtown Clinic,
NC,2026-02-20,2,Lakeview Clinic,
TN,2026-02-20,4,Riverstone Medical,telehealth ok
TN,2026-02-20,4,Community Care,seasonal spike expected
TN,2026-02-20,6,Downtown Clinic,telehealth ok
IL,2026-02-20,2,Riverstone Medical,
IL,2026-02-20,5,Downtown Clinic,seasonal spike expected
IL,2026-02-20,3,Northside Health,telehealth ok
NH,2026-02-20,6,Northside Health,telehealth ok
NH,2026-02-20,3,Riverstone Medical,
NH,2026-02-20,5,Lakeview Clinic,telehealth ok
FL,2026-02-20,7,Northside Health,telehealth ok
FL,2026-02-20,3,Community Care,
FL,2026-02-20,4,Lakeview Clinic,
MT,2026-02-20,5,Riverstone Medical,
MT,2026-02-20,5,Lakeview Clinic,
MT,2026-02-20,3,Northside Health,
NE,2026-02-20,5,Downtown Clinic,seasonal spike expected
NE,2026-02-20,2,Riverstone Medical,
NE,2026-02-20,5,Lakeview Clinic,telehealth ok
CT,2026-02-20,3,Downtown Clinic,seasonal spike expected
CT,2026-02-20,6,Community Care,telehealth ok
CT,2026-02-20,5,Riverstone Medical,telehealth ok
AL,2026-02-20,6,Riverstone Medical,
AL,2026-02-20,4,Downtown Clinic,seasonal spike expected
AL,2026-02-20,4,Lakeview Clinic,
MD,2026-02-20,5,Lakeview Clinic,
MD,2026-02-20,5,Northside Health,telehealth ok
MD,2026-02-20,5,Community Care,telehealth ok
ID,2026-02-20,4,Lakeview Clinic,telehealth ok
ID,2026-02-20,2,Downtown Clinic,
ID,2026-02-20,3,Northside Health,seasonal spike expected
ND,2026-02-20,6,Northside Health,seasonal spike expected
ND,2026-02-20,6,Community Care,telehealth ok
ND,2026-02-20,2,Lakeview Clinic,telehealth ok
KS,2026-02-20,2,Community Care,seasonal spike expected
KS,2026-02-20,4,Northside Health,seasonal spike expected
KS,2026-02-20,5,Riverstone Medical,seasonal spike expected
VT,2026-02-20,6,Northside Health,
VT,2026-02-20,6,Lakeview Clinic,
VT,2026-02-20,3,Riverstone Medical,seasonal spike expected
MI,2026-02-20,2,Community Care,seasonal spike expected
MI,2026-02-20,3,Downtown Clinic,telehealth ok
MI,2026-02-20,3,Lakeview Clinic,telehealth ok
NY,2026-02-20,4,Northside Health,seasonal spike expected
NY,2026-02-20,7,Riverstone Medical,seasonal spike expected
NY,2026-02-20,5,Community Care,seasonal spike expected
UT,2026-02-20,6,Downtown Clinic,telehealth ok
UT,2026-02-20,3,Riverstone Medical,seasonal spike expected
UT,2026-02-20,6,Northside Health,
TX,2026-02-20,3,Lakeview Clinic,
TX,2026-02-20,3,Community Care,
TX,2026-02-20,4,Northside Health,seasonal spike expected
LA,2026-02-20,4,Riverstone Medical,telehealth ok
LA,2026-02-20,2,Downtown Clinic,seasonal spike expected
LA,2026-02-20,2,Lakeview Clinic,seasonal spike expected
WV,2026-02-20,4,Lakeview Clinic,seasonal spike expected
WV,2026-02-20,4,Downtown Clinic,seasonal spike expected
WV,2026-02-20,3,Community Care,telehealth ok
NJ,2026-02-20,5,Lakeview Clinic,seasonal spike expected
NJ,2026-02-20,2,Downtown Clinic,seasonal spike expected
NJ,2026-02-20,3,Riverstone Medical,seasonal spike expected
NM,2026-02-20,5,Downtown Clinic,seasonal spike expected
NM,2026-02-20,5,Lakeview Clinic,telehealth ok
NM,2026-02-20,4,Northside Health,telehealth ok
MN,2026-02-20,3,Community Care,
MN,2026-02-20,2,Northside Health,
MN,2026-02-20,6,Riverstone Medical,telehealth ok
MS,2026-02-20,4,Downtown Clinic,seasonal spike expected
MS,2026-02-20,5,Lakeview Clinic,seasonal spike expected
MS,2026-02-20,3,Northside Health,seasonal spike expected
VA,2026-02-20,5,Downtown Clinic,telehealth ok
VA,2026-02-20,3,Lakeview Clinic,
VA,2026-02-20,4,Riverstone Medical,
AR,2026-02-20,4,Community Care,
AR,2026-02-20,2,Northside Health,seasonal spike expected
AR,2026-02-20,5,Downtown Clinic,telehealth ok
WY,2026-02-21,1,Northside Health,seasonal spike expected
WY,2026-02-21,1,Riverstone Medical,telehealth ok
WY,2026-02-21,2,Community Care,telehealth ok
OR,2026-02-21,4,Lakeview Clinic,seasonal spike expected
OR,2026-02-21,4,Downtown Clinic,telehealth ok
OR,2026-02-21,3,Northside Health,telehealth ok
CA,2026-02-21,2,Northside Health,seasonal spike expected
CA,2026-02-21,5,Community Care,telehealth ok
CA,2026-02-21,3,Lakeview Clinic,telehealth ok
GA,2026-02-21,2,Lakeview Clinic,telehealth ok
GA,2026-02-21,1,Downtown Clinic,telehealth ok
GA,2026-02-21,3,Riverstone Medical,
AK,2026-02-21,2,Downtown Clinic,telehealth ok
AK,2026-02-21,2,Riverstone Medical,telehealth ok
AK,2026-02-21,2,Northside Health,seasonal spike expected
HI,2026-02-21,3,Downtown Clinic,telehealth ok
HI,2026-02-21,5,Northside Health,seasonal spike expected
HI,2026-02-21,3,Community Care,telehealth ok
PA,2026-02-21,3,Northside Health,seasonal spike expected
PA,2026-02-21,4,Downtown Clinic,telehealth ok
PA,2026-02-21,4,Community Care,seasonal spike expected
AZ,2026-02-21,3,Community Care,seasonal spike expected
AZ,2026-02-21,3,Northside Health,seasonal spike expected
AZ,2026-02-21,5,Downtown Clinic,telehealth ok
RI,2026-02-21,5,Riverstone Medical,telehealth ok
RI,2026-02-21,1,Lakeview Clinic,
RI,2026-02-21,1,Downtown Clinic,seasonal spike expected
NC,2026-02-21,2,Community Care,seasonal spike expected
NC,2026-02-21,3,Riverstone Medical,telehealth ok
NC,2026-02-21,3,Northside Health,seasonal spike expected
TN,2026-02-21,3,Downtown Clinic,telehealth ok
TN,2026-02-21,4,Riverstone Medical,
TN,2026-02-21,5,Northside Health,seasonal spike expected
IL,2026-02-21,4,Downtown Clinic,
IL,2026-02-21,3,Lakeview Clinic,seasonal spike expected
IL,2026-02-21,1,Community Care,seasonal spike expected
NH,2026-02-21,4,Downtown Clinic,telehealth ok
NH,2026-02-21,1,Lakeview Clinic,seasonal spike expected
NH,2026-02-21,3,Riverstone Medical,telehealth ok
FL,2026-02-21,2,Community Care,telehealth ok
FL,2026-02-21,2,Lakeview Clinic,telehealth ok
FL,2026-02-21,5,Riverstone Medical,telehealth ok
MT,2026-02-21,2,Riverstone Medical,seasonal spike expected
MT,2026-02-21,1,Community Care,
MT,2026-02-21,4,Northside Health,
NE,2026-02-21,1,Northside Health,seasonal spike expected
NE,2026-02-21,1,Riverstone Medical,seasonal spike expected
NE,2026-02-21,4,Downtown Clinic,
CT,2026-02-21,3,Community Care,telehealth ok
CT,2026-02-21,3,Riverstone Medical,
CT,2026-02-21,1,Downtown Clinic,
AL,2026-02-21,3,Downtown Clinic,telehealth ok
AL,2026-02-21,3,Lakeview Clinic,seasonal spike expected
AL,2026-02-21,1,Northside Health,telehealth ok
MD,2026-02-21,3,Community Care,
MD,2026-02-21,3,Riverstone Medical,seasonal spike expected
MD,2026-02-21,3,Downtown Clinic,telehealth ok
ID,2026-02-21,4,Downtown Clinic,telehealth ok
ID,2026-02-21,1,Lakeview Clinic,seasonal spike expected
ID,2026-02-21,1,Community Care,seasonal spike expected
ND,2026-02-21,1,Community Care,telehealth ok
ND,2026-02-21,3,Northside Health,telehealth ok
ND,2026-02-21,1,Riverstone Medical,
KS,2026-02-21,2,Downtown Clinic,
KS,2026-02-21,2,Riverstone Medical,
KS,2026-02-21,4,Community Care,seasonal spike expected
VT,2026-02-21,4,Northside Health,telehealth ok
VT,2026-02-21,2,Riverstone Medical,
VT,2026-02-21,5,Lakeview Clinic,
MI,2026-02-21,2,Downtown Clinic,
MI,2026-02-21,4,Riverstone Medical,seasonal spike expected
MI,2026-02-21,3,Community Care,seasonal spike expected
NY,2026-02-21,4,Lakeview Clinic,seasonal spike expected
NY,2026-02-21,2,Northside Health,
NY,2026-02-21,6,Community Care,telehealth ok
UT,2026-02-21,1,Riverstone Medical,seasonal spike expected
UT,2026-02-21,3,Community Care,telehealth ok
UT,2026-02-21,1,Northside Health,telehealth ok
TX,2026-02-21,4,Lakeview Clinic,telehealth ok
TX,2026-02-21,4,Community Care,seasonal spike expected
TX,2026-02-21,3,Northside Health,telehealth ok
LA,2026-02-21,5,Community Care,
LA,2026-02-21,3,Lakeview Clinic,
LA,2026-02-21,1,Riverstone Medical,telehealth ok
WV,2026-02-21,5,Community Care,
WV,2026-02-21,1,Riverstone Medical,telehealth ok
WV,2026-02-21,2,Northside Health,telehealth ok
NJ,2026-02-21,2,Riverstone Medical,seasonal spike expected
NJ,2026-02-21,5,Northside Health,seasonal spike expected
NJ,2026-02-21,4,Downtown Clinic,telehealth ok
NM,2026-02-21,3,Northside Health,seasonal spike expected
NM,2026-02-21,3,Riverstone Medical,telehealth ok
NM,2026-02-21,4,Downtown Clinic,telehealth ok
MN,2026-02-21,4,Downtown Clinic,telehealth ok
MN,2026-02-21,2,Lakeview Clinic,
MN,2026-02-21,3,Riverstone Medical,
MS,2026-02-21,4,Northside Health,
MS,2026-02-21,5,Riverstone Medical,seasonal spike expected
MS,2026-02-21,5,Lakeview Clinic,
VA,2026-02-21,3,Community Care,seasonal spike expected
VA,2026-02-21,1,Downtown Clinic,
VA,2026-02-21,5,Northside Health,seasonal spike expected
AR,2026-02-21,3,Lakeview Clinic,telehealth ok
AR,2026-02-21,4,Northside Health,telehealth ok
AR,2026-02-21,1,Downtown Clinic,telehealth ok
WY,2026-02-22,5,Community Care,
WY,2026-02-22,2,Northside Health,seasonal spike expected
WY,2026-02-22,5,Riverstone Medical,
OR,2026-02-22,2,Community Care,telehealth ok
OR,2026-02-22,4,Lakeview Clinic,
OR,2026-02-22,3,Downtown Clinic,telehealth ok
CA,2026-02-22,4,Community Care,
CA,2026-02-22,5,Northside Health,telehealth ok
CA,2026-02-22,5,Lakeview Clinic,telehealth ok
GA,2026-02-22,3,Riverstone Medical,seasonal spike expected
GA,2026-02-22,2,Community Care,seasonal spike expected
GA,2026-02-22,2,Lakeview Clinic,telehealth ok
AK,2026-02-22,4,Downtown Clinic,seasonal spike expected
AK,2026-02-22,2,Riverstone Medical,seasonal spike expected
AK,2026-02-22,4,Community Care,telehealth ok
HI,2026-02-22,3,Community Care,
HI,2026-02-22,5,Riverstone Medical,
HI,2026-02-22,1,Northside Health,seasonal spike expected
PA,2026-02-22,5,Community Care,
PA,2026-02-22,5,Riverstone Medical,seasonal spike expected
PA,2026-02-22,5,Downtown Clinic,
AZ,2026-02-22,5,Lakeview Clinic,seasonal spike expected
AZ,2026-02-22,5,Northside Health,telehealth ok
AZ,2026-02-22,4,Community Care,seasonal spike expected
RI,2026-02-22,4,Lakeview Clinic,telehealth ok
RI,2026-02-22,2,Downtown Clinic,seasonal spike expected
RI,2026-02-22,3,Northside Health,seasonal spike expected
NC,2026-02-22,1,Community Care,telehealth ok
NC,2026-02-22,2,Lakeview Clinic,telehealth ok
NC,2026-02-22,3,Riverstone Medical,seasonal spike expected
TN,2026-02-22,2,Northside Health,telehealth ok
TN,2026-02-22,4,Community Care,seasonal spike expected
TN,2026-02-22,2,Lakeview Clinic,seasonal spike expected
IL,2026-02-22,3,Northside Health,
IL,2026-02-22,1,Downtown Clinic,seasonal spike expected
IL,2026-02-22,1,Riverstone Medical,telehealth ok
NH,2026-02-22,4,Lakeview Clinic,telehealth ok
NH,2026-02-22,5,Northside Health,seasonal spike expected
NH,2026-02-22,5,Riverstone Medical,telehealth ok
FL,2026-02-22,4,Riverstone Medical,
FL,2026-02-22,5,Downtown Clinic,seasonal spike expected
FL,2026-02-22,2,Lakeview Clinic,telehealth ok
MT,2026-02-22,5,Riverstone Medical,telehealth ok
MT,2026-02-22,3,Northside Health,telehealth ok
MT,2026-02-22,4,Community Care,telehealth ok
NE,2026-02-22,2,Lakeview Clinic,
NE,2026-02-22,1,Community Care,telehealth ok
NE,2026-02-22,1,Northside Health,seasonal spike expected
CT,2026-02-22,2,Northside Health,seasonal spike expected
CT,2026-02-22,3,Riverstone Medical,seasonal spike expected
CT,2026-02-22,1,Community Care,seasonal spike expected
AL,2026-02-22,5,Lakeview Clinic,seasonal spike expected
AL,2026-02-22,4,Riverstone Medical,telehealth ok
AL,2026-02-22,5,Northside Health,
MD,2026-02-22,4,Community Care,seasonal spike expected
MD,2026-02-22,5,Lakeview Clinic,seasonal spike expected
MD,2026-02-22,5,Northside Health,seasonal spike expected
ID,2026-02-22,1,Lakeview Clinic,seasonal spike expected
ID,2026-02-22,1,Community Care,telehealth ok
ID,2026-02-22,3,Downtown Clinic,
ND,2026-02-22,1,Community Care,
ND,2026-02-22,5,Lakeview Clinic,
ND,2026-02-22,2,Riverstone Medical,seasonal spike expected
KS,2026-02-22,5,Downtown Clinic,
KS,2026-02-22,4,Lakeview Clinic,
KS,2026-02-22,1,Northside Health,telehealth ok
VT,2026-02-22,3,Downtown Clinic,
VT,2026-02-22,2,Lakeview Clinic,
VT,2026-02-22,4,Community Care,seasonal spike expected
MI,2026-02-22,3,Riverstone Medical,telehealth ok
MI,2026-02-22,5,Community Care,seasonal spike expected
MI,2026-02-22,1,Lakeview Clinic,telehealth ok
NY,2026-02-22,6,Lakeview Clinic,seasonal spike expected
NY,2026-02-22,3,Riverstone Medical,telehealth ok
NY,2026-02-22,5,Downtown Clinic,seasonal spike expected
UT,2026-02-22,1,Riverstone Medical,seasonal spike expected
UT,2026-02-22,2,Community Care,seasonal spike expected
UT,2026-02-22,4,Lakeview Clinic,telehealth ok
TX,2026-02-22,6,Northside Health,telehealth ok
TX,2026-02-22,6,Downtown Clinic,
TX,2026-02-22,4,Lakeview Clinic,telehealth ok
LA,2026-02-22,4,Community Care,telehealth ok
LA,2026-02-22,2,Northside Health,telehealth ok
LA,2026-02-22,3,Lakeview Clinic,telehealth ok
WV,2026-02-22,2,Riverstone Medical,telehealth ok
WV,2026-02-22,2,Northside Health,telehealth ok
WV,2026-02-22,5,Community Care,telehealth ok
NJ,2026-02-22,2,Riverstone Medical,telehealth ok
NJ,2026-02-22,1,Community Care,seasonal spike expected
NJ,2026-02-22,2,Downtown Clinic,
NM,2026-02-22,5,Lakeview Clinic,telehealth ok
NM,2026-02-22,2,Downtown Clinic,telehealth ok
NM,2026-02-22,5,Northside Health,
MN,2026-02-22,5,Community Care,telehealth ok
MN,2026-02-22,4,Northside Health,
MN,2026-02-22,5,Riverstone Medical,seasonal spike expected
MS,2026-02-22,1,Lakeview Clinic,seasonal spike expected
MS,2026-02-22,1,Northside Health,
MS,2026-02-22,2,Downtown Clinic,
VA,2026-02-22,3,Lakeview Clinic,seasonal spike expected
VA,2026-02-22,5,Community Care,telehealth ok
VA,2026-02-22,1,Northside Health,telehealth ok
AR,2026-02-22,4,Northside Health,seasonal spike expected
AR,2026-02-22,4,Riverstone Medical,telehealth ok
AR,2026-02-22,5,Lakeview Clinic,telehealth ok
WY,2026-02-23,4,Downtown Clinic,seasonal spike expected
WY,2026-02-23,5,Community Care,telehealth ok
WY,2026-02-23,3,Riverstone Medical,seasonal spike expected
OR,2026-02-23,3,Northside Health,telehealth ok
OR,2026-02-23,3,Downtown Clinic,telehealth ok
OR,2026-02-23,6,Community Care,telehealth ok
CA,2026-02-23,5,Riverstone Medical,seasonal spike expected
CA,2026-02-23,5,Community Care,telehealth ok
CA,2026-02-23,3,Lakeview Clinic,
GA,2026-02-23,5,Lakeview Clinic,seasonal spike expected
GA,2026-02-23,2,Downtown Clinic,
GA,2026-02-23,5,Northside Health,telehealth ok
AK,2026-02-23,5,Lakeview Clinic,seasonal spike expected
AK,2026-02-23,2,Community Care,telehealth ok
AK,2026-02-23,2,Riverstone Medical,telehealth ok
HI,2026-02-23,6,Downtown Clinic,telehealth ok
HI,2026-02-23,5,Riverstone Medical,telehealth ok
HI,2026-02-23,5,Community Care,seasonal spike expected
PA,2026-02-23,2,Downtown Clinic,
PA,2026-02-23,6,Riverstone Medical,
PA,2026-02-23,2,Northside Health,seasonal spike expected
AZ,2026-02-23,4,Lakeview Clinic,seasonal spike expected
AZ,2026-02-23,6,Community Care,telehealth ok
AZ,2026-02-23,4,Downtown Clinic,
RI,2026-02-23,3,Downtown Clinic,telehealth ok
RI,2026-02-23,4,Riverstone Medical,
RI,2026-02-23,2,Lakeview Clinic,seasonal spike expected
NC,2026-02-23,3,Lakeview Clinic,
NC,2026-02-23,5,Downtown Clinic,
NC,2026-02-23,4,Riverstone Medical,
TN,2026-02-23,5,Lakeview Clinic,
TN,2026-02-23,5,Community Care,
TN,2026-02-23,3,Downtown Clinic,telehealth ok
IL,2026-02-23,4,Riverstone Medical,seasonal spike expected
IL,2026-02-23,6,Northside Health,seasonal spike expected
IL,2026-02-23,6,Downtown Clinic,seasonal spike expected
NH,2026-02-23,5,Lakeview Clinic,telehealth ok
NH,2026-02-23,2,Community Care,seasonal spike expected
NH,2026-02-23,3,Riverstone Medical,seasonal spike expected
FL,2026-02-23,4,Riverstone Medical,seasonal spike expected
FL,2026-02-23,3,Lakeview Clinic,telehealth ok
FL,2026-02-23,5,Downtown Clinic,seasonal spike expected
MT,2026-02-23,3,Lakeview Clinic,telehealth ok
MT,2026-02-23,6,Downtown Clinic,
MT,2026-02-23,2,Northside Health,seasonal spike expected
NE,2026-02-23,4,Riverstone Medical,telehealth ok
NE,2026-02-23,6,Lakeview Clinic,telehealth ok
NE,2026-02-23,4,Downtown Clinic,
CT,2026-02-23,5,Riverstone Medical,seasonal spike expected
CT,2026-02-23,5,Downtown Clinic,telehealth ok
CT,2026-02-23,2,Northside Health,seasonal spike expected
AL,2026-02-23,4,Northside Health,telehealth ok
AL,2026-02-23,4,Riverstone Medical,seasonal spike expected
AL,2026-02-23,5,Downtown Clinic,seasonal spike expected
MD,2026-02-23,2,Lakeview Clinic,telehealth ok
MD,2026-02-23,3,Northside Health,telehealth ok
MD,2026-02-23,4,Riverstone Medical,
ID,2026-02-23,6,Community Care,seasonal spike expected
ID,2026-02-23,6,Lakeview Clinic,seasonal spike expected
ID,2026-02-23,3,Northside Health,seasonal spike expected
ND,2026-02-23,2,Community Care,telehealth ok
ND,2026-02-23,4,Riverstone Medical,telehealth ok
ND,2026-02-23,4,Northside Health,seasonal spike expected
KS,2026-02-23,5,Riverstone Medical,
KS,2026-02-23,3,Downtown Clinic,
KS,2026-02-23,3,Community Care,seasonal spike expected
VT,2026-02-23,3,Northside Health,seasonal spike expected
VT,2026-02-23,4,Downtown Clinic,telehealth ok
VT,2026-02-23,2,Lakeview Clinic,telehealth ok
MI,2026-02-23,5,Downtown Clinic,telehealth ok
MI,2026-02-23,5,Northside Health,seasonal spike expected
MI,2026-02-23,2,Community Care,seasonal spike expected
NY,2026-02-23,5,Northside Health,
NY,2026-02-23,5,Downtown Clinic,
NY,2026-02-23,6,Riverstone Medical,telehealth ok
UT,2026-02-23,5,Downtown Clinic,seasonal spike expected
UT,2026-02-23,4,Lakeview Clinic,
UT,2026-02-23,5,Northside Health,telehealth ok
TX,2026-02-23,7,Riverstone Medical,
TX,2026-02-23,3,Lakeview Clinic,
TX,2026-02-23,6,Downtown Clinic,telehealth ok
LA,2026-02-23,5,Community Care,seasonal spike expected
LA,2026-02-23,5,Lakeview Clinic,seasonal spike expected
LA,2026-02-23,3,Northside Health,seasonal spike expected
WV,2026-02-23,2,Community Care,seasonal spike expected
WV,2026-02-23,5,Riverstone Medical,telehealth ok
WV,2026-02-23,2,Northside Health,
NJ,2026-02-23,5,Riverstone Medical,
NJ,2026-02-23,6,Northside Health,
NJ,2026-02-23,4,Downtown Clinic,seasonal spike expected
NM,2026-02-23,3,Downtown Clinic,telehealth ok
NM,2026-02-23,6,Lakeview Clinic,telehealth ok
NM,2026-02-23,2,Riverstone Medical,seasonal spike expected
MN,2026-02-23,4,Riverstone Medical,telehealth ok
MN,2026-02-23,5,Downtown Clinic,
MN,2026-02-23,5,Lakeview Clinic,
MS,2026-02-23,3,Community Care,seasonal spike expected
MS,2026-02-23,4,Downtown Clinic,seasonal spike expected
MS,2026-02-23,2,Lakeview Clinic,
VA,2026-02-23,6,Riverstone Medical,
VA,2026-02-23,4,Lakeview Clinic,telehealth ok
VA,2026-02-23,2,Downtown Clinic,seasonal spike expected
AR,2026-02-23,2,Lakeview Clinic,seasonal spike expected
AR,2026-02-23,6,Riverstone Medical,
AR,2026-02-23,5,Community Care,seasonal spike expected
WY,2026-02-24,4,Lakeview Clinic,telehealth ok
WY,2026-02-24,2,Community Care,seasonal spike expected
WY,2026-02-24,3,Riverstone Medical,
OR,2026-02-24,2,Riverstone Medical,seasonal spike expected
OR,2026-02-24,5,Downtown Clinic,
OR,2026-02-24,6,Community Care,
CA,2026-02-24,3,Lakeview Clinic,seasonal spike expected
CA,2026-02-24,7,Riverstone Medical,telehealth ok
CA,2026-02-24,5,Northside Health,seasonal spike expected
GA,2026-02-24,2,Northside Health,
GA,2026-02-24,6,Downtown Clinic,seasonal spike expected
GA,2026-02-24,4,Lakeview Clinic,telehealth ok
AK,2026-02-24,3,Riverstone Medical,
AK,2026-02-24,4,Lakeview Clinic,telehealth ok
AK,2026-02-24,5,Downtown Clinic,
HI,2026-02-24,5,Northside Health,telehealth ok
HI,2026-02-24,3,Downtown Clinic,telehealth ok
HI,2026-02-24,4,Lakeview Clinic,
PA,2026-02-24,4,Community Care,telehealth ok
PA,2026-02-24,6,Northside Health,seasonal spike expected
PA,2026-02-24,5,Riverstone Medical,seasonal spike expected
AZ,2026-02-24,3,Downtown Clinic,
AZ,2026-02-24,3,Lakeview Clinic,telehealth ok
AZ,2026-02-24,5,Northside Health,telehealth ok
RI,2026-02-24,2,Community Care,telehealth ok
RI,2026-02-24,3,Northside Health,telehealth ok
RI,2026-02-24,5,Lakeview Clinic,telehealth ok
NC,2026-02-24,3,Riverstone Medical,telehealth ok
NC,2026-02-24,6,Northside Health,telehealth ok
NC,2026-02-24,2,Lakeview Clinic,seasonal spike expected
TN,2026-02-24,4,Lakeview Clinic,seasonal spike expected
TN,2026-02-24,5,Community Care,seasonal spike expected
TN,2026-02-24,4,Riverstone Medical,
IL,2026-02-24,2,Downtown Clinic,telehealth ok
IL,2026-02-24,5,Riverstone Medical,
IL,2026-02-24,2,Lakeview Clinic,telehealth ok
NH,2026-02-24,3,Northside Health,telehealth ok
NH,2026-02-24,2,Community Care,seasonal spike expected
NH,2026-02-24,4,Lakeview Clinic,
FL,2026-02-24,5,Lakeview Clinic,
FL,2026-02-24,4,Northside Health,
FL,2026-02-24,3,Community Care,
MT,2026-02-24,4,Northside Health,
MT,2026-02-24,6,Downtown Clinic,telehealth ok
MT,2026-02-24,5,Community Care,telehealth ok
NE,2026-02-24,6,Community Care,telehealth ok
NE,2026-02-24,3,Downtown Clinic,
NE,2026-02-24,2,Riverstone Medical,telehealth ok
CT,2026-02-24,3,Riverstone Medical,seasonal spike expected
CT,2026-02-24,4,Community Care,
CT,2026-02-24,4,Downtown Clinic,telehealth ok
AL,2026-02-24,5,Northside Health,seasonal spike expected
AL,2026-02-24,4,Lakeview Clinic,
AL,2026-02-24,2,Downtown Clinic,seasonal spike expected
MD,2026-02-24,5,Downtown Clinic,seasonal spike expected
MD,2026-02-24,4,Community Care,seasonal spike expected
MD,2026-02-24,4,Northside Health,telehealth ok
ID,2026-02-24,3,Northside Health,
ID,2026-02-24,5,Downtown Clinic,
ID,2026-02-24,6,Community Care,telehealth ok
ND,2026-02-24,5,Community Care,
ND,2026-02-24,6,Northside Health,seasonal spike expected
ND,2026-02-24,3,Riverstone Medical,telehealth ok
KS,2026-02-24,5,Northside Health,telehealth ok
KS,2026-02-24,4,Lakeview Clinic,seasonal spike expected
KS,2026-02-24,4,Downtown Clinic,
VT,2026-02-24,6,Community Care,telehealth ok
VT,2026-02-24,4,Downtown Clinic,telehealth ok
VT,2026-02-24,4,Riverstone Medical,
MI,2026-02-24,4,Downtown Clinic,seasonal spike expected
MI,2026-02-24,4,Riverstone Medical,seasonal spike expected
MI,2026-02-24,4,Community Care,telehealth ok
NY,2026-02-24,4,Northside Health,seasonal spike expected
NY,2026-02-24,4,Riverstone Medical,telehealth ok
NY,2026-02-24,3,Downtown Clinic,telehealth ok
UT,2026-02-24,4,Community Care,telehealth ok
UT,2026-02-24,4,Downtown Clinic,telehealth ok
UT,2026-02-24,5,Northside Health,seasonal spike expected
TX,2026-02-24,4,Northside Health,
TX,2026-02-24,5,Riverstone Medical,seasonal spike expected
TX,2026-02-24,4,Community Care,
LA,2026-02-24,6,Riverstone Medical,telehealth ok
LA,2026-02-24,4,Lakeview Clinic,telehealth ok
LA,2026-02-24,6,Community Care,telehealth ok
WV,2026-02-24,6,Lakeview Clinic,seasonal spike expected
WV,2026-02-24,5,Riverstone Medical,
WV,2026-02-24,2,Northside Health,
NJ,2026-02-24,6,Riverstone Medical,seasonal spike expected
NJ,2026-02-24,3,Downtown Clinic,
NJ,2026-02-24,2,Northside Health,telehealth ok
NM,2026-02-24,6,Downtown Clinic,seasonal spike expected
NM,2026-02-24,4,Lakeview Clinic,telehealth ok
NM,2026-02-24,3,Northside Health,
MN,2026-02-24,6,Riverstone Medical,telehealth ok
MN,2026-02-24,5,Downtown Clinic,
MN,2026-02-24,6,Community Care,
MS,2026-02-24,3,Northside Health,seasonal spike expected
MS,2026-02-24,6,Lakeview Clinic,
MS,2026-02-24,4,Community Care,seasonal spike expected
VA,2026-02-24,6,Downtown Clinic,seasonal spike expected
VA,2026-02-24,3,Lakeview Clinic,telehealth ok
VA,2026-02-24,4,Riverstone Medical,
AR,2026-02-24,6,Northside Health,telehealth ok
AR,2026-02-24,4,Lakeview Clinic,
AR,2026-02-24,6,Downtown Clinic,telehealth ok
WY,2026-02-25,3,Lakeview Clinic,seasonal spike expected
WY,2026-02-25,2,Community Care,
WY,2026-02-25,6,Northside Health,telehealth ok
OR,2026-02-25,5,Northside Health,seasonal spike expected
OR,2026-02-25,3,Community Care,seasonal spike expected
OR,2026-02-25,5,Riverstone Medical,telehealth ok
CA,2026-02-25,3,Community Care,telehealth ok
CA,2026-02-25,5,Riverstone Medical,telehealth ok
CA,2026-02-25,7,Downtown Clinic,
GA,2026-02-25,4,Downtown Clinic,telehealth ok
GA,2026-02-25,4,Northside Health,seasonal spike expected
GA,2026-02-25,2,Community Care,telehealth ok
AK,2026-02-25,6,Community Care,
AK,2026-02-25,4,Downtown Clinic,seasonal spike expected
AK,2026-02-25,4,Lakeview Clinic,seasonal spike expected
HI,2026-02-25,5,Lakeview Clinic,seasonal spike expected
HI,2026-02-25,5,Northside Health,
HI,2026-02-25,6,Riverstone Medical,seasonal spike expected
PA,2026-02-25,3,Riverstone Medical,seasonal spike expected
PA,2026-02-25,3,Lakeview Clinic,telehealth ok
PA,2026-02-25,2,Downtown Clinic,seasonal spike expected
AZ,2026-02-25,4,Lakeview Clinic,seasonal spike expected
AZ,2026-02-25,3,Riverstone Medical,telehealth ok
AZ,2026-02-25,3,Northside Health,
RI,2026-02-25,4,Riverstone Medical,telehealth ok
RI,2026-02-25,2,Downtown Clinic,
RI,2026-02-25,4,Community Care,seasonal spike expected
NC,2026-02-25,3,Community Care,seasonal spike expected
NC,2026-02-25,5,Downtown Clinic,seasonal spike expected
NC,2026-02-25,6,Lakeview Clinic,
TN,2026-02-25,4,Lakeview Clinic,seasonal spike expected
TN,2026-02-25,2,Community Care,
TN,2026-02-25,4,Riverstone Medical,seasonal spike expected
IL,2026-02-25,3,Riverstone Medical,telehealth ok
IL,2026-02-25,2,Lakeview Clinic,telehealth ok
IL,2026-02-25,3,Community Care,
NH,2026-02-25,6,Downtown Clinic,
NH,2026-02-25,4,Northside Health,telehealth ok
NH,2026-02-25,3,Lakeview Clinic,
FL,2026-02-25,3,Lakeview Clinic,seasonal spike expected
FL,2026-02-25,6,Riverstone Medical,telehealth ok
FL,2026-02-25,4,Community Care,telehealth ok
MT,2026-02-25,4,Lakeview Clinic,
MT,2026-02-25,2,Riverstone Medical,telehealth ok
MT,2026-02-25,5,Downtown Clinic,
NE,2026-02-25,5,Community Care,
NE,2026-02-25,6,Lakeview Clinic,telehealth ok
NE,2026-02-25,5,Riverstone Medical,seasonal spike expected
CT,2026-02-25,6,Downtown Clinic,seasonal spike expected
CT,2026-02-25,2,Riverstone Medical,telehealth ok
CT,2026-02-25,6,Community Care,telehealth ok
AL,2026-02-25,5,Downtown Clinic,telehealth ok
AL,2026-02-25,5,Northside Health,telehealth ok
AL,2026-02-25,6,Community Care,telehealth ok
MD,2026-02-25,6,Downtown Clinic,
MD,2026-02-25,5,Riverstone Medical,
MD,2026-02-25,3,Lakeview Clinic,seasonal spike expected
ID,2026-02-25,2,Downtown Clinic,
ID,2026-02-25,3,Riverstone Medical,
ID,2026-02-25,4,Northside Health,
ND,2026-02-25,2,Riverstone Medical,telehealth ok
ND,2026-02-25,6,Downtown Clinic,
ND,2026-02-25,4,Community Care,telehealth ok
KS,2026-02-25,5,Riverstone Medical,seasonal spike expected
KS,2026-02-25,2,Downtown Clinic,seasonal spike expected
KS,2026-02-25,5,Community Care,telehealth ok
VT,2026-02-25,4,Lakeview Clinic,seasonal spike expected
VT,2026-02-25,5,Community Care,
VT,2026-02-25,4,Northside Health,
MI,2026-02-25,4,Northside Health,seasonal spike expected
MI,2026-02-25,6,Riverstone Medical,
MI,2026-02-25,5,Community Care,seasonal spike expected
NY,2026-02-25,5,Lakeview Clinic,seasonal spike expected
NY,2026-02-25,6,Northside Health,telehealth ok
NY,2026-02-25,5,Riverstone Medical,telehealth ok
UT,2026-02-25,6,Downtown Clinic,
UT,2026-02-25,4,Community Care,telehealth ok
UT,2026-02-25,3,Riverstone Medical,
TX,2026-02-25,5,Northside Health,telehealth ok
TX,2026-02-25,7,Downtown Clinic,
TX,2026-02-25,3,Community Care,seasonal spike expected
LA,2026-02-25,6,Downtown Clinic,
LA,2026-02-25,5,Lakeview Clinic,
LA,2026-02-25,5,Community Care,seasonal spike expected
WV,2026-02-25,6,Riverstone Medical,telehealth ok
WV,2026-02-25,3,Downtown Clinic,telehealth ok
WV,2026-02-25,6,Northside Health,telehealth ok
NJ,2026-02-25,5,Downtown Clinic,seasonal spike expected
NJ,2026-02-25,3,Northside Health,seasonal spike expected
NJ,2026-02-25,3,Riverstone Medical,seasonal spike expected
NM,2026-02-25,4,Riverstone Medical,
NM,2026-02-25,2,Lakeview Clinic,telehealth ok
NM,2026-02-25,5,Community Care,
MN,2026-02-25,2,Northside Health,seasonal spike expected
MN,2026-02-25,2,Community Care,seasonal spike expected
MN,2026-02-25,3,Downtown Clinic,telehealth ok
MS,2026-02-25,5,Northside Health,
MS,2026-02-25,4,Downtown Clinic,seasonal spike expected
MS,2026-02-25,4,Riverstone Medical,seasonal spike expected
VA,2026-02-25,3,Northside Health,
VA,2026-02-25,6,Lakeview Clinic,seasonal spike expected
VA,2026-02-25,4,Downtown Clinic,
AR,2026-02-25,2,Riverstone Medical,telehealth ok
AR,2026-02-25,4,Downtown Clinic,
AR,2026-02-25,4,Lakeview Clinic,seasonal spike expected
WY,2026-02-26,5,Northside Health,seasonal spike expected
WY,2026-02-26,3,Riverstone Medical,seasonal spike expected
WY,2026-02-26,5,Community Care,seasonal spike expected
OR,2026-02-26,5,Riverstone Medical,telehealth ok
OR,2026-02-26,4,Lakeview Clinic,
OR,2026-02-26,4,Community Care,seasonal spike expected
CA,2026-02-26,5,Northside Health,telehealth ok
CA,2026-02-26,4,Riverstone Medical,seasonal spike expected
CA,2026-02-26,5,Community Care,
GA,2026-02-26,5,Community Care,
GA,2026-02-26,6,Riverstone Medical,
GA,2026-02-26,4,Northside Health,
AK,2026-02-26,2,Community Care,
AK,2026-02-26,5,Lakeview Clinic,
AK,2026-02-26,3,Riverstone Medical,telehealth ok
HI,2026-02-26,2,Riverstone Medical,
HI,2026-02-26,4,Downtown Clinic,telehealth ok
HI,2026-02-26,3,Northside Health,telehealth ok
PA,2026-02-26,4,Downtown Clinic,telehealth ok
PA,2026-02-26,4,Riverstone Medical,telehealth ok
PA,2026-02-26,4,Lakeview Clinic,
AZ,2026-02-26,5,Riverstone Medical,seasonal spike expected
AZ,2026-02-26,4,Lakeview Clinic,
AZ,2026-02-26,2,Northside Health,seasonal spike expected
RI,2026-02-26,3,Riverstone Medical,seasonal spike expected
RI,2026-02-26,4,Downtown Clinic,seasonal spike expected
RI,2026-02-26,6,Lakeview Clinic,telehealth ok
NC,2026-02-26,3,Community Care,telehealth ok
NC,2026-02-26,6,Northside Health,seasonal spike expected
NC,2026-02-26,2,Lakeview Clinic,seasonal spike expected
TN,2026-02-26,5,Lakeview Clinic,telehealth ok
TN,2026-02-26,2,Northside Health,seasonal spike expected
TN,2026-02-26,5,Downtown Clinic,telehealth ok
IL,2026-02-26,2,Northside Health,
IL,2026-02-26,6,Riverstone Medical,seasonal spike expected
IL,2026-02-26,3,Community Care,seasonal spike expected
NH,2026-02-26,6,Lakeview Clinic,
NH,2026-02-26,2,Downtown Clinic,
NH,2026-02-26,3,Riverstone Medical,seasonal spike expected
FL,2026-02-26,7,Riverstone Medical,telehealth ok
FL,2026-02-26,4,Community Care,
FL,2026-02-26,7,Northside Health,seasonal spike expected
MT,2026-02-26,6,Riverstone Medical,
MT,2026-02-26,6,Downtown Clinic,
MT,2026-02-26,2,Community Care,seasonal spike expected
NE,2026-02-26,3,Downtown Clinic,telehealth ok
NE,2026-02-26,6,Northside Health,seasonal spike expected
NE,2026-02-26,5,Riverstone Medical,telehealth ok
CT,2026-02-26,3,Community Care,
CT,2026-02-26,4,Riverstone Medical,telehealth ok
CT,2026-02-26,3,Lakeview Clinic,telehealth ok
AL,2026-02-26,3,Lakeview Clinic,telehealth ok
AL,2026-02-26,6,Downtown Clinic,seasonal spike expected
AL,2026-02-26,6,Northside Health,
MD,2026-02-26,6,Lakeview Clinic,seasonal spike expected
MD,2026-02-26,3,Downtown Clinic,
MD,2026-02-26,3,Northside Health,seasonal spike expected
ID,2026-02-26,2,Northside Health,telehealth ok
ID,2026-02-26,4,Downtown Clinic,
ID,2026-02-26,3,Community Care,seasonal spike expected
ND,2026-02-26,3,Northside Health,seasonal spike expected
ND,2026-02-26,5,Downtown Clinic,telehealth ok
ND,2026-02-26,4,Lakeview Clinic,seasonal spike expected
KS,2026-02-26,5,Lakeview Clinic,seasonal spike expected
KS,2026-02-26,5,Northside Health,telehealth ok
KS,2026-02-26,4,Community Care,seasonal spike expected
VT,2026-02-26,5,Riverstone Medical,
VT,2026-02-26,3,Community Care,seasonal spike expected
VT,2026-02-26,3,Lakeview Clinic,seasonal spike expected
MI,2026-02-26,5,Lakeview Clinic,telehealth ok
MI,2026-02-26,4,Northside Health,telehealth ok
MI,2026-02-26,6,Riverstone Medical,telehealth ok
NY,2026-02-26,6,Community Care,seasonal spike expected
NY,2026-02-26,5,Riverstone Medical,telehealth ok
NY,2026-02-26,7,Northside Health,telehealth ok
UT,2026-02-26,2,Community Care,telehealth ok
UT,2026-02-26,6,Northside Health,telehealth ok
UT,2026-02-26,3,Downtown Clinic,
TX,2026-02-26,6,Riverstone Medical,
TX,2026-02-26,5,Downtown Clinic,seasonal spike expected
TX,2026-02-26,7,Lakeview Clinic,seasonal spike expected
LA,2026-02-26,2,Riverstone Medical,telehealth ok
LA,2026-02-26,4,Downtown Clinic,seasonal spike expected
LA,2026-02-26,3,Lakeview Clinic,telehealth ok
WV,2026-02-26,5,Downtown Clinic,
WV,2026-02-26,5,Lakeview Clinic,seasonal spike expected
WV,2026-02-26,6,Community Care,telehealth ok
NJ,2026-02-26,2,Northside Health,telehealth ok
NJ,2026-02-26,4,Downtown Clinic,telehealth ok
NJ,2026-02-26,3,Lakeview Clinic,seasonal spike expected
NM,2026-02-26,2,Downtown Clinic,
NM,2026-02-26,3,Northside Health,seasonal spike expected
NM,2026-02-26,6,Community Care,telehealth ok
MN,2026-02-26,4,Lakeview Clinic,seasonal spike expected
MN,2026-02-26,6,Riverstone Medical,
MN,2026-02-26,5,Downtown Clinic,seasonal spike expected
MS,2026-02-26,3,Lakeview Clinic,telehealth ok
MS,2026-02-26,2,Community Care,seasonal spike expected
MS,2026-02-26,2,Northside Health,
VA,2026-02-26,5,Lakeview Clinic,
VA,2026-02-26,5,Downtown Clinic,seasonal spike expected
VA,2026-02-26,4,Northside Health,seasonal spike expected
AR,2026-02-26,5,Northside Health,telehealth ok
AR,2026-02-26,2,Riverstone Medical,seasonal spike expected
AR,2026-02-26,6,Downtown Clinic,telehealth ok
WY,2026-02-27,3,Community Care,
WY,2026-02-27,5,Lakeview Clinic,telehealth ok
WY,2026-02-27,2,Downtown Clinic,telehealth ok
OR,2026-02-27,6,Lakeview Clinic,telehealth ok
OR,2026-02-27,2,Community Care,seasonal spike expected
OR,2026-02-27,3,Northside Health,seasonal spike expected
CA,2026-02-27,3,Lakeview Clinic,telehealth ok
CA,2026-02-27,7,Downtown Clinic,
CA,2026-02-27,4,Northside Health,
GA,2026-02-27,6,Riverstone Medical,seasonal spike expected
GA,2026-02-27,6,Northside Health,
GA,2026-02-27,2,Downtown Clinic,seasonal spike expected
AK,2026-02-27,3,Lakeview Clinic,seasonal spike expected
AK,2026-02-27,2,Riverstone Medical,
AK,2026-02-27,5,Community Care,telehealth ok
HI,2026-02-27,3,Lakeview Clinic,telehealth ok
HI,2026-02-27,4,Downtown Clinic,seasonal spike expected
HI,2026-02-27,2,Northside Health,seasonal spike expected
PA,2026-02-27,4,Northside Health,
PA,2026-02-27,5,Downtown Clinic,telehealth ok
PA,2026-02-27,4,Community Care,seasonal spike expected
AZ,2026-02-27,5,Riverstone Medical,telehealth ok
AZ,2026-02-27,2,Downtown Clinic,seasonal spike expected
AZ,2026-02-27,5,Lakeview Clinic,seasonal spike expected
RI,2026-02-27,3,Riverstone Medical,seasonal spike expected
RI,2026-02-27,4,Lakeview Clinic,seasonal spike expected
RI,2026-02-27,6,Northside Health,seasonal spike expected
NC,2026-02-27,4,Riverstone Medical,seasonal spike expected
NC,2026-02-27,5,Northside Health,seasonal spike expected
NC,2026-02-27,5,Community Care,seasonal spike expected
TN,2026-02-27,5,Community Care,seasonal spike expected
TN,2026-02-27,5,Northside Health,
TN,2026-02-27,2,Lakeview Clinic,telehealth ok
IL,2026-02-27,2,Lakeview Clinic,telehealth ok
IL,2026-02-27,3,Downtown Clinic,seasonal spike expected
IL,2026-02-27,3,Riverstone Medical,telehealth ok
NH,2026-02-27,2,Lakeview Clinic,seasonal spike expected
NH,2026-02-27,3,Community Care,telehealth ok
NH,2026-02-27,4,Downtown Clinic,telehealth ok
FL,2026-02-27,6,Community Care,seasonal spike expected
FL,2026-02-27,5,Downtown Clinic,telehealth ok
FL,2026-02-27,6,Northside Health,telehealth ok
MT,2026-02-27,2,Community Care,telehealth ok
MT,2026-02-27,2,Northside Health,
MT,2026-02-27,4,Lakeview Clinic,seasonal spike expected
NE,2026-02-27,6,Lakeview Clinic,seasonal spike expected
NE,2026-02-27,4,Downtown Clinic,telehealth ok
NE,2026-02-27,4,Northside Health,seasonal spike expected
CT,2026-02-27,2,Northside Health,telehealth ok
CT,2026-02-27,3,Riverstone Medical,telehealth ok
CT,2026-02-27,5,Lakeview Clinic,seasonal spike expected
AL,2026-02-27,3,Lakeview Clinic,seasonal spike expected
AL,2026-02-27,5,Riverstone Medical,
AL,2026-02-27,2,Northside Health,telehealth ok
MD,2026-02-27,4,Riverstone Medical,
MD,2026-02-27,2,Lakeview Clinic,telehealth ok
MD,2026-02-27,2,Downtown Clinic,
ID,2026-02-27,6,Lakeview Clinic,telehealth ok
ID,2026-02-27,3,Downtown Clinic,
ID,2026-02-27,6,Northside Health,seasonal spike expected
ND,2026-02-27,5,Northside Health,
ND,2026-02-27,3,Downtown Clinic,seasonal spike expected
ND,2026-02-27,3,Community Care,seasonal spike expected
KS,2026-02-27,5,Downtown Clinic,telehealth ok
KS,2026-02-27,3,Northside Health,telehealth ok
KS,2026-02-27,4,Lakeview Clinic,seasonal spike expected
VT,2026-02-27,6,Lakeview Clinic,
VT,2026-02-27,5,Community Care,seasonal spike expected
VT,2026-02-27,6,Downtown Clinic,telehealth ok
MI,2026-02-27,6,Lakeview Clinic,seasonal spike expected
MI,2026-02-27,3,Community Care,seasonal spike expected
MI,2026-02-27,4,Downtown Clinic,seasonal spike expected
NY,2026-02-27,3,Riverstone Medical,seasonal spike expected
NY,2026-02-27,3,Community Care,
NY,2026-02-27,3,Downtown Clinic,
UT,2026-02-27,4,Northside Health,
UT,2026-02-27,3,Riverstone Medical,telehealth ok
UT,2026-02-27,6,Community Care,
TX,2026-02-27,4,Community Care,
TX,2026-02-27,3,Riverstone Medical,seasonal spike expected
TX,2026-02-27,3,Northside Health,seasonal spike expected
LA,2026-02-27,4,Lakeview Clinic,telehealth ok
LA,2026-02-27,3,Northside Health,telehealth ok
LA,2026-02-27,3,Community Care,seasonal spike expected
WV,2026-02-27,6,Riverstone Medical,seasonal spike expected
WV,2026-02-27,2,Downtown Clinic,
WV,2026-02-27,4,Northside Health,seasonal spike expected
NJ,2026-02-27,5,Lakeview Clinic,seasonal spike expected
NJ,2026-02-27,3,Riverstone Medical,seasonal spike expected
NJ,2026-02-27,5,Community Care,telehealth ok
NM,2026-02-27,6,Community Care,telehealth ok
NM,2026-02-27,5,Riverstone Medical,telehealth ok
NM,2026-02-27,5,Northside Health,seasonal spike expected
MN,2026-02-27,6,Downtown Clinic,seasonal spike expected
MN,2026-02-27,6,Lakeview Clinic,telehealth ok
MN,2026-02-27,6,Northside Health,telehealth ok
MS,2026-02-27,6,Riverstone Medical,seasonal spike expected
MS,2026-02-27,4,Community Care,seasonal spike expected
MS,2026-02-27,4,Northside Health,
VA,2026-02-27,5,Riverstone Medical,
VA,2026-02-27,2,Community Care,seasonal spike expected
VA,2026-02-27,2,Northside Health,seasonal spike expected
AR,2026-02-27,6,Lakeview Clinic,seasonal spike expected
AR,2026-02-27,4,Riverstone Medical,
AR,2026-02-27,5,Northside Health,telehealth ok
WY,2026-02-28,3,Riverstone Medical,
WY,2026-02-28,2,Northside Health,telehealth ok
WY,2026-02-28,2,Downtown Clinic,seasonal spike expected
OR,2026-02-28,5,Downtown Clinic,seasonal spike expected
OR,2026-02-28,2,Northside Health,seasonal spike expected
OR,2026-02-28,4,Lakeview Clinic,seasonal spike expected
CA,2026-02-28,5,Riverstone Medical,telehealth ok
CA,2026-02-28,3,Downtown Clinic,seasonal spike expected
CA,2026-02-28,5,Community Care,seasonal spike expected
GA,2026-02-28,3,Downtown Clinic,telehealth ok
GA,2026-02-28,5,Community Care,
GA,2026-02-28,1,Northside Health,
AK,2026-02-28,1,Lakeview Clinic,seasonal spike expected
AK,2026-02-28,2,Northside Health,seasonal spike expected
AK,2026-02-28,3,Community Care,seasonal spike expected
HI,2026-02-28,5,Lakeview Clinic,seasonal spike expected
HI,2026-02-28,5,Riverstone Medical,telehealth ok
HI,2026-02-28,3,Community Care,telehealth ok
PA,2026-02-28,2,Community Care,
PA,2026-02-28,3,Downtown Clinic,telehealth ok
PA,2026-02-28,4,Lakeview Clinic,
AZ,2026-02-28,1,Community Care,telehealth ok
AZ,2026-02-28,3,Lakeview Clinic,seasonal spike expected
AZ,2026-02-28,5,Downtown Clinic,seasonal spike expected
RI,2026-02-28,3,Northside Health,seasonal spike expected
RI,2026-02-28,3,Riverstone Medical,telehealth ok
RI,2026-02-28,1,Downtown Clinic,telehealth ok
NC,2026-02-28,4,Community Care,telehealth ok
NC,2026-02-28,1,Lakeview Clinic,telehealth ok
NC,2026-02-28,2,Riverstone Medical,
TN,2026-02-28,3,Northside Health,telehealth ok
TN,2026-02-28,1,Riverstone Medical,
TN,2026-02-28,5,Downtown Clinic,telehealth ok
IL,2026-02-28,3,Downtown Clinic,
IL,2026-02-28,2,Riverstone Medical,seasonal spike expected
IL,2026-02-28,3,Northside Health,
NH,2026-02-28,1,Downtown Clinic,
NH,2026-02-28,2,Riverstone Medical,
NH,2026-02-28,1,Northside Health,telehealth ok
FL,2026-02-28,6,Riverstone Medical,
FL,2026-02-28,2,Downtown Clinic,
FL,2026-02-28,2,Lakeview Clinic,telehealth ok
MT,2026-02-28,4,Downtown Clinic,seasonal spike expected
MT,2026-02-28,3,Community Care,telehealth ok
MT,2026-02-28,1,Lakeview Clinic,
NE,2026-02-28,4,Downtown Clinic,
NE,2026-02-28,5,Community Care,seasonal spike expected
NE,2026-02-28,1,Northside Health,telehealth ok
CT,2026-02-28,5,Downtown Clinic,telehealth ok
CT,2026-02-28,4,Riverstone Medical,telehealth ok
CT,2026-02-28,3,Lakeview Clinic,telehealth ok
AL,2026-02-28,5,Lakeview Clinic,seasonal spike expected
AL,2026-02-28,4,Northside Health,telehealth ok
AL,2026-02-28,2,Community Care,telehealth ok
MD,2026-02-28,1,Northside Health,
MD,2026-02-28,2,Community Care,seasonal spike expected
MD,2026-02-28,4,Riverstone Medical,telehealth ok
ID,2026-02-28,1,Downtown Clinic,seasonal spike expected
ID,2026-02-28,4,Community Care,
ID,2026-02-28,3,Northside Health,seasonal spike expected
ND,2026-02-28,1,Downtown Clinic,telehealth ok
ND,2026-02-28,1,Community Care,seasonal spike expected
ND,2026-02-28,2,Riverstone Medical,
KS,2026-02-28,5,Lakeview Clinic,seasonal spike expected
KS,2026-02-28,1,Community Care,seasonal spike expected
KS,2026-02-28,1,Downtown Clinic,telehealth ok
VT,2026-02-28,2,Northside Health,
VT,2026-02-28,2,Riverstone Medical,telehealth ok
VT,2026-02-28,2,Downtown Clinic,telehealth ok
MI,2026-02-28,2,Lakeview Clinic,telehealth ok
MI,2026-02-28,4,Northside Health,
MI,2026-02-28,5,Riverstone Medical,telehealth ok
NY,2026-02-28,5,Community Care,telehealth ok
NY,2026-02-28,6,Northside Health,
NY,2026-02-28,6,Downtown Clinic,
UT,2026-02-28,2,Community Care,
UT,2026-02-28,4,Lakeview Clinic,
UT,2026-02-28,1,Downtown Clinic,seasonal spike expected
TX,2026-02-28,3,Riverstone Medical,
TX,2026-02-28,5,Downtown Clinic,seasonal spike expected
TX,2026-02-28,4,Northside Health,telehealth ok
LA,2026-02-28,3,Downtown Clinic,seasonal spike expected
LA,2026-02-28,3,Riverstone Medical,telehealth ok
LA,2026-02-28,4,Lakeview Clinic,
WV,2026-02-28,2,Community Care,seasonal spike expected
WV,2026-02-28,5,Lakeview Clinic,
WV,2026-02-28,4,Downtown Clinic,telehealth ok
NJ,2026-02-28,3,Community Care,telehealth ok
NJ,2026-02-28,5,Riverstone Medical,
NJ,2026-02-28,2,Northside Health,telehealth ok
NM,2026-02-28,5,Downtown Clinic,
NM,2026-02-28,1,Lakeview Clinic,seasonal spike expected
NM,2026-02-28,1,Riverstone Medical,telehealth ok
MN,2026-02-28,1,Northside Health,seasonal spike expected
MN,2026-02-28,5,Community Care,telehealth ok
MN,2026-02-28,2,Downtown Clinic,
MS,2026-02-28,5,Community Care,
MS,2026-02-28,4,Riverstone Medical,
MS,2026-02-28,4,Lakeview Clinic,
VA,2026-02-28,4,Lakeview Clinic,telehealth ok
VA,2026-02-28,5,Downtown Clinic,seasonal spike expected
VA,2026-02-28,2,Northside Health,telehealth ok
AR,2026-02-28,4,Lakeview Clinic,
AR,2026-02-28,4,Riverstone Medical,seasonal spike expected
AR,2026-02-28,1,Northside Health,
WY,2026-03-01,3,Lakeview Clinic,
WY,2026-03-01,5,Community Care,seasonal spike expected
WY,2026-03-01,3,Northside Health,telehealth ok
OR,2026-03-01,1,Community Care,seasonal spike expected
OR,2026-03-01,2,Lakeview Clinic,telehealth ok
OR,2026-03-01,3,Downtown Clinic,seasonal spike expected
CA,2026-03-01,3,Community Care,
CA,2026-03-01,6,Riverstone Medical,
CA,2026-03-01,3,Downtown Clinic,seasonal spike expected
GA,2026-03-01,3,Community Care,seasonal spike expected
GA,2026-03-01,5,Lakeview Clinic,telehealth ok
GA,2026-03-01,5,Northside Health,telehealth ok
AK,2026-03-01,4,Northside Health,
AK,2026-03-01,4,Downtown Clinic,telehealth ok
AK,2026-03-01,4,Community Care,
HI,2026-03-01,3,Lakeview Clinic,seasonal spike expected
HI,2026-03-01,3,Downtown Clinic,telehealth ok
HI,2026-03-01,5,Community Care,telehealth ok
PA,2026-03-01,4,Riverstone Medical,telehealth ok
PA,2026-03-01,4,Downtown Clinic,telehealth ok
PA,2026-03-01,3,Lakeview Clinic,
AZ,2026-03-01,4,Downtown Clinic,telehealth ok
AZ,2026-03-01,4,Riverstone Medical,seasonal spike expected
AZ,2026-03-01,2,Northside Health,telehealth ok
RI,2026-03-01,4,Downtown Clinic,
RI,2026-03-01,2,Riverstone Medical,telehealth ok
RI,2026-03-01,4,Community Care,seasonal spike expected
NC,2026-03-01,4,Lakeview Clinic,telehealth ok
NC,2026-03-01,4,Community Care,
NC,2026-03-01,4,Riverstone Medical,seasonal spike expected
TN,2026-03-01,2,Riverstone Medical,telehealth ok
TN,2026-03-01,4,Lakeview Clinic,telehealth ok
TN,2026-03-01,5,Downtown Clinic,seasonal spike expected
IL,2026-03-01,2,Downtown Clinic,
IL,2026-03-01,2,Northside Health,
IL,2026-03-01,3,Lakeview Clinic,
NH,2026-03-01,1,Lakeview Clinic,telehealth ok
NH,2026-03-01,2,Community Care,seasonal spike expected
NH,2026-03-01,2,Northside Health,telehealth ok
FL,2026-03-01,2,Community Care,telehealth ok
FL,2026-03-01,4,Lakeview Clinic,seasonal spike expected
FL,2026-03-01,6,Riverstone Medical,telehealth ok
MT,2026-03-01,4,Community Care,seasonal spike expected
MT,2026-03-01,2,Riverstone Medical,seasonal spike expected
MT,2026-03-01,3,Lakeview Clinic,telehealth ok
NE,2026-03-01,2,Downtown Clinic,
NE,2026-03-01,5,Riverstone Medical,
NE,2026-03-01,4,Northside Health,
CT,2026-03-01,5,Lakeview Clinic,seasonal spike expected
CT,2026-03-01,4,Community Care,seasonal spike expected
CT,2026-03-01,3,Downtown Clinic,seasonal spike expected
AL,2026-03-01,2,Riverstone Medical,seasonal spike expected
AL,2026-03-01,5,Northside Health,telehealth ok
AL,2026-03-01,2,Community Care,
MD,2026-03-01,5,Community Care,seasonal spike expected
MD,2026-03-01,5,Lakeview Clinic,
MD,2026-03-01,1,Riverstone Medical,seasonal spike expected
ID,2026-03-01,2,Riverstone Medical,seasonal spike expected
ID,2026-03-01,2,Northside Health,telehealth ok
ID,2026-03-01,2,Downtown Clinic,
ND,2026-03-01,5,Northside Health,
ND,2026-03-01,4,Community Care,telehealth ok
ND,2026-03-01,3,Downtown Clinic,
KS,2026-03-01,1,Downtown Clinic,seasonal spike expected
KS,2026-03-01,2,Riverstone Medical,seasonal spike expected
KS,2026-03-01,5,Community Care,seasonal spike expected
VT,2026-03-01,2,Riverstone Medical,telehealth ok
VT,2026-03-01,5,Community Care,telehealth ok
VT,2026-03-01,4,Downtown Clinic,
MI,2026-03-01,2,Community Care,seasonal spike expected
MI,2026-03-01,2,Riverstone Medical,
MI,2026-03-01,1,Downtown Clinic,telehealth ok
NY,2026-03-01,5,Northside Health,
NY,2026-03-01,6,Downtown Clinic,
NY,2026-03-01,3,Community Care,telehealth ok
UT,2026-03-01,3,Northside Health,telehealth ok
UT,2026-03-01,3,Community Care,
UT,2026-03-01,5,Downtown Clinic,
TX,2026-03-01,4,Lakeview Clinic,seasonal spike expected
TX,2026-03-01,3,Community Care,telehealth ok
TX,2026-03-01,4,Northside Health,seasonal spike expected
LA,2026-03-01,2,Downtown Clinic,telehealth ok
LA,2026-03-01,2,Riverstone Medical,telehealth ok
LA,2026-03-01,1,Lakeview Clinic,
WV,2026-03-01,2,Downtown Clinic,seasonal spike expected
WV,2026-03-01,5,Lakeview Clinic,seasonal spike expected
WV,2026-03-01,5,Riverstone Medical,telehealth ok
NJ,2026-03-01,5,Lakeview Clinic,
NJ,2026-03-01,5,Northside Health,telehealth ok
NJ,2026-03-01,4,Riverstone Medical,telehealth ok
NM,2026-03-01,5,Lakeview Clinic,seasonal spike expected
NM,2026-03-01,4,Downtown Clinic,
NM,2026-03-01,4,Northside Health,
MN,2026-03-01,5,Downtown Clinic,seasonal spike expected
MN,2026-03-01,5,Lakeview Clinic,seasonal spike expected
MN,2026-03-01,5,Northside Health,
MS,2026-03-01,5,Community Care,telehealth ok
MS,2026-03-01,3,Northside Health,seasonal spike expected
MS,2026-03-01,3,Riverstone Medical,
VA,2026-03-01,2,Riverstone Medical,telehealth ok
VA,2026-03-01,1,Northside Health,
VA,2026-03-01,4,Downtown Clinic,telehealth ok
AR,2026-03-01,2,Community Care,
AR,2026-03-01,5,Lakeview Clinic,seasonal spike expected
AR,2026-03-01,2,Downtown Clinic,
WY,2026-03-02,2,Riverstone Medical,
WY,2026-03-02,6,Downtown Clinic,telehealth ok
WY,2026-03-02,2,Northside Health,telehealth ok
OR,2026-03-02,4,Community Care,telehealth ok
OR,2026-03-02,6,Northside Health,
OR,2026-03-02,3,Lakeview Clinic,
CA,2026-03-02,4,Downtown Clinic,telehealth ok
CA,2026-03-02,4,Community Care,seasonal spike expected
CA,2026-03-02,7,Riverstone Medical,seasonal spike expected
GA,2026-03-02,4,Lakeview Clinic,
GA,2026-03-02,3,Downtown Clinic,telehealth ok
GA,2026-03-02,2,Northside Health,telehealth ok
AK,2026-03-02,6,Northside Health,
AK,2026-03-02,5,Riverstone Medical,seasonal spike expected
AK,2026-03-02,2,Community Care,
HI,2026-03-02,4,Community Care,
HI,2026-03-02,2,Downtown Clinic,telehealth ok
HI,2026-03-02,4,Lakeview Clinic,telehealth ok
PA,2026-03-02,3,Downtown Clinic,
PA,2026-03-02,2,Community Care,seasonal spike expected
PA,2026-03-02,4,Lakeview Clinic,seasonal spike expected
AZ,2026-03-02,2,Community Care,telehealth ok
AZ,2026-03-02,3,Lakeview Clinic,seasonal spike expected
AZ,2026-03-02,6,Riverstone Medical,
RI,2026-03-02,5,Downtown Clinic,telehealth ok
RI,2026-03-02,3,Northside Health,telehealth ok
RI,2026-03-02,5,Riverstone Medical,
NC,2026-03-02,3,Northside Health,telehealth ok
NC,2026-03-02,6,Community Care,
NC,2026-03-02,6,Lakeview Clinic,telehealth ok
TN,2026-03-02,2,Lakeview Clinic,telehealth ok
TN,2026-03-02,4,Northside Health,
TN,2026-03-02,2,Downtown Clinic,seasonal spike expected
IL,2026-03-02,3,Northside Health,seasonal spike expected
IL,2026-03-02,3,Downtown Clinic,seasonal spike expected
IL,2026-03-02,2,Riverstone Medical,telehealth ok
NH,2026-03-02,2,Downtown Clinic,
NH,2026-03-02,6,Northside Health,seasonal spike expected
NH,2026-03-02,6,Riverstone Medical,telehealth ok
FL,2026-03-02,5,Lakeview Clinic,telehealth ok
FL,2026-03-02,6,Community Care,telehealth ok
FL,2026-03-02,4,Downtown Clinic,
MT,2026-03-02,3,Northside Health,
MT,2026-03-02,4,Downtown Clinic,telehealth ok
MT,2026-03-02,5,Riverstone Medical,telehealth ok
NE,2026-03-02,6,Downtown Clinic,seasonal spike expected
NE,2026-03-02,2,Lakeview Clinic,
NE,2026-03-02,4,Northside Health,telehealth ok
CT,2026-03-02,4,Community Care,seasonal spike expected
CT,2026-03-02,6,Riverstone Medical,
CT,2026-03-02,6,Downtown Clinic,
AL,2026-03-02,5,Downtown Clinic,telehealth ok
AL,2026-03-02,5,Lakeview Clinic,
AL,2026-03-02,6,Northside Health,seasonal spike expected
MD,2026-03-02,4,Downtown Clinic,seasonal spike expected
MD,2026-03-02,4,Riverstone Medical,telehealth ok
MD,2026-03-02,2,Lakeview Clinic,
ID,2026-03-02,3,Riverstone Medical,telehealth ok
ID,2026-03-02,6,Downtown Clinic,
ID,2026-03-02,4,Community Care,
ND,2026-03-02,4,Lakeview Clinic,
ND,2026-03-02,3,Northside Health,seasonal spike expected
ND,2026-03-02,3,Community Care,
KS,2026-03-02,2,Riverstone Medical,
KS,2026-03-02,3,Northside Health,telehealth ok
KS,2026-03-02,3,Downtown Clinic,
VT,2026-03-02,5,Lakeview Clinic,seasonal spike expected
VT,2026-03-02,4,Community Care,telehealth ok
VT,2026-03-02,2,Riverstone Medical,seasonal spike expected
MI,2026-03-02,4,Community Care,telehealth ok
MI,2026-03-02,5,Downtown Clinic,seasonal spike expected
MI,2026-03-02,2,Northside Health,
NY,2026-03-02,4,Downtown Clinic,seasonal spike expected
NY,2026-03-02,4,Community Care,telehealth ok
NY,2026-03-02,3,Lakeview Clinic,seasonal spike expected
UT,2026-03-02,6,Community Care,seasonal spike expected
UT,2026-03-02,6,Lakeview Clinic,seasonal spike expected
UT,2026-03-02,4,Northside Health,seasonal spike expected
TX,2026-03-02,6,Northside Health,seasonal spike expected
TX,2026-03-02,3,Downtown Clinic,telehealth ok
TX,2026-03-02,7,Lakeview Clinic,seasonal spike expected
LA,2026-03-02,5,Riverstone Medical,seasonal spike expected
LA,2026-03-02,3,Downtown Clinic,telehealth ok
LA,2026-03-02,3,Lakeview Clinic,seasonal spike expected
WV,2026-03-02,5,Lakeview Clinic,telehealth ok
WV,2026-03-02,6,Riverstone Medical,telehealth ok
WV,2026-03-02,3,Community Care,telehealth ok
NJ,2026-03-02,5,Riverstone Medical,seasonal spike expected
NJ,2026-03-02,5,Northside Health,seasonal spike expected
NJ,2026-03-02,6,Downtown Clinic,
NM,2026-03-02,4,Riverstone Medical,seasonal spike expected
NM,2026-03-02,3,Downtown Clinic,telehealth ok
NM,2026-03-02,3,Lakeview Clinic,telehealth ok
MN,2026-03-02,5,Community Care,
MN,2026-03-02,3,Riverstone Medical,
MN,2026-03-02,4,Lakeview Clinic,seasonal spike expected
MS,2026-03-02,4,Lakeview Clinic,telehealth ok
MS,2026-03-02,2,Downtown Clinic,
MS,2026-03-02,3,Northside Health,telehealth ok
VA,2026-03-02,3,Northside Health,
VA,2026-03-02,3,Community Care,
VA,2026-03-02,2,Riverstone Medical,telehealth ok
AR,2026-03-02,2,Northside Health,telehealth ok
AR,2026-03-02,2,Downtown Clinic,telehealth ok
AR,2026-03-02,6,Riverstone Medical,
WY,2026-03-03,4,Riverstone Medical,seasonal spike expected
WY,2026-03-03,2,Lakeview Clinic,seasonal spike expected
WY,2026-03-03,4,Community Care,
OR,2026-03-03,4,Lakeview Clinic,
OR,2026-03-03,3,Downtown Clinic,seasonal spike expected
OR,2026-03-03,2,Northside Health,seasonal spike expected
CA,2026-03-03,3,Northside Health,telehealth ok
CA,2026-03-03,7,Riverstone Medical,seasonal spike expected
CA,2026-03-03,6,Downtown Clinic,seasonal spike expected
GA,2026-03-03,5,Lakeview Clinic,seasonal spike expected
GA,2026-03-03,5,Downtown Clinic,telehealth ok
GA,2026-03-03,5,Northside Health,seasonal spike expected
AK,2026-03-03,3,Lakeview Clinic,
AK,2026-03-03,2,Downtown Clinic,telehealth ok
AK,2026-03-03,6,Riverstone Medical,
HI,2026-03-03,4,Downtown Clinic,seasonal spike expected
HI,2026-03-03,3,Lakeview Clinic,
HI,2026-03-03,4,Riverstone Medical,seasonal spike expected
PA,2026-03-03,3,Community Care,seasonal spike expected
PA,2026-03-03,5,Lakeview Clinic,seasonal spike expected
PA,2026-03-03,4,Northside Health,
AZ,2026-03-03,2,Lakeview Clinic,telehealth ok
AZ,2026-03-03,5,Community Care,seasonal spike expected
AZ,2026-03-03,2,Northside Health,telehealth ok
RI,2026-03-03,6,Riverstone Medical,
RI,2026-03-03,3,Northside Health,
RI,2026-03-03,5,Downtown Clinic,seasonal spike expected
NC,2026-03-03,3,Lakeview Clinic,seasonal spike expected
NC,2026-03-03,6,Downtown Clinic,telehealth ok
NC,2026-03-03,5,Riverstone Medical,telehealth ok
TN,2026-03-03,4,Northside Health,seasonal spike expected
TN,2026-03-03,6,Community Care,
TN,2026-03-03,2,Riverstone Medical,seasonal spike expected
IL,2026-03-03,2,Northside Health,telehealth ok
IL,2026-03-03,6,Community Care,seasonal spike expected
IL,2026-03-03,5,Downtown Clinic,telehealth ok
NH,2026-03-03,2,Downtown Clinic,
NH,2026-03-03,6,Lakeview Clinic,seasonal spike expected
NH,2026-03-03,6,Riverstone Medical,seasonal spike expected
FL,2026-03-03,6,Northside Health,seasonal spike expected
FL,2026-03-03,3,Downtown Clinic,
FL,2026-03-03,5,Community Care,telehealth ok
MT,2026-03-03,6,Lakeview Clinic,seasonal spike expected
MT,2026-03-03,5,Downtown Clinic,telehealth ok
MT,2026-03-03,6,Riverstone Medical,telehealth ok
NE,2026-03-03,4,Riverstone Medical,telehealth ok
NE,2026-03-03,5,Lakeview Clinic,telehealth ok
NE,2026-03-03,5,Northside Health,telehealth ok
CT,2026-03-03,3,Northside Health,seasonal spike expected
CT,2026-03-03,5,Downtown Clinic,seasonal spike expected
CT,2026-03-03,5,Community Care,seasonal spike expected
AL,2026-03-03,4,Lakeview Clinic,
AL,2026-03-03,3,Riverstone Medical,telehealth ok
AL,2026-03-03,4,Downtown Clinic,
MD,2026-03-03,6,Downtown Clinic,telehealth ok
MD,2026-03-03,2,Community Care,telehealth ok
MD,2026-03-03,6,Lakeview Clinic,
ID,2026-03-03,6,Lakeview Clinic,telehealth ok
ID,2026-03-03,4,Community Care,seasonal spike expected
ID,2026-03-03,4,Downtown Clinic,telehealth ok
ND,2026-03-03,2,Downtown Clinic,telehealth ok
ND,2026-03-03,3,Community Care,
ND,2026-03-03,6,Northside Health,telehealth ok
KS,2026-03-03,3,Northside Health,telehealth ok
KS,2026-03-03,6,Downtown Clinic,seasonal spike expected
KS,2026-03-03,3,Riverstone Medical,seasonal spike expected
VT,2026-03-03,3,Riverstone Medical,telehealth ok
VT,2026-03-03,2,Lakeview Clinic,
VT,2026-03-03,5,Northside Health,seasonal spike expected
MI,2026-03-03,4,Downtown Clinic,
MI,2026-03-03,3,Community Care,seasonal spike expected
MI,2026-03-03,6,Northside Health,telehealth ok
NY,2026-03-03,3,Downtown Clinic,telehealth ok
NY,2026-03-03,6,Community Care,
NY,2026-03-03,3,Northside Health,seasonal spike expected
UT,2026-03-03,2,Downtown Clinic,telehealth ok
UT,2026-03-03,4,Community Care,
UT,2026-03-03,4,Lakeview Clinic,seasonal spike expected
TX,2026-03-03,3,Community Care,seasonal spike expected
TX,2026-03-03,7,Riverstone Medical,telehealth ok
TX,2026-03-03,3,Downtown Clinic,seasonal spike expected
LA,2026-03-03,2,Northside Health,telehealth ok
LA,2026-03-03,5,Lakeview Clinic,
LA,2026-03-03,3,Community Care,telehealth ok
WV,2026-03-03,5,Riverstone Medical,
WV,2026-03-03,3,Lakeview Clinic,telehealth ok
WV,2026-03-03,2,Community Care,seasonal spike expected
NJ,2026-03-03,5,Riverstone Medical,
NJ,2026-03-03,4,Lakeview Clinic,
NJ,2026-03-03,5,Community Care,seasonal spike expected
NM,2026-03-03,6,Riverstone Medical,
NM,2026-03-03,6,Lakeview Clinic,seasonal spike expected
NM,2026-03-03,2,Northside Health,seasonal spike expected
MN,2026-03-03,3,Riverstone Medical,seasonal spike expected
MN,2026-03-03,3,Northside Health,telehealth ok
MN,2026-03-03,3,Community Care,telehealth ok
MS,2026-03-03,5,Lakeview Clinic,seasonal spike expected
MS,2026-03-03,4,Community Care,telehealth ok
MS,2026-03-03,6,Downtown Clinic,seasonal spike expected
VA,2026-03-03,4,Lakeview Clinic,seasonal spike expected
VA,2026-03-03,3,Riverstone Medical,
VA,2026-03-03,4,Northside Health,seasonal spike expected
AR,2026-03-03,5,Community Care,seasonal spike expected
AR,2026-03-03,3,Downtown Clinic,telehealth ok
AR,2026-03-03,2,Riverstone Medical,seasonal spike expected
WY,2026-03-04,3,Downtown Clinic,
WY,2026-03-04,5,Northside Health,telehealth ok
WY,2026-03-04,6,Lakeview Clinic,
OR,2026-03-04,6,Northside Health,telehealth ok
OR,2026-03-04,3,Community Care,
OR,2026-03-04,5,Lakeview Clinic,telehealth ok
CA,2026-03-04,7,Northside Health,
CA,2026-03-04,4,Downtown Clinic,
CA,2026-03-04,4,Riverstone Medical,telehealth ok
GA,2026-03-04,3,Downtown Clinic,
GA,2026-03-04,3,Riverstone Medical,telehealth ok
GA,2026-03-04,3,Northside Health,seasonal spike expected
AK,2026-03-04,2,Community Care,seasonal spike expected
AK,2026-03-04,3,Northside Health,seasonal spike expected
AK,2026-03-04,3,Lakeview Clinic,seasonal spike expected
HI,2026-03-04,2,Community Care,telehealth ok
HI,2026-03-04,5,Riverstone Medical,telehealth ok
HI,2026-03-04,2,Northside Health,
PA,2026-03-04,6,Downtown Clinic,telehealth ok
PA,2026-03-04,5,Lakeview Clinic,telehealth ok
PA,2026-03-04,2,Northside Health,telehealth ok
AZ,2026-03-04,2,Community Care,telehealth ok
AZ,2026-03-04,3,Northside Health,telehealth ok
AZ,2026-03-04,4,Riverstone Medical,
RI,2026-03-04,3,Northside Health,telehealth ok
RI,2026-03-04,3,Community Care,telehealth ok
RI,2026-03-04,4,Lakeview Clinic,
NC,2026-03-04,6,Lakeview Clinic,telehealth ok
NC,2026-03-04,5,Riverstone Medical,seasonal spike expected
NC,2026-03-04,2,Downtown Clinic,seasonal spike expected
TN,2026-03-04,6,Riverstone Medical,seasonal spike expected
TN,2026-03-04,4,Lakeview Clinic,seasonal spike expected
TN,2026-03-04,2,Community Care,
IL,2026-03-04,6,Northside Health,
IL,2026-03-04,4,Riverstone Medical,telehealth ok
IL,2026-03-04,2,Downtown Clinic,telehealth ok
NH,2026-03-04,4,Riverstone Medical,telehealth ok
NH,2026-03-04,6,Lakeview Clinic,seasonal spike expected
NH,2026-03-04,3,Community Care,telehealth ok
FL,2026-03-04,7,Riverstone Medical,
FL,2026-03-04,4,Northside Health,telehealth ok
FL,2026-03-04,7,Lakeview Clinic,telehealth ok
MT,2026-03-04,3,Community Care,seasonal spike expected
MT,2026-03-04,4,Riverstone Medical,telehealth ok
MT,2026-03-04,5,Northside Health,seasonal spike expected
NE,2026-03-04,5,Downtown Clinic,telehealth ok
NE,2026-03-04,5,Lakeview Clinic,seasonal spike expected
NE,2026-03-04,2,Riverstone Medical,telehealth ok
CT,2026-03-04,5,Riverstone Medical,seasonal spike expected
CT,2026-03-04,2,Downtown Clinic,
CT,2026-03-04,4,Community Care,
AL,2026-03-04,2,Northside Health,
AL,2026-03-04,4,Riverstone Medical,telehealth ok
AL,2026-03-04,4,Downtown Clinic,
MD,2026-03-04,4,Community Care,seasonal spike expected
MD,2026-03-04,2,Downtown Clinic,telehealth ok
MD,2026-03-04,4,Riverstone Medical,telehealth ok
ID,2026-03-04,5,Northside Health,telehealth ok
ID,2026-03-04,2,Lakeview Clinic,
ID,2026-03-04,2,Riverstone Medical,seasonal spike expected
ND,2026-03-04,3,Lakeview Clinic,telehealth ok
ND,2026-03-04,5,Community Care,
ND,2026-03-04,2,Downtown Clinic,
KS,2026-03-04,2,Downtown Clinic,
KS,2026-03-04,3,Riverstone Medical,
KS,2026-03-04,2,Community Care,
VT,2026-03-04,3,Northside Health,telehealth ok
VT,2026-03-04,6,Downtown Clinic,
VT,2026-03-04,3,Riverstone Medical,
MI,2026-03-04,5,Riverstone Medical,
MI,2026-03-04,2,Downtown Clinic,
MI,2026-03-04,2,Northside Health,seasonal spike expected
NY,2026-03-04,6,Riverstone Medical,
NY,2026-03-04,6,Downtown Clinic,telehealth ok
NY,2026-03-04,3,Community Care,telehealth ok
UT,2026-03-04,5,Community Care,seasonal spike expected
UT,2026-03-04,3,Downtown Clinic,seasonal spike expected
UT,2026-03-04,6,Lakeview Clinic,seasonal spike expected
TX,2026-03-04,4,Riverstone Medical,
TX,2026-03-04,4,Lakeview Clinic,seasonal spike expected
TX,2026-03-04,6,Downtown Clinic,seasonal spike expected
LA,2026-03-04,2,Community Care,telehealth ok
LA,2026-03-04,4,Lakeview Clinic,seasonal spike expected
LA,2026-03-04,3,Northside Health,
WV,2026-03-04,5,Riverstone Medical,seasonal spike expected
WV,2026-03-04,6,Lakeview Clinic,
WV,2026-03-04,3,Community Care,telehealth ok
NJ,2026-03-04,2,Community Care,telehealth ok
NJ,2026-03-04,3,Lakeview Clinic,seasonal spike expected
NJ,2026-03-04,5,Riverstone Medical,seasonal spike expected
NM,2026-03-04,6,Community Care,telehealth ok
NM,2026-03-04,5,Downtown Clinic,
NM,2026-03-04,5,Riverstone Medical,seasonal spike expected
MN,2026-03-04,3,Riverstone Medical,telehealth ok
MN,2026-03-04,3,Community Care,seasonal spike expected
MN,2026-03-04,5,Northside Health,
MS,2026-03-04,5,Riverstone Medical,
MS,2026-03-04,5,Downtown Clinic,seasonal spike expected
MS,2026-03-04,2,Community Care,telehealth ok
VA,2026-03-04,4,Community Care,
VA,2026-03-04,2,Downtown Clinic,
VA,2026-03-04,2,Riverstone Medical,
AR,2026-03-04,6,Riverstone Medical,seasonal spike expected
AR,2026-03-04,4,Northside Health,seasonal spike expected
AR,2026-03-04,6,Community Care,seasonal spike expected
WY,2026-03-05,5,Riverstone Medical,
WY,2026-03-05,7,Lakeview Clinic,telehealth ok
WY,2026-03-05,6,Community Care,
OR,2026-03-05,4,Lakeview Clinic,seasonal spike expected
OR,2026-03-05,8,Riverstone Medical,telehealth ok
OR,2026-03-05,5,Northside Health,
CA,2026-03-05,5,Riverstone Medical,telehealth ok
CA,2026-03-05,7,Northside Health,
CA,2026-03-05,8,Community Care,seasonal spike expected
GA,2026-03-05,5,Downtown Clinic,
GA,2026-03-05,7,Northside Health,seasonal spike expected
GA,2026-03-05,7,Riverstone Medical,seasonal spike expected
AK,2026-03-05,8,Downtown Clinic,seasonal spike expected
AK,2026-03-05,6,Lakeview Clinic,seasonal spike expected
AK,2026-03-05,8,Community Care,telehealth ok
HI,2026-03-05,4,Downtown Clinic,telehealth ok
HI,2026-03-05,7,Lakeview Clinic,telehealth ok
HI,2026-03-05,6,Riverstone Medical,
PA,2026-03-05,6,Community Care,telehealth ok
PA,2026-03-05,6,Downtown Clinic,telehealth ok
PA,2026-03-05,7,Lakeview Clinic,seasonal spike expected
AZ,2026-03-05,5,Community Care,seasonal spike expected
AZ,2026-03-05,8,Riverstone Medical,telehealth ok
AZ,2026-03-05,5,Downtown Clinic,telehealth ok
RI,2026-03-05,8,Downtown Clinic,
RI,2026-03-05,6,Northside Health,telehealth ok
RI,2026-03-05,4,Community Care,telehealth ok
NC,2026-03-05,5,Northside Health,seasonal spike expected
NC,2026-03-05,6,Riverstone Medical,
NC,2026-03-05,7,Downtown Clinic,
TN,2026-03-05,4,Community Care,seasonal spike expected
TN,2026-03-05,5,Northside Health,telehealth ok
TN,2026-03-05,4,Riverstone Medical,
IL,2026-03-05,4,Community Care,seasonal spike expected
IL,2026-03-05,8,Downtown Clinic,seasonal spike expected
IL,2026-03-05,6,Riverstone Medical,telehealth ok
NH,2026-03-05,8,Downtown Clinic,telehealth ok
NH,2026-03-05,6,Northside Health,
NH,2026-03-05,8,Lakeview Clinic,
FL,2026-03-05,8,Northside Health,
FL,2026-03-05,8,Downtown Clinic,seasonal spike expected
FL,2026-03-05,6,Riverstone Medical,seasonal spike expected
MT,2026-03-05,7,Riverstone Medical,
MT,2026-03-05,5,Community Care,
MT,2026-03-05,7,Northside Health,seasonal spike expected
NE,2026-03-05,4,Lakeview Clinic,seasonal spike expected
NE,2026-03-05,8,Riverstone Medical,
NE,2026-03-05,6,Downtown Clinic,
CT,2026-03-05,7,Downtown Clinic,telehealth ok
CT,2026-03-05,7,Community Care,
CT,2026-03-05,7,Riverstone Medical,seasonal spike expected
AL,2026-03-05,6,Northside Health,telehealth ok
AL,2026-03-05,7,Riverstone Medical,seasonal spike expected
AL,2026-03-05,5,Community Care,
MD,2026-03-05,5,Northside Health,telehealth ok
MD,2026-03-05,5,Riverstone Medical,seasonal spike expected
MD,2026-03-05,7,Lakeview Clinic,telehealth ok
ID,2026-03-05,4,Northside Health,telehealth ok
ID,2026-03-05,8,Riverstone Medical,seasonal spike expected
ID,2026-03-05,5,Downtown Clinic,telehealth ok
ND,2026-03-05,6,Riverstone Medical,seasonal spike expected
ND,2026-03-05,6,Community Care,
ND,2026-03-05,8,Lakeview Clinic,seasonal spike expected
KS,2026-03-05,4,Community Care,telehealth ok
KS,2026-03-05,7,Riverstone Medical,
KS,2026-03-05,8,Downtown Clinic,telehealth ok
VT,2026-03-05,5,Lakeview Clinic,
VT,2026-03-05,5,Downtown Clinic,telehealth ok
VT,2026-03-05,4,Community Care,
MI,2026-03-05,8,Downtown Clinic,
MI,2026-03-05,4,Northside Health,
MI,2026-03-05,8,Community Care,seasonal spike expected
NY,2026-03-05,5,Riverstone Medical,telehealth ok
NY,2026-03-05,5,Community Care,seasonal spike expected
NY,2026-03-05,9,Downtown Clinic,telehealth ok
UT,2026-03-05,6,Community Care,
UT,2026-03-05,6,Downtown Clinic,
UT,2026-03-05,8,Northside Health,telehealth ok
TX,2026-03-05,7,Riverstone Medical,
TX,2026-03-05,5,Downtown Clinic,seasonal spike expected
TX,2026-03-05,6,Northside Health,
LA,2026-03-05,6,Northside Health,
LA,2026-03-05,5,Riverstone Medical,seasonal spike expected
LA,2026-03-05,8,Community Care,telehealth ok
WV,2026-03-05,5,Community Care,seasonal spike expected
WV,2026-03-05,8,Northside Health,telehealth ok
WV,2026-03-05,5,Lakeview Clinic,seasonal spike expected
NJ,2026-03-05,5,Lakeview Clinic,
NJ,2026-03-05,4,Community Care,telehealth ok
NJ,2026-03-05,6,Northside Health,
NM,2026-03-05,6,Downtown Clinic,
NM,2026-03-05,7,Northside Health,seasonal spike expected
NM,2026-03-05,5,Community Care,
MN,2026-03-05,7,Lakeview Clinic,telehealth ok
MN,2026-03-05,7,Northside Health,
MN,2026-03-05,4,Community Care,seasonal spike expected
MS,2026-03-05,6,Downtown Clinic,seasonal spike expected
MS,2026-03-05,6,Northside Health,
MS,2026-03-05,5,Community Care,seasonal spike expected
VA,2026-03-05,6,Downtown Clinic,seasonal spike expected
VA,2026-03-05,6,Lakeview Clinic,seasonal spike expected
VA,2026-03-05,7,Riverstone Medical,
AR,2026-03-05,6,Northside Health,seasonal spike expected
AR,2026-03-05,6,Riverstone Medical,seasonal spike expected
AR,2026-03-05,4,Lakeview Clinic,
WY,2026-03-06,6,Northside Health,telehealth ok
WY,2026-03-06,2,Lakeview Clinic,
WY,2026-03-06,4,Community Care,telehealth ok
OR,2026-03-06,4,Community Care,telehealth ok
OR,2026-03-06,3,Northside Health,
OR,2026-03-06,4,Lakeview Clinic,seasonal spike expected
CA,2026-03-06,6,Downtown Clinic,seasonal spike expected
CA,2026-03-06,5,Northside Health,
CA,2026-03-06,3,Riverstone Medical,
GA,2026-03-06,5,Downtown Clinic,telehealth ok
GA,2026-03-06,3,Northside Health,
GA,2026-03-06,5,Riverstone Medical,telehealth ok
AK,2026-03-06,5,Community Care,seasonal spike expected
AK,2026-03-06,5,Northside Health,seasonal spike expected
AK,2026-03-06,6,Downtown Clinic,telehealth ok
HI,2026-03-06,2,Northside Health,seasonal spike expected
HI,2026-03-06,6,Downtown Clinic,
HI,2026-03-06,3,Riverstone Medical,seasonal spike expected
PA,2026-03-06,6,Riverstone Medical,seasonal spike expected
PA,2026-03-06,3,Lakeview Clinic,seasonal spike expected
PA,2026-03-06,4,Downtown Clinic,
AZ,2026-03-06,6,Lakeview Clinic,seasonal spike expected
AZ,2026-03-06,2,Community Care,seasonal spike expected
AZ,2026-03-06,4,Northside Health,
RI,2026-03-06,6,Lakeview Clinic,
RI,2026-03-06,5,Community Care,telehealth ok
RI,2026-03-06,6,Downtown Clinic,telehealth ok
NC,2026-03-06,6,Riverstone Medical,telehealth ok
NC,2026-03-06,4,Community Care,telehealth ok
NC,2026-03-06,2,Northside Health,telehealth ok
TN,2026-03-06,3,Riverstone Medical,telehealth ok
TN,2026-03-06,5,Lakeview Clinic,seasonal spike expected
TN,2026-03-06,5,Community Care,seasonal spike expected
IL,2026-03-06,4,Lakeview Clinic,seasonal spike expected
IL,2026-03-06,5,Community Care,telehealth ok
IL,2026-03-06,6,Downtown Clinic,
NH,2026-03-06,2,Community Care,
NH,2026-03-06,6,Northside Health,telehealth ok
NH,2026-03-06,5,Lakeview Clinic,seasonal spike expected
FL,2026-03-06,7,Northside Health,seasonal spike expected
FL,2026-03-06,7,Riverstone Medical,seasonal spike expected
FL,2026-03-06,7,Community Care,telehealth ok
MT,2026-03-06,6,Community Care,seasonal spike expected
MT,2026-03-06,6,Northside Health,seasonal spike expected
MT,2026-03-06,6,Downtown Clinic,seasonal spike expected
NE,2026-03-06,4,Riverstone Medical,
NE,2026-03-06,6,Northside Health,seasonal spike expected
NE,2026-03-06,5,Lakeview Clinic,
CT,2026-03-06,5,Northside Health,telehealth ok
CT,2026-03-06,3,Riverstone Medical,seasonal spike expected
CT,2026-03-06,4,Community Care,telehealth ok
AL,2026-03-06,5,Community Care,
AL,2026-03-06,2,Riverstone Medical,
AL,2026-03-06,2,Lakeview Clinic,seasonal spike expected
MD,2026-03-06,4,Community Care,seasonal spike expected
MD,2026-03-06,3,Northside Health,
MD,2026-03-06,6,Downtown Clinic,
ID,2026-03-06,5,Riverstone Medical,telehealth ok
ID,2026-03-06,4,Downtown Clinic,telehealth ok
ID,2026-03-06,5,Northside Health,telehealth ok
ND,2026-03-06,4,Downtown Clinic,telehealth ok
ND,2026-03-06,4,Lakeview Clinic,seasonal spike expected
ND,2026-03-06,2,Community Care,seasonal spike expected
KS,2026-03-06,2,Downtown Clinic,
KS,2026-03-06,5,Riverstone Medical,telehealth ok
KS,2026-03-06,2,Community Care,
VT,2026-03-06,6,Northside Health,telehealth ok
VT,2026-03-06,6,Community Care,telehealth ok
VT,2026-03-06,3,Lakeview Clinic,
MI,2026-03-06,5,Downtown Clinic,seasonal spike expected
MI,2026-03-06,5,Northside Health,seasonal spike expected
MI,2026-03-06,5,Lakeview Clinic,seasonal spike expected
NY,2026-03-06,5,Community Care,seasonal spike expected
NY,2026-03-06,3,Riverstone Medical,telehealth ok
NY,2026-03-06,4,Downtown Clinic,
UT,2026-03-06,5,Downtown Clinic,telehealth ok
UT,2026-03-06,2,Riverstone Medical,telehealth ok
UT,2026-03-06,3,Community Care,seasonal spike expected
TX,2026-03-06,5,Lakeview Clinic,
TX,2026-03-06,4,Northside Health,seasonal spike expected
TX,2026-03-06,6,Riverstone Medical,
LA,2026-03-06,3,Northside Health,
LA,2026-03-06,3,Downtown Clinic,telehealth ok
LA,2026-03-06,4,Community Care,seasonal spike expected
WV,2026-03-06,2,Downtown Clinic,
WV,2026-03-06,4,Riverstone Medical,
WV,2026-03-06,2,Community Care,
NJ,2026-03-06,2,Community Care,
NJ,2026-03-06,4,Downtown Clinic,seasonal spike expected
NJ,2026-03-06,2,Lakeview Clinic,seasonal spike expected
NM,2026-03-06,4,Lakeview Clinic,seasonal spike expected
NM,2026-03-06,4,Riverstone Medical,telehealth ok
NM,2026-03-06,2,Downtown Clinic,
MN,2026-03-06,6,Northside Health,telehealth ok
MN,2026-03-06,3,Riverstone Medical,telehealth ok
MN,2026-03-06,4,Lakeview Clinic,telehealth ok
MS,2026-03-06,6,Riverstone Medical,telehealth ok
MS,2026-03-06,4,Northside Health,telehealth ok
MS,2026-03-06,3,Downtown Clinic,
VA,2026-03-06,5,Lakeview Clinic,telehealth ok
VA,2026-03-06,5,Community Care,seasonal spike expected
VA,2026-03-06,2,Northside Health,seasonal spike expected
AR,2026-03-06,3,Downtown Clinic,seasonal spike expected
AR,2026-03-06,3,Riverstone Medical,telehealth ok
AR,2026-03-06,4,Northside Health,
WY,2026-03-07,1,Northside Health,seasonal spike expected
WY,2026-03-07,1,Downtown Clinic,telehealth ok
WY,2026-03-07,1,Riverstone Medical,telehealth ok
OR,2026-03-07,2,Riverstone Medical,
OR,2026-03-07,4,Community Care,
OR,2026-03-07,1,Downtown Clinic,seasonal spike expected
CA,2026-03-07,4,Community Care,telehealth ok
CA,2026-03-07,5,Riverstone Medical,telehealth ok
CA,2026-03-07,5,Northside Health,seasonal spike expected
GA,2026-03-07,2,Community Care,seasonal spike expected
GA,2026-03-07,3,Downtown Clinic,seasonal spike expected
GA,2026-03-07,4,Northside Health,seasonal spike expected
AK,2026-03-07,1,Downtown Clinic,seasonal spike expected
AK,2026-03-07,1,Lakeview Clinic,seasonal spike expected
AK,2026-03-07,5,Northside Health,telehealth ok
HI,2026-03-07,4,Northside Health,seasonal spike expected
HI,2026-03-07,4,Riverstone Medical,
HI,2026-03-07,2,Community Care,
PA,2026-03-07,3,Community Care,telehealth ok
PA,2026-03-07,3,Northside Health,
PA,2026-03-07,3,Lakeview Clinic,telehealth ok
AZ,2026-03-07,4,Lakeview Clinic,
AZ,2026-03-07,2,Riverstone Medical,telehealth ok
AZ,2026-03-07,5,Northside Health,
RI,2026-03-07,4,Riverstone Medical,
RI,2026-03-07,4,Community Care,telehealth ok
RI,2026-03-07,4,Lakeview Clinic,telehealth ok
NC,2026-03-07,2,Downtown Clinic,seasonal spike expected
NC,2026-03-07,5,Northside Health,telehealth ok
NC,2026-03-07,5,Lakeview Clinic,telehealth ok
TN,2026-03-07,3,Downtown Clinic,seasonal spike expected
TN,2026-03-07,1,Community Care,seasonal spike expected
TN,2026-03-07,2,Lakeview Clinic,telehealth ok
IL,2026-03-07,1,Riverstone Medical,seasonal spike expected
IL,2026-03-07,3,Northside Health,
IL,2026-03-07,4,Community Care,telehealth ok
NH,2026-03-07,5,Riverstone Medical,
NH,2026-03-07,4,Community Care,seasonal spike expected
NH,2026-03-07,5,Downtown Clinic,seasonal spike expected
FL,2026-03-07,4,Community Care,seasonal spike expected
FL,2026-03-07,3,Downtown Clinic,
FL,2026-03-07,4,Riverstone Medical,
MT,2026-03-07,1,Riverstone Medical,seasonal spike expected
MT,2026-03-07,4,Downtown Clinic,seasonal spike expected
MT,2026-03-07,4,Northside Health,
NE,2026-03-07,5,Community Care,telehealth ok
NE,2026-03-07,3,Northside Health,
NE,2026-03-07,1,Lakeview Clinic,telehealth ok
CT,2026-03-07,3,Northside Health,seasonal spike expected
CT,2026-03-07,4,Downtown Clinic,
CT,2026-03-07,1,Riverstone Medical,telehealth ok
AL,2026-03-07,4,Community Care,
AL,2026-03-07,2,Northside Health,telehealth ok
AL,2026-03-07,5,Lakeview Clinic,seasonal spike expected
MD,2026-03-07,5,Northside Health,seasonal spike expected
MD,2026-03-07,1,Downtown Clinic,telehealth ok
MD,2026-03-07,1,Lakeview Clinic,seasonal spike expected
ID,2026-03-07,4,Northside Health,seasonal spike expected
ID,2026-03-07,2,Community Care,
ID,2026-03-07,3,Lakeview Clinic,telehealth ok
ND,2026-03-07,5,Riverstone Medical,
ND,2026-03-07,5,Northside Health,telehealth ok
ND,2026-03-07,3,Downtown Clinic,telehealth ok
KS,2026-03-07,1,Downtown Clinic,telehealth ok
KS,2026-03-07,1,Lakeview Clinic,
KS,2026-03-07,5,Community Care,seasonal spike expected
VT,2026-03-07,4,Lakeview Clinic,
VT,2026-03-07,4,Community Care,seasonal spike expected
VT,2026-03-07,2,Northside Health,seasonal spike expected
MI,2026-03-07,5,Riverstone Medical,
MI,2026-03-07,4,Lakeview Clinic,seasonal spike expected
MI,2026-03-07,2,Downtown Clinic,telehealth ok
NY,2026-03-07,4,Riverstone Medical,telehealth ok
NY,2026-03-07,3,Northside Health,
NY,2026-03-07,6,Community Care,
UT,2026-03-07,4,Downtown Clinic,seasonal spike expected
UT,2026-03-07,1,Riverstone Medical,seasonal spike expected
UT,2026-03-07,1,Lakeview Clinic,
TX,2026-03-07,5,Lakeview Clinic,telehealth ok
TX,2026-03-07,5,Downtown Clinic,seasonal spike expected
TX,2026-03-07,3,Riverstone Medical,seasonal spike expected
LA,2026-03-07,5,Northside Health,telehealth ok
LA,2026-03-07,1,Downtown Clinic,seasonal spike expected
LA,2026-03-07,4,Riverstone Medical,telehealth ok
WV,2026-03-07,1,Riverstone Medical,seasonal spike expected
WV,2026-03-07,5,Community Care,telehealth ok
WV,2026-03-07,1,Downtown Clinic,
NJ,2026-03-07,2,Downtown Clinic,seasonal spike expected
NJ,2026-03-07,5,Community Care,seasonal spike expected
NJ,2026-03-07,4,Northside Health,
NM,2026-03-07,3,Northside Health,seasonal spike expected
NM,2026-03-07,2,Lakeview Clinic,seasonal spike expected
NM,2026-03-07,1,Community Care,seasonal spike expected
MN,2026-03-07,3,Downtown Clinic,
MN,2026-03-07,3,Northside Health,
MN,2026-03-07,1,Lakeview Clinic,telehealth ok
MS,2026-03-07,2,Northside Health,
MS,2026-03-07,3,Community Care,telehealth ok
MS,2026-03-07,4,Lakeview Clinic,seasonal spike expected
VA,2026-03-07,2,Riverstone Medical,seasonal spike expected
VA,2026-03-07,2,Downtown Clinic,telehealth ok
VA,2026-03-07,1,Northside Health,
AR,2026-03-07,5,Community Care,seasonal spike expected
AR,2026-03-07,1,Riverstone Medical,telehealth ok
AR,2026-03-07,4,Downtown Clinic,seasonal spike expected
WY,2026-03-08,2,Downtown Clinic,seasonal spike expected
WY,2026-03-08,1,Northside Health,seasonal spike expected
WY,2026-03-08,4,Community Care,
OR,2026-03-08,1,Lakeview Clinic,seasonal spike expected
OR,2026-03-08,1,Riverstone Medical,
OR,2026-03-08,4,Northside Health,telehealth ok
CA,2026-03-08,5,Downtown Clinic,
CA,2026-03-08,2,Community Care,seasonal spike expected
CA,2026-03-08,4,Lakeview Clinic,
GA,2026-03-08,2,Downtown Clinic,seasonal spike expected
GA,2026-03-08,5,Lakeview Clinic,seasonal spike expected
GA,2026-03-08,2,Community Care,telehealth ok
AK,2026-03-08,5,Community Care,seasonal spike expected
AK,2026-03-08,5,Lakeview Clinic,
AK,2026-03-08,4,Downtown Clinic,
HI,2026-03-08,1,Riverstone Medical,
HI,2026-03-08,3,Community Care,seasonal spike expected
HI,2026-03-08,3,Lakeview Clinic,telehealth ok
PA,2026-03-08,4,Community Care,telehealth ok
PA,2026-03-08,2,Northside Health,
PA,2026-03-08,1,Downtown Clinic,seasonal spike expected
AZ,2026-03-08,4,Community Care,telehealth ok
AZ,2026-03-08,1,Lakeview Clinic,seasonal spike expected
AZ,2026-03-08,1,Northside Health,
RI,2026-03-08,3,Lakeview Clinic,
RI,2026-03-08,1,Northside Health,telehealth ok
RI,2026-03-08,5,Community Care,seasonal spike expected
NC,2026-03-08,2,Downtown Clinic,
NC,2026-03-08,5,Northside Health,seasonal spike expected
NC,2026-03-08,2,Lakeview Clinic,seasonal spike expected
TN,2026-03-08,2,Community Care,
TN,2026-03-08,5,Downtown Clinic,seasonal spike expected
TN,2026-03-08,4,Lakeview Clinic,seasonal spike expected
IL,2026-03-08,3,Community Care,
IL,2026-03-08,3,Riverstone Medical,seasonal spike expected
IL,2026-03-08,2,Downtown Clinic,seasonal spike expected
NH,2026-03-08,1,Riverstone Medical,telehealth ok
NH,2026-03-08,2,Community Care,telehealth ok
NH,2026-03-08,2,Northside Health,seasonal spike expected
FL,2026-03-08,4,Riverstone Medical,seasonal spike expected
FL,2026-03-08,2,Northside Health,seasonal spike expected
FL,2026-03-08,3,Community Care,seasonal spike expected
MT,2026-03-08,5,Lakeview Clinic,
MT,2026-03-08,4,Community Care,telehealth ok
MT,2026-03-08,3,Northside Health,seasonal spike expected
NE,2026-03-08,1,Riverstone Medical,telehealth ok
NE,2026-03-08,1,Community Care,telehealth ok
NE,2026-03-08,2,Lakeview Clinic,seasonal spike expected
CT,2026-03-08,4,Northside Health,seasonal spike expected
CT,2026-03-08,3,Riverstone Medical,
CT,2026-03-08,1,Lakeview Clinic,
AL,2026-03-08,5,Lakeview Clinic,seasonal spike expected
AL,2026-03-08,4,Downtown Clinic,telehealth ok
AL,2026-03-08,1,Riverstone Medical,seasonal spike expected
MD,2026-03-08,2,Riverstone Medical,seasonal spike expected
MD,2026-03-08,1,Lakeview Clinic,telehealth ok
MD,2026-03-08,3,Community Care,
ID,2026-03-08,5,Downtown Clinic,seasonal spike expected
ID,2026-03-08,3,Northside Health,
ID,2026-03-08,3,Community Care,telehealth ok
ND,2026-03-08,3,Lakeview Clinic,seasonal spike expected
ND,2026-03-08,1,Northside Health,telehealth ok
ND,2026-03-08,3,Downtown Clinic,seasonal spike expected
KS,2026-03-08,5,Lakeview Clinic,telehealth ok
KS,2026-03-08,2,Riverstone Medical,
KS,2026-03-08,3,Downtown Clinic,seasonal spike expected
VT,2026-03-08,5,Riverstone Medical,telehealth ok
VT,2026-03-08,2,Lakeview Clinic,seasonal spike expected
VT,2026-03-08,1,Northside Health,seasonal spike expected
MI,2026-03-08,4,Lakeview Clinic,
MI,2026-03-08,5,Riverstone Medical,
MI,2026-03-08,2,Community Care,seasonal spike expected
NY,2026-03-08,4,Riverstone Medical,
NY,2026-03-08,3,Community Care,seasonal spike expected
NY,2026-03-08,5,Northside Health,seasonal spike expected
UT,2026-03-08,1,Lakeview Clinic,telehealth ok
UT,2026-03-08,4,Community Care,seasonal spike expected
UT,2026-03-08,3,Riverstone Medical,telehealth ok
TX,2026-03-08,5,Northside Health,seasonal spike expected
TX,2026-03-08,4,Riverstone Medical,
TX,2026-03-08,4,Community Care,
LA,2026-03-08,1,Downtown Clinic,
LA,2026-03-08,2,Lakeview Clinic,
LA,2026-03-08,1,Northside Health,seasonal spike expected
WV,2026-03-08,3,Northside Health,telehealth ok
WV,2026-03-08,5,Riverstone Medical,
WV,2026-03-08,3,Lakeview Clinic,
NJ,2026-03-08,5,Downtown Clinic,seasonal spike expected
NJ,2026-03-08,2,Lakeview Clinic,
NJ,2026-03-08,3,Northside Health,
NM,2026-03-08,1,Downtown Clinic,seasonal spike expected
NM,2026-03-08,3,Riverstone Medical,telehealth ok
NM,2026-03-08,3,Northside Health,telehealth ok
MN,2026-03-08,5,Northside Health,
MN,2026-03-08,5,Riverstone Medical,telehealth ok
MN,2026-03-08,3,Lakeview Clinic,telehealth ok
MS,2026-03-08,2,Riverstone Medical,
MS,2026-03-08,3,Downtown Clinic,
MS,2026-03-08,4,Lakeview Clinic,
VA,2026-03-08,5,Riverstone Medical,seasonal spike expected
VA,2026-03-08,4,Northside Health,
VA,2026-03-08,5,Community Care,seasonal spike expected
AR,2026-03-08,1,Lakeview Clinic,
AR,2026-03-08,3,Community Care,telehealth ok
AR,2026-03-08,4,Northside Health,seasonal spike expected
WY,2026-03-09,2,Downtown Clinic,seasonal spike expected
WY,2026-03-09,4,Community Care,
WY,2026-03-09,3,Northside Health,
OR,2026-03-09,4,Northside Health,telehealth ok
OR,2026-03-09,3,Downtown Clinic,seasonal spike expected
OR,2026-03-09,4,Lakeview Clinic,seasonal spike expected
CA,2026-03-09,5,Riverstone Medical,seasonal spike expected
CA,2026-03-09,3,Lakeview Clinic,seasonal spike expected
CA,2026-03-09,6,Downtown Clinic,
GA,2026-03-09,4,Lakeview Clinic,telehealth ok
GA,2026-03-09,4,Northside Health,telehealth ok
GA,2026-03-09,5,Community Care,telehealth ok
AK,2026-03-09,4,Northside Health,
AK,2026-03-09,5,Lakeview Clinic,telehealth ok
AK,2026-03-09,6,Riverstone Medical,telehealth ok
HI,2026-03-09,5,Riverstone Medical,telehealth ok
HI,2026-03-09,2,Downtown Clinic,telehealth ok
HI,2026-03-09,2,Northside Health,telehealth ok
PA,2026-03-09,4,Riverstone Medical,telehealth ok
PA,2026-03-09,3,Community Care,telehealth ok
PA,2026-03-09,4,Downtown Clinic,telehealth ok
AZ,2026-03-09,5,Riverstone Medical,seasonal spike expected
AZ,2026-03-09,2,Community Care,
AZ,2026-03-09,2,Lakeview Clinic,seasonal spike expected
RI,2026-03-09,2,Downtown Clinic,
RI,2026-03-09,2,Riverstone Medical,
RI,2026-03-09,2,Northside Health,telehealth ok
NC,2026-03-09,4,Lakeview Clinic,
NC,2026-03-09,3,Downtown Clinic,telehealth ok
NC,2026-03-09,6,Community Care,seasonal spike expected
TN,2026-03-09,6,Community Care,telehealth ok
TN,2026-03-09,4,Riverstone Medical,seasonal spike expected
TN,2026-03-09,2,Northside Health,
IL,2026-03-09,6,Lakeview Clinic,
IL,2026-03-09,6,Community Care,telehealth ok
IL,2026-03-09,4,Riverstone Medical,telehealth ok
NH,2026-03-09,3,Riverstone Medical,telehealth ok
NH,2026-03-09,4,Northside Health,telehealth ok
NH,2026-03-09,5,Lakeview Clinic,
FL,2026-03-09,5,Northside Health,seasonal spike expected
FL,2026-03-09,5,Community Care,telehealth ok
FL,2026-03-09,7,Downtown Clinic,telehealth ok
MT,2026-03-09,2,Lakeview Clinic,
MT,2026-03-09,4,Riverstone Medical,telehealth ok
MT,2026-03-09,2,Community Care,telehealth ok
NE,2026-03-09,3,Northside Health,
NE,2026-03-09,5,Lakeview Clinic,seasonal spike expected
NE,2026-03-09,6,Community Care,telehealth ok
CT,2026-03-09,3,Community Care,seasonal spike expected
CT,2026-03-09,4,Northside Health,
CT,2026-03-09,5,Lakeview Clinic,telehealth ok
AL,2026-03-09,4,Riverstone Medical,seasonal spike expected
AL,2026-03-09,2,Lakeview Clinic,
AL,2026-03-09,6,Downtown Clinic,telehealth ok
MD,2026-03-09,4,Northside Health,
MD,2026-03-09,5,Riverstone Medical,
MD,2026-03-09,6,Downtown Clinic,
ID,2026-03-09,6,Community Care,seasonal spike expected
ID,2026-03-09,6,Lakeview Clinic,
ID,2026-03-09,2,Riverstone Medical,telehealth ok
ND,2026-03-09,4,Lakeview Clinic,seasonal spike expected
ND,2026-03-09,6,Northside Health,telehealth ok
ND,2026-03-09,2,Community Care,telehealth ok
KS,2026-03-09,3,Lakeview Clinic,seasonal spike expected
KS,2026-03-09,6,Northside Health,
KS,2026-03-09,6,Community Care,telehealth ok
VT,2026-03-09,5,Lakeview Clinic,telehealth ok
VT,2026-03-09,3,Community Care,telehealth ok
VT,2026-03-09,5,Riverstone Medical,seasonal spike expected
MI,2026-03-09,6,Northside Health,
MI,2026-03-09,3,Downtown Clinic,
MI,2026-03-09,5,Riverstone Medical,seasonal spike expected
NY,2026-03-09,3,Riverstone Medical,
NY,2026-03-09,7,Community Care,telehealth ok
NY,2026-03-09,4,Downtown Clinic,telehealth ok
UT,2026-03-09,2,Northside Health,
UT,2026-03-09,2,Lakeview Clinic,telehealth ok
UT,2026-03-09,5,Riverstone Medical,telehealth ok
TX,2026-03-09,4,Community Care,telehealth ok
TX,2026-03-09,4,Northside Health,
TX,2026-03-09,7,Lakeview Clinic,seasonal spike expected
LA,2026-03-09,3,Community Care,telehealth ok
LA,2026-03-09,2,Riverstone Medical,seasonal spike expected
LA,2026-03-09,4,Northside Health,
WV,2026-03-09,2,Riverstone Medical,telehealth ok
WV,2026-03-09,4,Community Care,telehealth ok
WV,2026-03-09,4,Northside Health,
NJ,2026-03-09,5,Community Care,telehealth ok
NJ,2026-03-09,4,Downtown Clinic,
NJ,2026-03-09,5,Riverstone Medical,telehealth ok
NM,2026-03-09,3,Downtown Clinic,telehealth ok
NM,2026-03-09,5,Northside Health,
NM,2026-03-09,6,Riverstone Medical,telehealth ok
MN,2026-03-09,2,Downtown Clinic,
MN,2026-03-09,6,Lakeview Clinic,telehealth ok
MN,2026-03-09,3,Northside Health,
MS,2026-03-09,4,Community Care,telehealth ok
MS,2026-03-09,4,Northside Health,telehealth ok
MS,2026-03-09,3,Downtown Clinic,
VA,2026-03-09,5,Downtown Clinic,seasonal spike expected
VA,2026-03-09,4,Community Care,telehealth ok
VA,2026-03-09,3,Lakeview Clinic,seasonal spike expected
AR,2026-03-09,5,Lakeview Clinic,seasonal spike expected
AR,2026-03-09,6,Northside Health,
AR,2026-03-09,6,Downtown Clinic,telehealth ok
WY,2026-03-10,6,Northside Health,seasonal spike expected
WY,2026-03-10,4,Community Care,
WY,2026-03-10,2,Riverstone Medical,telehealth ok
OR,2026-03-10,6,Community Care,
OR,2026-03-10,5,Lakeview Clinic,telehealth ok
OR,2026-03-10,5,Northside Health,telehealth ok
CA,2026-03-10,5,Northside Health,telehealth ok
CA,2026-03-10,3,Community Care,seasonal spike expected
CA,2026-03-10,5,Downtown Clinic,
GA,2026-03-10,5,Lakeview Clinic,seasonal spike expected
GA,2026-03-10,5,Community Care,seasonal spike expected
GA,2026-03-10,6,Northside Health,telehealth ok
AK,2026-03-10,6,Lakeview Clinic,telehealth ok
AK,2026-03-10,5,Downtown Clinic,seasonal spike expected
AK,2026-03-10,3,Northside Health,
HI,2026-03-10,6,Community Care,
HI,2026-03-10,5,Lakeview Clinic,seasonal spike expected
HI,2026-03-10,6,Northside Health,telehealth ok
PA,2026-03-10,6,Community Care,seasonal spike expected
PA,2026-03-10,3,Northside Health,
PA,2026-03-10,6,Downtown Clinic,
AZ,2026-03-10,6,Downtown Clinic,
AZ,2026-03-10,5,Community Care,telehealth ok
AZ,2026-03-10,5,Northside Health,seasonal spike expected
RI,2026-03-10,6,Lakeview Clinic,seasonal spike expected
RI,2026-03-10,2,Riverstone Medical,
RI,2026-03-10,5,Downtown Clinic,
NC,2026-03-10,6,Lakeview Clinic,telehealth ok
NC,2026-03-10,5,Downtown Clinic,telehealth ok
NC,2026-03-10,5,Riverstone Medical,telehealth ok
TN,2026-03-10,4,Community Care,seasonal spike expected
TN,2026-03-10,4,Riverstone Medical,
TN,2026-03-10,4,Lakeview Clinic,seasonal spike expected
IL,2026-03-10,5,Community Care,
IL,2026-03-10,2,Riverstone Medical,telehealth ok
IL,2026-03-10,4,Northside Health,telehealth ok
NH,2026-03-10,2,Downtown Clinic,
NH,2026-03-10,6,Community Care,seasonal spike expected
NH,2026-03-10,4,Lakeview Clinic,
FL,2026-03-10,4,Northside Health,seasonal spike expected
FL,2026-03-10,4,Community Care,seasonal spike expected
FL,2026-03-10,6,Lakeview Clinic,seasonal spike expected
MT,2026-03-10,4,Northside Health,
MT,2026-03-10,4,Downtown Clinic,telehealth ok
MT,2026-03-10,6,Lakeview Clinic,
NE,2026-03-10,4,Downtown Clinic,
NE,2026-03-10,4,Riverstone Medical,
NE,2026-03-10,6,Community Care,telehealth ok
CT,2026-03-10,5,Riverstone Medical,
CT,2026-03-10,4,Community Care,
CT,2026-03-10,2,Downtown Clinic,seasonal spike expected
AL,2026-03-10,6,Community Care,telehealth ok
AL,2026-03-10,3,Riverstone Medical,telehealth ok
AL,2026-03-10,6,Downtown Clinic,seasonal spike expected
MD,2026-03-10,3,Community Care,
MD,2026-03-10,5,Downtown Clinic,telehealth ok
MD,2026-03-10,2,Northside Health,seasonal spike expected
ID,2026-03-10,5,Riverstone Medical,
ID,2026-03-10,4,Downtown Clinic,
ID,2026-03-10,6,Northside Health,telehealth ok
ND,2026-03-10,5,Riverstone Medical,seasonal spike expected
ND,2026-03-10,2,Lakeview Clinic,
ND,2026-03-10,6,Northside Health,telehealth ok
KS,2026-03-10,4,Community Care,
KS,2026-03-10,3,Northside Health,telehealth ok
KS,2026-03-10,4,Downtown Clinic,telehealth ok
VT,2026-03-10,2,Riverstone Medical,
VT,2026-03-10,6,Community Care,
VT,2026-03-10,3,Northside Health,telehealth ok
MI,2026-03-10,3,Downtown Clinic,
MI,2026-03-10,4,Lakeview Clinic,seasonal spike expected
MI,2026-03-10,4,Northside Health,
NY,2026-03-10,6,Riverstone Medical,seasonal spike expected
NY,2026-03-10,5,Community Care,seasonal spike expected
NY,2026-03-10,3,Lakeview Clinic,telehealth ok
UT,2026-03-10,3,Downtown Clinic,
UT,2026-03-10,3,Lakeview Clinic,seasonal spike expected
UT,2026-03-10,6,Community Care,
TX,2026-03-10,4,Downtown Clinic,telehealth ok
TX,2026-03-10,7,Riverstone Medical,seasonal spike expected
TX,2026-03-10,5,Northside Health,
LA,2026-03-10,6,Riverstone Medical,telehealth ok
LA,2026-03-10,2,Community Care,telehealth ok
LA,2026-03-10,6,Northside Health,
WV,2026-03-10,6,Downtown Clinic,seasonal spike expected
WV,2026-03-10,6,Riverstone Medical,seasonal spike expected
WV,2026-03-10,5,Lakeview Clinic,telehealth ok
NJ,2026-03-10,6,Downtown Clinic,telehealth ok
NJ,2026-03-10,4,Community Care,telehealth ok
NJ,2026-03-10,6,Lakeview Clinic,seasonal spike expected
NM,2026-03-10,6,Community Care,
NM,2026-03-10,2,Downtown Clinic,seasonal spike expected
NM,2026-03-10,4,Lakeview Clinic,
MN,2026-03-10,5,Riverstone Medical,telehealth ok
MN,2026-03-10,4,Community Care,telehealth ok
MN,2026-03-10,6,Northside Health,
MS,2026-03-10,6,Downtown Clinic,
MS,2026-03-10,5,Riverstone Medical,
MS,2026-03-10,3,Community Care,
VA,2026-03-10,4,Riverstone Medical,seasonal spike expected
VA,2026-03-10,4,Community Care,telehealth ok
VA,2026-03-10,3,Downtown Clinic,telehealth ok
AR,2026-03-10,2,Downtown Clinic,seasonal spike expected
AR,2026-03-10,4,Northside Health,
AR,2026-03-10,5,Community Care,
WY,2026-03-11,5,Lakeview Clinic,
WY,2026-03-11,6,Community Care,seasonal spike expected
WY,2026-03-11,6,Northside Health,telehealth ok
OR,2026-03-11,2,Lakeview Clinic,seasonal spike expected
OR,2026-03-11,4,Downtown Clinic,
OR,2026-03-11,4,Community Care,telehealth ok
CA,2026-03-11,3,Riverstone Medical,
CA,2026-03-11,4,Northside Health,telehealth ok
CA,2026-03-11,7,Community Care,seasonal spike expected
GA,2026-03-11,2,Riverstone Medical,
GA,2026-03-11,5,Lakeview Clinic,telehealth ok
GA,2026-03-11,6,Northside Health,seasonal spike expected
AK,2026-03-11,2,Community Care,telehealth ok
AK,2026-03-11,6,Northside Health,seasonal spike expected
AK,2026-03-11,5,Lakeview Clinic,seasonal spike expected
HI,2026-03-11,5,Lakeview Clinic,
HI,2026-03-11,2,Community Care,seasonal spike expected
HI,2026-03-11,3,Downtown Clinic,telehealth ok
PA,2026-03-11,5,Lakeview Clinic,seasonal spike expected
PA,2026-03-11,2,Northside Health,
PA,2026-03-11,6,Riverstone Medical,seasonal spike expected
AZ,2026-03-11,5,Downtown Clinic,seasonal spike expected
AZ,2026-03-11,5,Lakeview Clinic,telehealth ok
AZ,2026-03-11,3,Riverstone Medical,
RI,2026-03-11,2,Northside Health,telehealth ok
RI,2026-03-11,4,Community Care,seasonal spike expected
RI,2026-03-11,2,Downtown Clinic,telehealth ok
NC,2026-03-11,3,Downtown Clinic,seasonal spike expected
NC,2026-03-11,3,Lakeview Clinic,seasonal spike expected
NC,2026-03-11,4,Riverstone Medical,telehealth ok
TN,2026-03-11,4,Lakeview Clinic,seasonal spike expected
TN,2026-03-11,6,Riverstone Medical,
TN,2026-03-11,6,Community Care,telehealth ok
IL,2026-03-11,6,Northside Health,seasonal spike expected
IL,2026-03-11,5,Riverstone Medical,seasonal spike expected
IL,2026-03-11,3,Downtown Clinic,telehealth ok
NH,2026-03-11,4,Lakeview Clinic,seasonal spike expected
NH,2026-03-11,6,Riverstone Medical,telehealth ok
NH,2026-03-11,6,Downtown Clinic,
FL,2026-03-11,6,Northside Health,seasonal spike expected
FL,2026-03-11,5,Riverstone Medical,telehealth ok
FL,2026-03-11,4,Community Care,seasonal spike expected
MT,2026-03-11,6,Community Care,telehealth ok
MT,2026-03-11,5,Riverstone Medical,seasonal spike expected
MT,2026-03-11,4,Downtown Clinic,telehealth ok
NE,2026-03-11,2,Lakeview Clinic,
NE,2026-03-11,6,Downtown Clinic,
NE,2026-03-11,2,Community Care,telehealth ok
CT,2026-03-11,2,Downtown Clinic,telehealth ok
CT,2026-03-11,3,Community Care,telehealth ok
CT,2026-03-11,4,Lakeview Clinic,seasonal spike expected
AL,2026-03-11,6,Northside Health,telehealth ok
AL,2026-03-11,2,Riverstone Medical,telehealth ok
AL,2026-03-11,2,Downtown Clinic,
MD,2026-03-11,4,Downtown Clinic,seasonal spike expected
MD,2026-03-11,5,Community Care,seasonal spike expected
MD,2026-03-11,4,Riverstone Medical,seasonal spike expected
ID,2026-03-11,5,Riverstone Medical,seasonal spike expected
ID,2026-03-11,4,Community Care,seasonal spike expected
ID,2026-03-11,5,Lakeview Clinic,seasonal spike expected
ND,2026-03-11,5,Lakeview Clinic,
ND,2026-03-11,3,Downtown Clinic,seasonal spike expected
ND,2026-03-11,3,Northside Health,
KS,2026-03-11,3,Downtown Clinic,
KS,2026-03-11,2,Community Care,seasonal spike expected
KS,2026-03-11,4,Riverstone Medical,seasonal spike expected
VT,2026-03-11,4,Lakeview Clinic,telehealth ok
VT,2026-03-11,6,Community Care,
VT,2026-03-11,3,Riverstone Medical,
MI,2026-03-11,5,Community Care,
MI,2026-03-11,2,Lakeview Clinic,seasonal spike expected
MI,2026-03-11,2,Downtown Clinic,telehealth ok
NY,2026-03-11,7,Lakeview Clinic,
NY,2026-03-11,5,Northside Health,
NY,2026-03-11,4,Community Care,
UT,2026-03-11,6,Northside Health,telehealth ok
UT,2026-03-11,4,Downtown Clinic,telehealth ok
UT,2026-03-11,6,Riverstone Medical,telehealth ok
TX,2026-03-11,4,Northside Health,seasonal spike expected
TX,2026-03-11,6,Community Care,
TX,2026-03-11,6,Riverstone Medical,seasonal spike expected
LA,2026-03-11,3,Lakeview Clinic,
LA,2026-03-11,6,Downtown Clinic,
LA,2026-03-11,3,Northside Health,
WV,2026-03-11,3,Downtown Clinic,seasonal spike expected
WV,2026-03-11,6,Lakeview Clinic,telehealth ok
WV,2026-03-11,2,Community Care,telehealth ok
NJ,2026-03-11,6,Lakeview Clinic,
NJ,2026-03-11,5,Community Care,telehealth ok
NJ,2026-03-11,6,Northside Health,
NM,2026-03-11,6,Northside Health,telehealth ok
NM,2026-03-11,6,Downtown Clinic,seasonal spike expected
NM,2026-03-11,3,Community Care,seasonal spike expected
MN,2026-03-11,4,Community Care,seasonal spike expected
MN,2026-03-11,2,Lakeview Clinic,
MN,2026-03-11,6,Downtown Clinic,seasonal spike expected
MS,2026-03-11,5,Community Care,seasonal spike expected
MS,2026-03-11,5,Lakeview Clinic,
MS,2026-03-11,6,Downtown Clinic,
VA,2026-03-11,2,Downtown Clinic,seasonal spike expected
VA,2026-03-11,5,Riverstone Medical,
VA,2026-03-11,5,Lakeview Clinic,
AR,2026-03-11,3,Riverstone Medical,telehealth ok
AR,2026-03-11,2,Lakeview Clinic,seasonal spike expected
AR,2026-03-11,2,Northside Health,telehealth ok
WY,2026-03-12,3,Community Care,seasonal spike expected
WY,2026-03-12,6,Downtown Clinic,telehealth ok
WY,2026-03-12,3,Riverstone Medical,telehealth ok
OR,2026-03-12,4,Community Care,telehealth ok
OR,2026-03-12,3,Riverstone Medical,telehealth ok
OR,2026-03-12,5,Downtown Clinic,telehealth ok
CA,2026-03-12,4,Community Care,
CA,2026-03-12,3,Downtown Clinic,
CA,2026-03-12,7,Riverstone Medical,telehealth ok
GA,2026-03-12,6,Community Care,telehealth ok
GA,2026-03-12,6,Lakeview Clinic,telehealth ok
GA,2026-03-12,6,Northside Health,
AK,2026-03-12,2,Community Care,
AK,2026-03-12,5,Downtown Clinic,telehealth ok
AK,2026-03-12,5,Lakeview Clinic,seasonal spike expected
HI,2026-03-12,5,Downtown Clinic,telehealth ok
HI,2026-03-12,5,Lakeview Clinic,
HI,2026-03-12,4,Community Care,seasonal spike expected
PA,2026-03-12,4,Community Care,telehealth ok
PA,2026-03-12,2,Downtown Clinic,seasonal spike expected
PA,2026-03-12,5,Northside Health,
AZ,2026-03-12,4,Northside Health,
AZ,2026-03-12,3,Lakeview Clinic,telehealth ok
AZ,2026-03-12,2,Downtown Clinic,
RI,2026-03-12,4,Community Care,
RI,2026-03-12,4,Riverstone Medical,seasonal spike expected
RI,2026-03-12,5,Downtown Clinic,seasonal spike expected
NC,2026-03-12,5,Northside Health,
NC,2026-03-12,2,Riverstone Medical,seasonal spike expected
NC,2026-03-12,5,Downtown Clinic,telehealth ok
TN,2026-03-12,6,Lakeview Clinic,seasonal spike expected
TN,2026-03-12,3,Downtown Clinic,seasonal spike expected
TN,2026-03-12,4,Northside Health,seasonal spike expected
IL,2026-03-12,4,Community Care,
IL,2026-03-12,5,Riverstone Medical,telehealth ok
IL,2026-03-12,4,Lakeview Clinic,
NH,2026-03-12,3,Northside Health,telehealth ok
NH,2026-03-12,2,Community Care,
NH,2026-03-12,2,Lakeview Clinic,
FL,2026-03-12,5,Downtown Clinic,telehealth ok
FL,2026-03-12,6,Community Care,telehealth ok
FL,2026-03-12,3,Lakeview Clinic,seasonal spike expected
MT,2026-03-12,5,Community Care,
MT,2026-03-12,2,Northside Health,telehealth ok
MT,2026-03-12,6,Lakeview Clinic,
NE,2026-03-12,4,Riverstone Medical,seasonal spike expected
NE,2026-03-12,4,Lakeview Clinic,telehealth ok
NE,2026-03-12,2,Downtown Clinic,
CT,2026-03-12,5,Northside Health,telehealth ok
CT,2026-03-12,3,Riverstone Medical,telehealth ok
CT,2026-03-12,5,Community Care,
AL,2026-03-12,5,Community Care,
AL,2026-03-12,3,Lakeview Clinic,
AL,2026-03-12,4,Downtown Clinic,
MD,2026-03-12,3,Riverstone Medical,telehealth ok
MD,2026-03-12,5,Lakeview Clinic,telehealth ok
MD,2026-03-12,5,Community Care,seasonal spike expected
ID,2026-03-12,3,Lakeview Clinic,telehealth ok
ID,2026-03-12,6,Downtown Clinic,telehealth ok
ID,2026-03-12,6,Riverstone Medical,telehealth ok
ND,2026-03-12,6,Downtown Clinic,seasonal spike expected
ND,2026-03-12,6,Community Care,seasonal spike expected
ND,2026-03-12,2,Riverstone Medical,telehealth ok
KS,2026-03-12,5,Riverstone Medical,seasonal spike expected
KS,2026-03-12,6,Northside Health,
KS,2026-03-12,3,Lakeview Clinic,seasonal spike expected
VT,2026-03-12,6,Community Care,seasonal spike expected
VT,2026-03-12,4,Riverstone Medical,telehealth ok
VT,2026-03-12,2,Northside Health,seasonal spike expected
MI,2026-03-12,3,Lakeview Clinic,telehealth ok
MI,2026-03-12,2,Community Care,
MI,2026-03-12,2,Downtown Clinic,
NY,2026-03-12,6,Lakeview Clinic,
NY,2026-03-12,6,Northside Health,seasonal spike expected
NY,2026-03-12,5,Community Care,
UT,2026-03-12,5,Lakeview Clinic,seasonal spike expected
UT,2026-03-12,4,Downtown Clinic,seasonal spike expected
UT,2026-03-12,3,Riverstone Medical,seasonal spike expected
TX,2026-03-12,5,Riverstone Medical,
TX,2026-03-12,5,Community Care,seasonal spike expected
TX,2026-03-12,4,Northside Health,seasonal spike expected
LA,2026-03-12,6,Northside Health,seasonal spike expected
LA,2026-03-12,6,Downtown Clinic,telehealth ok
LA,2026-03-12,6,Riverstone Medical,seasonal spike expected
WV,2026-03-12,5,Northside Health,telehealth ok
WV,2026-03-12,5,Lakeview Clinic,telehealth ok
WV,2026-03-12,3,Riverstone Medical,
NJ,2026-03-12,5,Riverstone Medical,
NJ,2026-03-12,6,Downtown Clinic,telehealth ok
NJ,2026-03-12,5,Northside Health,
NM,2026-03-12,6,Northside Health,
NM,2026-03-12,5,Lakeview Clinic,telehealth ok
NM,2026-03-12,4,Riverstone Medical,
MN,2026-03-12,3,Riverstone Medical,telehealth ok
MN,2026-03-12,3,Northside Health,
MN,2026-03-12,3,Community Care,telehealth ok
MS,2026-03-12,4,Downtown Clinic,
MS,2026-03-12,4,Community Care,telehealth ok
MS,2026-03-12,3,Northside Health,
VA,2026-03-12,3,Downtown Clinic,
VA,2026-03-12,6,Lakeview Clinic,
VA,2026-03-12,6,Community Care,telehealth ok
AR,2026-03-12,2,Northside Health,
AR,2026-03-12,3,Community Care,telehealth ok
AR,2026-03-12,5,Downtown Clinic,telehealth ok
WY,2026-03-13,2,Downtown Clinic,telehealth ok
WY,2026-03-13,3,Community Care,telehealth ok
WY,2026-03-13,5,Lakeview Clinic,telehealth ok
OR,2026-03-13,3,Downtown Clinic,seasonal spike expected
OR,2026-03-13,2,Riverstone Medical,telehealth ok
OR,2026-03-13,5,Community Care,seasonal spike expected
CA,2026-03-13,3,Northside Health,telehealth ok
CA,2026-03-13,6,Riverstone Medical,
CA,2026-03-13,7,Community Care,
GA,2026-03-13,2,Northside Health,
GA,2026-03-13,5,Lakeview Clinic,
GA,2026-03-13,6,Downtown Clinic,seasonal spike expected
AK,2026-03-13,3,Downtown Clinic,seasonal spike expected
AK,2026-03-13,6,Lakeview Clinic,seasonal spike expected
AK,2026-03-13,5,Riverstone Medical,seasonal spike expected
HI,2026-03-13,2,Riverstone Medical,
HI,2026-03-13,2,Northside Health,
HI,2026-03-13,5,Community Care,seasonal spike expected
PA,2026-03-13,3,Northside Health,seasonal spike expected
PA,2026-03-13,2,Riverstone Medical,seasonal spike expected
PA,2026-03-13,5,Downtown Clinic,telehealth ok
AZ,2026-03-13,5,Downtown Clinic,telehealth ok
AZ,2026-03-13,6,Northside Health,
AZ,2026-03-13,6,Riverstone Medical,telehealth ok
RI,2026-03-13,3,Northside Health,
RI,2026-03-13,5,Downtown Clinic,telehealth ok
RI,2026-03-13,4,Lakeview Clinic,
NC,2026-03-13,5,Downtown Clinic,
NC,2026-03-13,2,Northside Health,telehealth ok
NC,2026-03-13,5,Riverstone Medical,
TN,2026-03-13,2,Downtown Clinic,telehealth ok
TN,2026-03-13,3,Community Care,seasonal spike expected
TN,2026-03-13,4,Lakeview Clinic,telehealth ok
IL,2026-03-13,4,Northside Health,
IL,2026-03-13,5,Downtown Clinic,
IL,2026-03-13,4,Lakeview Clinic,seasonal spike expected
NH,2026-03-13,2,Lakeview Clinic,telehealth ok
NH,2026-03-13,5,Riverstone Medical,seasonal spike expected
NH,2026-03-13,6,Northside Health,seasonal spike expected
FL,2026-03-13,6,Community Care,telehealth ok
FL,2026-03-13,4,Northside Health,
FL,2026-03-13,7,Riverstone Medical,telehealth ok
MT,2026-03-13,4,Northside Health,seasonal spike expected
MT,2026-03-13,4,Downtown Clinic,telehealth ok
MT,2026-03-13,5,Riverstone Medical,
NE,2026-03-13,3,Lakeview Clinic,
NE,2026-03-13,4,Riverstone Medical,
NE,2026-03-13,2,Community Care,seasonal spike expected
CT,2026-03-13,6,Lakeview Clinic,seasonal spike expected
CT,2026-03-13,2,Downtown Clinic,telehealth ok
CT,2026-03-13,6,Community Care,seasonal spike expected
AL,2026-03-13,3,Lakeview Clinic,telehealth ok
AL,2026-03-13,6,Community Care,seasonal spike expected
AL,2026-03-13,5,Riverstone Medical,telehealth ok
MD,2026-03-13,3,Lakeview Clinic,
MD,2026-03-13,4,Community Care,
MD,2026-03-13,5,Downtown Clinic,seasonal spike expected
ID,2026-03-13,2,Downtown Clinic,
ID,2026-03-13,5,Northside Health,telehealth ok
ID,2026-03-13,4,Community Care,telehealth ok
ND,2026-03-13,6,Downtown Clinic,
ND,2026-03-13,3,Riverstone Medical,seasonal spike expected
ND,2026-03-13,2,Community Care,telehealth ok
KS,2026-03-13,3,Riverstone Medical,
KS,2026-03-13,3,Northside Health,seasonal spike expected
KS,2026-03-13,2,Lakeview Clinic,
VT,2026-03-13,6,Community Care,seasonal spike expected
VT,2026-03-13,3,Downtown Clinic,
VT,2026-03-13,3,Lakeview Clinic,seasonal spike expected
MI,2026-03-13,5,Community Care,
MI,2026-03-13,4,Northside Health,
MI,2026-03-13,2,Downtown Clinic,
NY,2026-03-13,7,Community Care,
NY,2026-03-13,6,Northside Health,seasonal spike expected
NY,2026-03-13,5,Riverstone Medical,telehealth ok
UT,2026-03-13,4,Lakeview Clinic,seasonal spike expected
UT,2026-03-13,3,Community Care,
UT,2026-03-13,5,Downtown Clinic,telehealth ok
TX,2026-03-13,4,Lakeview Clinic,telehealth ok
TX,2026-03-13,3,Community Care,seasonal spike expected
TX,2026-03-13,3,Northside Health,telehealth ok
LA,2026-03-13,3,Riverstone Medical,seasonal spike expected
LA,2026-03-13,3,Community Care,
LA,2026-03-13,4,Lakeview Clinic,seasonal spike expected
WV,2026-03-13,4,Riverstone Medical,seasonal spike expected
WV,2026-03-13,2,Northside Health,
WV,2026-03-13,4,Lakeview Clinic,
NJ,2026-03-13,2,Riverstone Medical,seasonal spike expected
NJ,2026-03-13,2,Northside Health,telehealth ok
NJ,2026-03-13,4,Community Care,telehealth ok
NM,2026-03-13,5,Northside Health,seasonal spike expected
NM,2026-03-13,6,Riverstone Medical,seasonal spike expected
NM,2026-03-13,4,Lakeview Clinic,
MN,2026-03-13,6,Community Care,
MN,2026-03-13,4,Riverstone Medical,seasonal spike expected
MN,2026-03-13,4,Northside Health,telehealth ok
MS,2026-03-13,3,Lakeview Clinic,
MS,2026-03-13,4,Community Care,telehealth ok
MS,2026-03-13,2,Riverstone Medical,
VA,2026-03-13,2,Lakeview Clinic,seasonal spike expected
VA,2026-03-13,4,Northside Health,telehealth ok
VA,2026-03-13,6,Community Care,seasonal spike expected
AR,2026-03-13,5,Northside Health,seasonal spike expected
AR,2026-03-13,2,Community Care,seasonal spike expected
AR,2026-03-13,5,Lakeview Clinic,telehealth ok
WY,2026-03-14,3,Northside Health,seasonal spike expected
WY,2026-03-14,4,Downtown Clinic,telehealth ok
WY,2026-03-14,4,Lakeview Clinic,seasonal spike expected
OR,2026-03-14,5,Lakeview Clinic,telehealth ok
OR,2026-03-14,2,Northside Health,telehealth ok
OR,2026-03-14,3,Riverstone Medical,telehealth ok
CA,2026-03-14,6,Community Care,
CA,2026-03-14,4,Lakeview Clinic,seasonal spike expected
CA,2026-03-14,4,Northside Health,seasonal spike expected
GA,2026-03-14,4,Lakeview Clinic,telehealth ok
GA,2026-03-14,5,Downtown Clinic,seasonal spike expected
GA,2026-03-14,2,Northside Health,seasonal spike expected
AK,2026-03-14,2,Riverstone Medical,
AK,2026-03-14,3,Downtown Clinic,telehealth ok
AK,2026-03-14,4,Community Care,seasonal spike expected
HI,2026-03-14,1,Lakeview Clinic,telehealth ok
HI,2026-03-14,1,Northside Health,
HI,2026-03-14,3,Downtown Clinic,
PA,2026-03-14,5,Community Care,seasonal spike expected
PA,2026-03-14,1,Riverstone Medical,telehealth ok
PA,2026-03-14,4,Lakeview Clinic,
AZ,2026-03-14,1,Downtown Clinic,
AZ,2026-03-14,2,Lakeview Clinic,seasonal spike expected
AZ,2026-03-14,1,Community Care,seasonal spike expected
RI,2026-03-14,3,Downtown Clinic,seasonal spike expected
RI,2026-03-14,2,Riverstone Medical,seasonal spike expected
RI,2026-03-14,3,Community Care,telehealth ok
NC,2026-03-14,4,Northside Health,
NC,2026-03-14,3,Downtown Clinic,seasonal spike expected
NC,2026-03-14,2,Lakeview Clinic,seasonal spike expected
TN,2026-03-14,3,Downtown Clinic,
TN,2026-03-14,3,Riverstone Medical,telehealth ok
TN,2026-03-14,2,Lakeview Clinic,
IL,2026-03-14,1,Downtown Clinic,
IL,2026-03-14,5,Northside Health,
IL,2026-03-14,5,Riverstone Medical,seasonal spike expected
NH,2026-03-14,1,Lakeview Clinic,telehealth ok
NH,2026-03-14,4,Downtown Clinic,seasonal spike expected
NH,2026-03-14,5,Riverstone Medical,telehealth ok
FL,2026-03-14,3,Riverstone Medical,telehealth ok
FL,2026-03-14,5,Downtown Clinic,telehealth ok
FL,2026-03-14,6,Lakeview Clinic,
MT,2026-03-14,1,Lakeview Clinic,telehealth ok
MT,2026-03-14,2,Riverstone Medical,
MT,2026-03-14,3,Downtown Clinic,
NE,2026-03-14,4,Riverstone Medical,telehealth ok
NE,2026-03-14,2,Community Care,seasonal spike expected
NE,2026-03-14,1,Northside Health,
CT,2026-03-14,3,Northside Health,seasonal spike expected
CT,2026-03-14,2,Community Care,seasonal spike expected
CT,2026-03-14,2,Lakeview Clinic,telehealth ok
AL,2026-03-14,1,Lakeview Clinic,
AL,2026-03-14,4,Downtown Clinic,seasonal spike expected
AL,2026-03-14,3,Community Care,
MD,2026-03-14,3,Riverstone Medical,
MD,2026-03-14,1,Downtown Clinic,
MD,2026-03-14,5,Northside Health,
ID,2026-03-14,4,Northside Health,seasonal spike expected
ID,2026-03-14,4,Community Care,seasonal spike expected
ID,2026-03-14,5,Riverstone Medical,seasonal spike expected
ND,2026-03-14,2,Riverstone Medical,
ND,2026-03-14,4,Lakeview Clinic,seasonal spike expected
ND,2026-03-14,4,Community Care,seasonal spike expected
KS,2026-03-14,2,Downtown Clinic,seasonal spike expected
KS,2026-03-14,5,Lakeview Clinic,
KS,2026-03-14,5,Community Care,
VT,2026-03-14,1,Downtown Clinic,
VT,2026-03-14,4,Riverstone Medical,
VT,2026-03-14,4,Community Care,telehealth ok
MI,2026-03-14,5,Riverstone Medical,seasonal spike expected
MI,2026-03-14,4,Community Care,seasonal spike expected
MI,2026-03-14,4,Downtown Clinic,seasonal spike expected
NY,2026-03-14,4,Northside Health,
NY,2026-03-14,3,Community Care,
NY,2026-03-14,2,Lakeview Clinic,
UT,2026-03-14,3,Community Care,
UT,2026-03-14,3,Riverstone Medical,telehealth ok
UT,2026-03-14,1,Lakeview Clinic,telehealth ok
TX,2026-03-14,2,Community Care,seasonal spike expected
TX,2026-03-14,4,Riverstone Medical,
TX,2026-03-14,3,Downtown Clinic,seasonal spike expected
LA,2026-03-14,1,Community Care,seasonal spike expected
LA,2026-03-14,2,Riverstone Medical,
LA,2026-03-14,5,Downtown Clinic,telehealth ok
WV,2026-03-14,1,Northside Health,
WV,2026-03-14,1,Lakeview Clinic,
WV,2026-03-14,2,Downtown Clinic,seasonal spike expected
NJ,2026-03-14,4,Community Care,seasonal spike expected
NJ,2026-03-14,3,Northside Health,seasonal spike expected
NJ,2026-03-14,4,Downtown Clinic,
NM,2026-03-14,1,Downtown Clinic,seasonal spike expected
NM,2026-03-14,1,Northside Health,seasonal spike expected
NM,2026-03-14,4,Lakeview Clinic,
MN,2026-03-14,5,Community Care,telehealth ok
MN,2026-03-14,5,Lakeview Clinic,seasonal spike expected
MN,2026-03-14,3,Riverstone Medical,telehealth ok
MS,2026-03-14,5,Lakeview Clinic,seasonal spike expected
MS,2026-03-14,5,Riverstone Medical,
MS,2026-03-14,1,Northside Health,telehealth ok
VA,2026-03-14,2,Riverstone Medical,
VA,2026-03-14,1,Downtown Clinic,telehealth ok
VA,2026-03-14,3,Community Care,telehealth ok
AR,2026-03-14,5,Riverstone Medical,telehealth ok
AR,2026-03-14,3,Downtown Clinic,
AR,2026-03-14,2,Community Care,telehealth ok
WY,2026-03-15,5,Community Care,
WY,2026-03-15,4,Downtown Clinic,telehealth ok
WY,2026-03-15,2,Riverstone Medical,
OR,2026-03-15,1,Community Care,
OR,2026-03-15,3,Lakeview Clinic,
OR,2026-03-15,1,Riverstone Medical,
CA,2026-03-15,4,Riverstone Medical,seasonal spike expected
CA,2026-03-15,5,Community Care,telehealth ok
CA,2026-03-15,6,Northside Health,
GA,2026-03-15,3,Downtown Clinic,
GA,2026-03-15,4,Community Care,telehealth ok
GA,2026-03-15,1,Lakeview Clinic,telehealth ok
AK,2026-03-15,4,Community Care,telehealth ok
AK,2026-03-15,4,Lakeview Clinic,seasonal spike expected
AK,2026-03-15,3,Northside Health,telehealth ok
HI,2026-03-15,4,Lakeview Clinic,telehealth ok
HI,2026-03-15,2,Riverstone Medical,telehealth ok
HI,2026-03-15,1,Northside Health,telehealth ok
PA,2026-03-15,3,Riverstone Medical,telehealth ok
PA,2026-03-15,4,Community Care,telehealth ok
PA,2026-03-15,2,Lakeview Clinic,seasonal spike expected
AZ,2026-03-15,3,Community Care,seasonal spike expected
AZ,2026-03-15,2,Lakeview Clinic,telehealth ok
AZ,2026-03-15,2,Riverstone Medical,
RI,2026-03-15,5,Riverstone Medical,telehealth ok
RI,2026-03-15,4,Lakeview Clinic,telehealth ok
RI,2026-03-15,4,Community Care,telehealth ok
NC,2026-03-15,4,Downtown Clinic,telehealth ok
NC,2026-03-15,5,Lakeview Clinic,seasonal spike expected
NC,2026-03-15,2,Northside Health,telehealth ok
TN,2026-03-15,4,Riverstone Medical,
TN,2026-03-15,3,Northside Health,
TN,2026-03-15,3,Lakeview Clinic,
IL,2026-03-15,5,Northside Health,telehealth ok
IL,2026-03-15,2,Community Care,
IL,2026-03-15,4,Lakeview Clinic,seasonal spike expected
NH,2026-03-15,3,Community Care,seasonal spike expected
NH,2026-03-15,1,Downtown Clinic,
NH,2026-03-15,1,Riverstone Medical,seasonal spike expected
FL,2026-03-15,5,Riverstone Medical,
FL,2026-03-15,4,Lakeview Clinic,
FL,2026-03-15,6,Downtown Clinic,
MT,2026-03-15,1,Downtown Clinic,seasonal spike expected
MT,2026-03-15,4,Community Care,telehealth ok
MT,2026-03-15,1,Riverstone Medical,seasonal spike expected
NE,2026-03-15,4,Lakeview Clinic,seasonal spike expected
NE,2026-03-15,4,Riverstone Medical,seasonal spike expected
NE,2026-03-15,1,Northside Health,telehealth ok
CT,2026-03-15,4,Lakeview Clinic,telehealth ok
CT,2026-03-15,4,Northside Health,
CT,2026-03-15,3,Downtown Clinic,telehealth ok
AL,2026-03-15,1,Northside Health,
AL,2026-03-15,1,Riverstone Medical,
AL,2026-03-15,2,Community Care,
MD,2026-03-15,3,Riverstone Medical,
MD,2026-03-15,3,Community Care,
MD,2026-03-15,4,Northside Health,seasonal spike expected
ID,2026-03-15,4,Lakeview Clinic,
ID,2026-03-15,1,Riverstone Medical,telehealth ok
ID,2026-03-15,5,Community Care,
ND,2026-03-15,3,Lakeview Clinic,
ND,2026-03-15,4,Riverstone Medical,telehealth ok
ND,2026-03-15,1,Northside Health,seasonal spike expected
KS,2026-03-15,5,Riverstone Medical,
KS,2026-03-15,3,Northside Health,
KS,2026-03-15,4,Downtown Clinic,telehealth ok
VT,2026-03-15,1,Riverstone Medical,telehealth ok
VT,2026-03-15,2,Northside Health,telehealth ok
VT,2026-03-15,3,Lakeview Clinic,seasonal spike expected
MI,2026-03-15,2,Riverstone Medical,
MI,2026-03-15,2,Lakeview Clinic,telehealth ok
MI,2026-03-15,4,Downtown Clinic,telehealth ok
NY,2026-03-15,3,Riverstone Medical,seasonal spike expected
NY,2026-03-15,3,Lakeview Clinic,seasonal spike expected
NY,2026-03-15,3,Downtown Clinic,
UT,2026-03-15,1,Northside Health,telehealth ok
UT,2026-03-15,1,Lakeview Clinic,
UT,2026-03-15,1,Community Care,telehealth ok
TX,2026-03-15,6,Riverstone Medical,seasonal spike expected
TX,2026-03-15,5,Northside Health,
TX,2026-03-15,5,Community Care,
LA,2026-03-15,1,Downtown Clinic,
LA,2026-03-15,2,Riverstone Medical,seasonal spike expected
LA,2026-03-15,4,Northside Health,seasonal spike expected
WV,2026-03-15,4,Lakeview Clinic,telehealth ok
WV,2026-03-15,4,Northside Health,telehealth ok
WV,2026-03-15,3,Community Care,seasonal spike expected
NJ,2026-03-15,3,Downtown Clinic,telehealth ok
NJ,2026-03-15,3,Riverstone Medical,telehealth ok
NJ,2026-03-15,5,Lakeview Clinic,
NM,2026-03-15,3,Northside Health,seasonal spike expected
NM,2026-03-15,1,Community Care,seasonal spike expected
NM,2026-03-15,4,Riverstone Medical,
MN,2026-03-15,4,Lakeview Clinic,seasonal spike expected
MN,2026-03-15,5,Riverstone Medical,
MN,2026-03-15,4,Community Care,
MS,2026-03-15,2,Riverstone Medical,
MS,2026-03-15,4,Lakeview Clinic,seasonal spike expected
MS,2026-03-15,4,Downtown Clinic,
VA,2026-03-15,2,Northside Health,seasonal spike expected
VA,2026-03-15,4,Lakeview Clinic,telehealth ok
VA,2026-03-15,2,Community Care,
AR,2026-03-15,4,Downtown Clinic,
AR,2026-03-15,1,Lakeview Clinic,seasonal spike expected
AR,2026-03-15,4,Riverstone Medical,telehealth ok
WY,2026-03-16,6,Downtown Clinic,seasonal spike expected
WY,2026-03-16,6,Community Care,
WY,2026-03-16,5,Riverstone Medical,seasonal spike expected
OR,2026-03-16,4,Lakeview Clinic,telehealth ok
OR,2026-03-16,6,Downtown Clinic,telehealth ok
OR,2026-03-16,3,Northside Health,
CA,2026-03-16,4,Riverstone Medical,telehealth ok
CA,2026-03-16,5,Northside Health,
CA,2026-03-16,5,Lakeview Clinic,
GA,2026-03-16,3,Lakeview Clinic,seasonal spike expected
GA,2026-03-16,3,Community Care,telehealth ok
GA,2026-03-16,3,Northside Health,telehealth ok
AK,2026-03-16,5,Lakeview Clinic,
AK,2026-03-16,3,Riverstone Medical,
AK,2026-03-16,4,Community Care,
HI,2026-03-16,4,Community Care,
HI,2026-03-16,3,Downtown Clinic,seasonal spike expected
HI,2026-03-16,4,Northside Health,seasonal spike expected
PA,2026-03-16,2,Northside Health,telehealth ok
PA,2026-03-16,6,Downtown Clinic,
PA,2026-03-16,3,Lakeview Clinic,
AZ,2026-03-16,6,Community Care,telehealth ok
AZ,2026-03-16,6,Riverstone Medical,telehealth ok
AZ,2026-03-16,2,Downtown Clinic,
RI,2026-03-16,2,Riverstone Medical,
RI,2026-03-16,4,Community Care,telehealth ok
RI,2026-03-16,4,Downtown Clinic,seasonal spike expected
NC,2026-03-16,5,Riverstone Medical,telehealth ok
NC,2026-03-16,3,Community Care,
NC,2026-03-16,6,Downtown Clinic,
TN,2026-03-16,6,Downtown Clinic,telehealth ok
TN,2026-03-16,3,Northside Health,seasonal spike expected
TN,2026-03-16,2,Lakeview Clinic,
IL,2026-03-16,6,Riverstone Medical,seasonal spike expected
IL,2026-03-16,5,Community Care,telehealth ok
IL,2026-03-16,2,Downtown Clinic,telehealth ok
NH,2026-03-16,6,Downtown Clinic,telehealth ok
NH,2026-03-16,6,Northside Health,seasonal spike expected
NH,2026-03-16,4,Community Care,
FL,2026-03-16,6,Northside Health,seasonal spike expected
FL,2026-03-16,7,Downtown Clinic,telehealth ok
FL,2026-03-16,5,Riverstone Medical,seasonal spike expected
MT,2026-03-16,6,Riverstone Medical,telehealth ok
MT,2026-03-16,3,Northside Health,
MT,2026-03-16,4,Lakeview Clinic,
NE,2026-03-16,3,Lakeview Clinic,seasonal spike expected
NE,2026-03-16,6,Downtown Clinic,
NE,2026-03-16,6,Community Care,seasonal spike expected
CT,2026-03-16,6,Northside Health,seasonal spike expected
CT,2026-03-16,6,Downtown Clinic,telehealth ok
CT,2026-03-16,4,Lakeview Clinic,seasonal spike expected
AL,2026-03-16,3,Lakeview Clinic,
AL,2026-03-16,5,Riverstone Medical,seasonal spike expected
AL,2026-03-16,5,Downtown Clinic,seasonal spike expected
MD,2026-03-16,2,Lakeview Clinic,seasonal spike expected
MD,2026-03-16,4,Riverstone Medical,seasonal spike expected
MD,2026-03-16,3,Community Care,seasonal spike expected
ID,2026-03-16,2,Riverstone Medical,
ID,2026-03-16,2,Lakeview Clinic,telehealth ok
ID,2026-03-16,5,Northside Health,
ND,2026-03-16,5,Downtown Clinic,seasonal spike expected
ND,2026-03-16,4,Community Care,telehealth ok
ND,2026-03-16,2,Riverstone Medical,seasonal spike expected
KS,2026-03-16,5,Northside Health,telehealth ok
KS,2026-03-16,3,Riverstone Medical,
KS,2026-03-16,5,Community Care,
VT,2026-03-16,4,Downtown Clinic,
VT,2026-03-16,5,Riverstone Medical,
VT,2026-03-16,2,Northside Health,seasonal spike expected
MI,2026-03-16,6,Downtown Clinic,telehealth ok
MI,2026-03-16,6,Riverstone Medical,
MI,2026-03-16,2,Community Care,telehealth ok
NY,2026-03-16,3,Riverstone Medical,seasonal spike expected
NY,2026-03-16,3,Community Care,seasonal spike expected
NY,2026-03-16,7,Downtown Clinic,seasonal spike expected
UT,2026-03-16,4,Downtown Clinic,telehealth ok
UT,2026-03-16,4,Northside Health,seasonal spike expected
UT,2026-03-16,3,Community Care,telehealth ok
TX,2026-03-16,6,Riverstone Medical,telehealth ok
TX,2026-03-16,7,Community Care,seasonal spike expected
TX,2026-03-16,6,Northside Health,seasonal spike expected
LA,2026-03-16,4,Downtown Clinic,telehealth ok
LA,2026-03-16,2,Northside Health,
LA,2026-03-16,3,Riverstone Medical,seasonal spike expected
WV,2026-03-16,4,Northside Health,telehealth ok
WV,2026-03-16,2,Lakeview Clinic,telehealth ok
WV,2026-03-16,5,Riverstone Medical,seasonal spike expected
NJ,2026-03-16,3,Northside Health,
NJ,2026-03-16,5,Downtown Clinic,
NJ,2026-03-16,5,Lakeview Clinic,
NM,2026-03-16,2,Northside Health,seasonal spike expected
NM,2026-03-16,2,Riverstone Medical,telehealth ok
NM,2026-03-16,4,Lakeview Clinic,
MN,2026-03-16,5,Downtown Clinic,
MN,2026-03-16,4,Riverstone Medical,seasonal spike expected
MN,2026-03-16,3,Community Care,seasonal spike expected
MS,2026-03-16,2,Northside Health,
MS,2026-03-16,3,Downtown Clinic,seasonal spike expected
MS,2026-03-16,3,Lakeview Clinic,seasonal spike expected
VA,2026-03-16,6,Downtown Clinic,seasonal spike expected
VA,2026-03-16,2,Lakeview Clinic,
VA,2026-03-16,2,Community Care,seasonal spike expected
AR,2026-03-16,6,Northside Health,telehealth ok
AR,2026-03-16,5,Community Care,seasonal spike expected
AR,2026-03-16,3,Downtown Clinic,telehealth ok
WY,2026-03-17,5,Lakeview Clinic,
WY,2026-03-17,4,Northside Health,
WY,2026-03-17,6,Community Care,seasonal spike expected
OR,2026-03-17,3,Riverstone Medical,seasonal spike expected
OR,2026-03-17,4,Northside Health,
OR,2026-03-17,3,Lakeview Clinic,telehealth ok
CA,2026-03-17,4,Riverstone Medical,telehealth ok
CA,2026-03-17,5,Northside Health,telehealth ok
CA,2026-03-17,6,Community Care,
GA,2026-03-17,5,Community Care,telehealth ok
GA,2026-03-17,6,Northside Health,telehealth ok
GA,2026-03-17,4,Riverstone Medical,seasonal spike expected
AK,2026-03-17,3,Community Care,telehealth ok
AK,2026-03-17,2,Lakeview Clinic,
AK,2026-03-17,3,Downtown Clinic,seasonal spike expected
HI,2026-03-17,5,Riverstone Medical,
HI,2026-03-17,4,Northside Health,telehealth ok
HI,2026-03-17,5,Downtown Clinic,telehealth ok
PA,2026-03-17,5,Riverstone Medical,
PA,2026-03-17,4,Community Care,
PA,2026-03-17,2,Downtown Clinic,seasonal spike expected
AZ,2026-03-17,2,Northside Health,telehealth ok
AZ,2026-03-17,4,Community Care,seasonal spike expected
AZ,2026-03-17,4,Riverstone Medical,seasonal spike expected
RI,2026-03-17,5,Northside Health,seasonal spike expected
RI,2026-03-17,2,Riverstone Medical,telehealth ok
RI,2026-03-17,5,Lakeview Clinic,telehealth ok
NC,2026-03-17,6,Community Care,telehealth ok
NC,2026-03-17,2,Lakeview Clinic,
NC,2026-03-17,2,Riverstone Medical,telehealth ok
TN,2026-03-17,5,Northside Health,telehealth ok
TN,2026-03-17,5,Lakeview Clinic,seasonal spike expected
TN,2026-03-17,6,Riverstone Medical,seasonal spike expected
IL,2026-03-17,5,Downtown Clinic,seasonal spike expected
IL,2026-03-17,5,Riverstone Medical,seasonal spike expected
IL,2026-03-17,4,Community Care,seasonal spike expected
NH,2026-03-17,4,Lakeview Clinic,telehealth ok
NH,2026-03-17,6,Northside Health,
NH,2026-03-17,2,Community Care,
FL,2026-03-17,4,Riverstone Medical,telehealth ok
FL,2026-03-17,6,Downtown Clinic,
FL,2026-03-17,6,Northside Health,telehealth ok
MT,2026-03-17,6,Riverstone Medical,telehealth ok
MT,2026-03-17,2,Community Care,telehealth ok
MT,2026-03-17,2,Downtown Clinic,
NE,2026-03-17,5,Riverstone Medical,
NE,2026-03-17,5,Lakeview Clinic,
NE,2026-03-17,2,Community Care,
CT,2026-03-17,2,Lakeview Clinic,seasonal spike expected
CT,2026-03-17,6,Riverstone Medical,seasonal spike expected
CT,2026-03-17,3,Northside Health,
AL,2026-03-17,2,Community Care,telehealth ok
AL,2026-03-17,2,Lakeview Clinic,
AL,2026-03-17,2,Downtown Clinic,
MD,2026-03-17,2,Community Care,telehealth ok
MD,2026-03-17,5,Riverstone Medical,
MD,2026-03-17,3,Lakeview Clinic,telehealth ok
ID,2026-03-17,6,Riverstone Medical,seasonal spike expected
ID,2026-03-17,4,Community Care,
ID,2026-03-17,2,Lakeview Clinic,
ND,2026-03-17,6,Riverstone Medical,seasonal spike expected
ND,2026-03-17,4,Northside Health,telehealth ok
ND,2026-03-17,6,Lakeview Clinic,seasonal spike expected
KS,2026-03-17,6,Community Care,
KS,2026-03-17,3,Northside Health,
KS,2026-03-17,3,Lakeview Clinic,telehealth ok
VT,2026-03-17,6,Lakeview Clinic,telehealth ok
VT,2026-03-17,4,Downtown Clinic,telehealth ok
VT,2026-03-17,6,Community Care,telehealth ok
MI,2026-03-17,2,Riverstone Medical,seasonal spike expected
MI,2026-03-17,4,Downtown Clinic,seasonal spike expected
MI,2026-03-17,2,Northside Health,seasonal spike expected
NY,2026-03-17,4,Lakeview Clinic,telehealth ok
NY,2026-03-17,5,Northside Health,seasonal spike expected
NY,2026-03-17,4,Community Care,
UT,2026-03-17,3,Lakeview Clinic,seasonal spike expected
UT,2026-03-17,4,Community Care,seasonal spike expected
UT,2026-03-17,2,Riverstone Medical,telehealth ok
TX,2026-03-17,4,Downtown Clinic,
TX,2026-03-17,7,Lakeview Clinic,
TX,2026-03-17,6,Riverstone Medical,
LA,2026-03-17,3,Downtown Clinic,seasonal spike expected
LA,2026-03-17,6,Northside Health,seasonal spike expected
LA,2026-03-17,2,Riverstone Medical,
WV,2026-03-17,4,Downtown Clinic,telehealth ok
WV,2026-03-17,3,Riverstone Medical,telehealth ok
WV,2026-03-17,6,Northside Health,telehealth ok
NJ,2026-03-17,6,Lakeview Clinic,
NJ,2026-03-17,5,Downtown Clinic,seasonal spike expected
NJ,2026-03-17,5,Community Care,seasonal spike expected
NM,2026-03-17,5,Community Care,telehealth ok
NM,2026-03-17,3,Downtown Clinic,seasonal spike expected
NM,2026-03-17,2,Riverstone Medical,
MN,2026-03-17,5,Lakeview Clinic,seasonal spike expected
MN,2026-03-17,6,Riverstone Medical,seasonal spike expected
MN,2026-03-17,4,Northside Health,telehealth ok
MS,2026-03-17,3,Community Care,seasonal spike expected
MS,2026-03-17,5,Riverstone Medical,
MS,2026-03-17,2,Downtown Clinic,seasonal spike expected
VA,2026-03-17,3,Downtown Clinic,telehealth ok
VA,2026-03-17,6,Northside Health,telehealth ok
VA,2026-03-17,6,Riverstone Medical,telehealth ok
AR,2026-03-17,4,Riverstone Medical,telehealth ok
AR,2026-03-17,5,Downtown Clinic,
AR,2026-03-17,3,Northside Health,telehealth ok
WY,2026-03-18,3,Downtown Clinic,telehealth ok
WY,2026-03-18,6,Lakeview Clinic,telehealth ok
WY,2026-03-18,5,Community Care,seasonal spike expected
OR,2026-03-18,5,Northside Health,seasonal spike expected
OR,2026-03-18,6,Downtown Clinic,seasonal spike expected
OR,2026-03-18,3,Community Care,
CA,2026-03-18,6,Lakeview Clinic,
CA,2026-03-18,4,Northside Health,
CA,2026-03-18,5,Community Care,
GA,2026-03-18,5,Community Care,seasonal spike expected
GA,2026-03-18,6,Northside Health,telehealth ok
GA,2026-03-18,5,Riverstone Medical,telehealth ok
AK,2026-03-18,3,Community Care,telehealth ok
AK,2026-03-18,6,Lakeview Clinic,telehealth ok
AK,2026-03-18,4,Downtown Clinic,seasonal spike expected
HI,2026-03-18,3,Lakeview Clinic,
HI,2026-03-18,6,Northside Health,
HI,2026-03-18,2,Community Care,telehealth ok
PA,2026-03-18,6,Riverstone Medical,
PA,2026-03-18,2,Lakeview Clinic,telehealth ok
PA,2026-03-18,2,Community Care,
AZ,2026-03-18,3,Lakeview Clinic,seasonal spike expected
AZ,2026-03-18,4,Downtown Clinic,seasonal spike expected
AZ,2026-03-18,5,Northside Health,
RI,2026-03-18,4,Lakeview Clinic,telehealth ok
RI,2026-03-18,4,Downtown Clinic,
RI,2026-03-18,3,Riverstone Medical,seasonal spike expected
NC,2026-03-18,5,Community Care,telehealth ok
NC,2026-03-18,2,Lakeview Clinic,telehealth ok
NC,2026-03-18,3,Downtown Clinic,seasonal spike expected
TN,2026-03-18,5,Lakeview Clinic,telehealth ok
TN,2026-03-18,4,Northside Health,
TN,2026-03-18,4,Riverstone Medical,
IL,2026-03-18,4,Community Care,telehealth ok
IL,2026-03-18,4,Riverstone Medical,
IL,2026-03-18,6,Northside Health,telehealth ok
NH,2026-03-18,3,Northside Health,seasonal spike expected
NH,2026-03-18,5,Riverstone Medical,telehealth ok
NH,2026-03-18,4,Lakeview Clinic,
FL,2026-03-18,7,Lakeview Clinic,seasonal spike expected
FL,2026-03-18,4,Riverstone Medical,
FL,2026-03-18,5,Community Care,
MT,2026-03-18,5,Community Care,telehealth ok
MT,2026-03-18,5,Downtown Clinic,seasonal spike expected
MT,2026-03-18,2,Lakeview Clinic,seasonal spike expected
NE,2026-03-18,5,Northside Health,telehealth ok
NE,2026-03-18,6,Community Care,telehealth ok
NE,2026-03-18,2,Lakeview Clinic,
CT,2026-03-18,4,Lakeview Clinic,telehealth ok
CT,2026-03-18,3,Community Care,seasonal spike expected
CT,2026-03-18,6,Northside Health,telehealth ok
AL,2026-03-18,5,Riverstone Medical,
AL,2026-03-18,3,Northside Health,seasonal spike expected
AL,2026-03-18,4,Downtown Clinic,seasonal spike expected
MD,2026-03-18,6,Community Care,
MD,2026-03-18,3,Lakeview Clinic,
MD,2026-03-18,5,Northside Health,seasonal spike expected
ID,2026-03-18,2,Northside Health,seasonal spike expected
ID,2026-03-18,6,Lakeview Clinic,
ID,2026-03-18,5,Community Care,
ND,2026-03-18,5,Community Care,telehealth ok
ND,2026-03-18,2,Lakeview Clinic,
ND,2026-03-18,6,Northside Health,telehealth ok
KS,2026-03-18,4,Riverstone Medical,
KS,2026-03-18,5,Downtown Clinic,telehealth ok
KS,2026-03-18,6,Community Care,telehealth ok
VT,2026-03-18,2,Lakeview Clinic,seasonal spike expected
VT,2026-03-18,3,Northside Health,seasonal spike expected
VT,2026-03-18,6,Downtown Clinic,
MI,2026-03-18,4,Northside Health,seasonal spike expected
MI,2026-03-18,3,Downtown Clinic,seasonal spike expected
MI,2026-03-18,2,Riverstone Medical,seasonal spike expected
NY,2026-03-18,5,Riverstone Medical,seasonal spike expected
NY,2026-03-18,4,Downtown Clinic,seasonal spike expected
NY,2026-03-18,3,Community Care,
UT,2026-03-18,5,Downtown Clinic,seasonal spike expected
UT,2026-03-18,6,Lakeview Clinic,telehealth ok
UT,2026-03-18,5,Riverstone Medical,
TX,2026-03-18,6,Lakeview Clinic,seasonal spike expected
TX,2026-03-18,7,Downtown Clinic,telehealth ok
TX,2026-03-18,5,Community Care,
LA,2026-03-18,2,Riverstone Medical,telehealth ok
LA,2026-03-18,3,Lakeview Clinic,seasonal spike expected
LA,2026-03-18,6,Downtown Clinic,seasonal spike expected
WV,2026-03-18,4,Riverstone Medical,telehealth ok
WV,2026-03-18,3,Lakeview Clinic,
WV,2026-03-18,4,Northside Health,seasonal spike expected
NJ,2026-03-18,5,Downtown Clinic,telehealth ok
NJ,2026-03-18,2,Northside Health,seasonal spike expected
NJ,2026-03-18,3,Riverstone Medical,telehealth ok
NM,2026-03-18,4,Downtown Clinic,telehealth ok
NM,2026-03-18,6,Riverstone Medical,telehealth ok
NM,2026-03-18,5,Lakeview Clinic,telehealth ok
MN,2026-03-18,3,Riverstone Medical,
MN,2026-03-18,5,Lakeview Clinic,telehealth ok
MN,2026-03-18,2,Downtown Clinic,telehealth ok
MS,2026-03-18,3,Downtown Clinic,telehealth ok
MS,2026-03-18,5,Northside Health,seasonal spike expected
MS,2026-03-18,5,Riverstone Medical,telehealth ok
VA,2026-03-18,3,Northside Health,telehealth ok
VA,2026-03-18,3,Community Care,
VA,2026-03-18,5,Downtown Clinic,
AR,2026-03-18,5,Riverstone Medical,seasonal spike expected
AR,2026-03-18,5,Northside Health,telehealth ok
AR,2026-03-18,3,Downtown Clinic,telehealth ok
WY,2026-03-19,2,Northside Health,seasonal spike expected
WY,2026-03-19,2,Lakeview Clinic,telehealth ok
WY,2026-03-19,5,Riverstone Medical,telehealth ok
OR,2026-03-19,3,Community Care,
OR,2026-03-19,4,Lakeview Clinic,telehealth ok
OR,2026-03-19,6,Riverstone Medical,telehealth ok
CA,2026-03-19,4,Community Care,telehealth ok
CA,2026-03-19,3,Downtown Clinic,seasonal spike expected
CA,2026-03-19,3,Lakeview Clinic,
GA,2026-03-19,5,Riverstone Medical,telehealth ok
GA,2026-03-19,3,Northside Health,
GA,2026-03-19,3,Community Care,telehealth ok
AK,2026-03-19,2,Community Care,telehealth ok
AK,2026-03-19,3,Lakeview Clinic,
AK,2026-03-19,4,Downtown Clinic,
HI,2026-03-19,4,Community Care,
HI,2026-03-19,6,Lakeview Clinic,telehealth ok
HI,2026-03-19,6,Riverstone Medical,telehealth ok
PA,2026-03-19,6,Northside Health,
PA,2026-03-19,4,Community Care,seasonal spike expected
PA,2026-03-19,2,Downtown Clinic,telehealth ok
AZ,2026-03-19,6,Downtown Clinic,telehealth ok
AZ,2026-03-19,5,Lakeview Clinic,
AZ,2026-03-19,3,Riverstone Medical,telehealth ok
RI,2026-03-19,5,Riverstone Medical,
RI,2026-03-19,4,Community Care,
RI,2026-03-19,6,Lakeview Clinic,seasonal spike expected
NC,2026-03-19,6,Riverstone Medical,telehealth ok
NC,2026-03-19,5,Northside Health,telehealth ok
NC,2026-03-19,4,Downtown Clinic,telehealth ok
TN,2026-03-19,6,Lakeview Clinic,seasonal spike expected
TN,2026-03-19,5,Downtown Clinic,
TN,2026-03-19,6,Northside Health,telehealth ok
IL,2026-03-19,6,Riverstone Medical,telehealth ok
IL,2026-03-19,3,Downtown Clinic,seasonal spike expected
IL,2026-03-19,6,Lakeview Clinic,
NH,2026-03-19,3,Downtown Clinic,
NH,2026-03-19,6,Lakeview Clinic,seasonal spike expected
NH,2026-03-19,4,Riverstone Medical,
FL,2026-03-19,6,Downtown Clinic,telehealth ok
FL,2026-03-19,5,Lakeview Clinic,
FL,2026-03-19,3,Northside Health,seasonal spike expected
MT,2026-03-19,6,Lakeview Clinic,seasonal spike expected
MT,2026-03-19,3,Riverstone Medical,
MT,2026-03-19,6,Downtown Clinic,seasonal spike expected
NE,2026-03-19,5,Riverstone Medical,telehealth ok
NE,2026-03-19,4,Northside Health,
NE,2026-03-19,2,Lakeview Clinic,telehealth ok
CT,2026-03-19,6,Lakeview Clinic,seasonal spike expected
CT,2026-03-19,4,Community Care,seasonal spike expected
CT,2026-03-19,3,Northside Health,seasonal spike expected
AL,2026-03-19,4,Riverstone Medical,seasonal spike expected
AL,2026-03-19,2,Lakeview Clinic,telehealth ok
AL,2026-03-19,5,Northside Health,
MD,2026-03-19,6,Downtown Clinic,
MD,2026-03-19,3,Community Care,
MD,2026-03-19,4,Riverstone Medical,telehealth ok
ID,2026-03-19,4,Community Care,
ID,2026-03-19,2,Lakeview Clinic,seasonal spike expected
ID,2026-03-19,5,Downtown Clinic,seasonal spike expected
ND,2026-03-19,6,Community Care,
ND,2026-03-19,5,Lakeview Clinic,telehealth ok
ND,2026-03-19,2,Northside Health,seasonal spike expected
KS,2026-03-19,2,Downtown Clinic,telehealth ok
KS,2026-03-19,4,Lakeview Clinic,
KS,2026-03-19,2,Northside Health,
VT,2026-03-19,6,Riverstone Medical,
VT,2026-03-19,4,Downtown Clinic,
VT,2026-03-19,4,Lakeview Clinic,
MI,2026-03-19,3,Lakeview Clinic,
MI,2026-03-19,4,Downtown Clinic,seasonal spike expected
MI,2026-03-19,6,Riverstone Medical,seasonal spike expected
NY,2026-03-19,5,Riverstone Medical,telehealth ok
NY,2026-03-19,7,Downtown Clinic,seasonal spike expected
NY,2026-03-19,7,Lakeview Clinic,telehealth ok
UT,2026-03-19,2,Community Care,telehealth ok
UT,2026-03-19,4,Riverstone Medical,telehealth ok
UT,2026-03-19,4,Northside Health,
TX,2026-03-19,7,Community Care,seasonal spike expected
TX,2026-03-19,6,Northside Health,
TX,2026-03-19,6,Riverstone Medical,telehealth ok
LA,2026-03-19,6,Community Care,
LA,2026-03-19,4,Lakeview Clinic,seasonal spike expected
LA,2026-03-19,5,Downtown Clinic,seasonal spike expected
WV,2026-03-19,4,Community Care,
WV,2026-03-19,2,Lakeview Clinic,seasonal spike expected
WV,2026-03-19,6,Riverstone Medical,seasonal spike expected
NJ,2026-03-19,6,Community Care,telehealth ok
NJ,2026-03-19,5,Lakeview Clinic,telehealth ok
NJ,2026-03-19,2,Downtown Clinic,seasonal spike expected
NM,2026-03-19,6,Downtown Clinic,
NM,2026-03-19,2,Lakeview Clinic,seasonal spike expected
NM,2026-03-19,4,Northside Health,
MN,2026-03-19,6,Northside Health,seasonal spike expected
MN,2026-03-19,5,Riverstone Medical,
MN,2026-03-19,3,Lakeview Clinic,seasonal spike expected
MS,2026-03-19,6,Lakeview Clinic,
MS,2026-03-19,2,Northside Health,
MS,2026-03-19,5,Community Care,seasonal spike expected
VA,2026-03-19,2,Riverstone Medical,
VA,2026-03-19,4,Northside Health,telehealth ok
VA,2026-03-19,5,Downtown Clinic,telehealth ok
AR,2026-03-19,4,Community Care,telehealth ok
AR,2026-03-19,6,Northside Health,
AR,2026-03-19,6,Downtown Clinic,seasonal spike expected
WY,2026-03-20,4,Northside Health,seasonal spike expected
WY,2026-03-20,5,Lakeview Clinic,
WY,2026-03-20,6,Riverstone Medical,telehealth ok
OR,2026-03-20,5,Riverstone Medical,
OR,2026-03-20,3,Community Care,telehealth ok
OR,2026-03-20,6,Downtown Clinic,
CA,2026-03-20,3,Lakeview Clinic,seasonal spike expected
CA,2026-03-20,5,Northside Health,seasonal spike expected
CA,2026-03-20,6,Riverstone Medical,
GA,2026-03-20,2,Northside Health,seasonal spike expected
GA,2026-03-20,6,Downtown Clinic,telehealth ok
GA,2026-03-20,2,Community Care,seasonal spike expected
AK,2026-03-20,6,Northside Health,seasonal spike expected
AK,2026-03-20,5,Riverstone Medical,
AK,2026-03-20,6,Downtown Clinic,
HI,2026-03-20,3,Community Care,
HI,2026-03-20,6,Riverstone Medical,
HI,2026-03-20,3,Northside Health,seasonal spike expected
PA,2026-03-20,4,Lakeview Clinic,
PA,2026-03-20,5,Downtown Clinic,telehealth ok
PA,2026-03-20,3,Northside Health,seasonal spike expected
AZ,2026-03-20,3,Northside Health,seasonal spike expected
AZ,2026-03-20,3,Lakeview Clinic,telehealth ok
AZ,2026-03-20,3,Downtown Clinic,telehealth ok
RI,2026-03-20,5,Downtown Clinic,
RI,2026-03-20,4,Community Care,seasonal spike expected
RI,2026-03-20,5,Northside Health,telehealth ok
NC,2026-03-20,2,Riverstone Medical,
NC,2026-03-20,4,Northside Health,seasonal spike expected
NC,2026-03-20,5,Lakeview Clinic,seasonal spike expected
TN,2026-03-20,4,Community Care,seasonal spike expected
TN,2026-03-20,5,Lakeview Clinic,seasonal spike expected
TN,2026-03-20,2,Northside Health,
IL,2026-03-20,4,Downtown Clinic,telehealth ok
IL,2026-03-20,5,Lakeview Clinic,
IL,2026-03-20,2,Community Care,
NH,2026-03-20,3,Downtown Clinic,seasonal spike expected
NH,2026-03-20,2,Northside Health,telehealth ok
NH,2026-03-20,6,Lakeview Clinic,telehealth ok
FL,2026-03-20,7,Community Care,
FL,2026-03-20,4,Downtown Clinic,telehealth ok
FL,2026-03-20,5,Lakeview Clinic,telehealth ok
MT,2026-03-20,3,Riverstone Medical,telehealth ok
MT,2026-03-20,5,Lakeview Clinic,
MT,2026-03-20,5,Downtown Clinic,seasonal spike expected
NE,2026-03-20,5,Lakeview Clinic,
NE,2026-03-20,2,Community Care,
NE,2026-03-20,4,Downtown Clinic,seasonal spike expected
CT,2026-03-20,5,Community Care,telehealth ok
CT,2026-03-20,2,Lakeview Clinic,telehealth ok
CT,2026-03-20,3,Northside Health,
AL,2026-03-20,3,Riverstone Medical,
AL,2026-03-20,4,Lakeview Clinic,
AL,2026-03-20,2,Northside Health,telehealth ok
MD,2026-03-20,3,Northside Health,seasonal spike expected
MD,2026-03-20,6,Community Care,seasonal spike expected
MD,2026-03-20,2,Downtown Clinic,telehealth ok
ID,2026-03-20,2,Riverstone Medical,telehealth ok
ID,2026-03-20,5,Downtown Clinic,telehealth ok
ID,2026-03-20,6,Community Care,
ND,2026-03-20,4,Downtown Clinic,
ND,2026-03-20,4,Community Care,seasonal spike expected
ND,2026-03-20,6,Lakeview Clinic,seasonal spike expected
KS,2026-03-20,3,Downtown Clinic,telehealth ok
KS,2026-03-20,4,Northside Health,seasonal spike expected
KS,2026-03-20,4,Riverstone Medical,telehealth ok
VT,2026-03-20,3,Riverstone Medical,
VT,2026-03-20,3,Community Care,seasonal spike expected
VT,2026-03-20,6,Northside Health,
MI,2026-03-20,4,Northside Health,telehealth ok
MI,2026-03-20,6,Downtown Clinic,telehealth ok
MI,2026-03-20,5,Riverstone Medical,
NY,2026-03-20,5,Lakeview Clinic,telehealth ok
NY,2026-03-20,4,Community Care,telehealth ok
NY,2026-03-20,6,Downtown Clinic,seasonal spike expected
UT,2026-03-20,3,Downtown Clinic,
UT,2026-03-20,3,Lakeview Clinic,
UT,2026-03-20,5,Riverstone Medical,
TX,2026-03-20,4,Northside Health,seasonal spike expected
TX,2026-03-20,6,Riverstone Medical,telehealth ok
TX,2026-03-20,7,Downtown Clinic,telehealth ok
LA,2026-03-20,4,Lakeview Clinic,telehealth ok
LA,2026-03-20,6,Downtown Clinic,
LA,2026-03-20,6,Riverstone Medical,seasonal spike expected
WV,2026-03-20,3,Northside Health,
WV,2026-03-20,5,Community Care,
WV,2026-03-20,6,Riverstone Medical,telehealth ok
NJ,2026-03-20,2,Riverstone Medical,
NJ,2026-03-20,3,Downtown Clinic,
NJ,2026-03-20,3,Community Care,telehealth ok
NM,2026-03-20,4,Riverstone Medical,telehealth ok
NM,2026-03-20,6,Northside Health,telehealth ok
NM,2026-03-20,3,Lakeview Clinic,telehealth ok
MN,2026-03-20,6,Northside Health,seasonal spike expected
MN,2026-03-20,6,Riverstone Medical,
MN,2026-03-20,4,Lakeview Clinic,telehealth ok
MS,2026-03-20,3,Northside Health,telehealth ok
MS,2026-03-20,3,Community Care,
MS,2026-03-20,2,Riverstone Medical,telehealth ok
VA,2026-03-20,2,Riverstone Medical,
VA,2026-03-20,5,Lakeview Clinic,telehealth ok
VA,2026-03-20,3,Community Care,
AR,2026-03-20,4,Lakeview Clinic,seasonal spike expected
AR,2026-03-20,4,Riverstone Medical,telehealth ok
AR,2026-03-20,4,Northside Health,
WY,2026-03-21,4,Downtown Clinic,
WY,2026-03-21,2,Northside Health,seasonal spike expected
WY,2026-03-21,2,Riverstone Medical,seasonal spike expected
OR,2026-03-21,4,Downtown Clinic,seasonal spike expected
OR,2026-03-21,5,Riverstone Medical,
OR,2026-03-21,4,Lakeview Clinic,telehealth ok
CA,2026-03-21,6,Downtown Clinic,telehealth ok
CA,2026-03-21,2,Riverstone Medical,telehealth ok
CA,2026-03-21,4,Community Care,seasonal spike expected
GA,2026-03-21,4,Downtown Clinic,seasonal spike expected
GA,2026-03-21,3,Northside Health,
GA,2026-03-21,2,Lakeview Clinic,telehealth ok
AK,2026-03-21,5,Northside Health,telehealth ok
AK,2026-03-21,5,Riverstone Medical,
AK,2026-03-21,3,Lakeview Clinic,seasonal spike expected
HI,2026-03-21,4,Riverstone Medical,
HI,2026-03-21,2,Northside Health,
HI,2026-03-21,4,Community Care,telehealth ok
PA,2026-03-21,4,Northside Health,seasonal spike expected
PA,2026-03-21,1,Community Care,seasonal spike expected
PA,2026-03-21,4,Riverstone Medical,seasonal spike expected
AZ,2026-03-21,1,Community Care,
AZ,2026-03-21,3,Downtown Clinic,
AZ,2026-03-21,1,Riverstone Medical,
RI,2026-03-21,3,Downtown Clinic,seasonal spike expected
RI,2026-03-21,5,Northside Health,
RI,2026-03-21,5,Community Care,seasonal spike expected
NC,2026-03-21,1,Downtown Clinic,telehealth ok
NC,2026-03-21,1,Riverstone Medical,
NC,2026-03-21,1,Northside Health,
TN,2026-03-21,2,Community Care,seasonal spike expected
TN,2026-03-21,4,Riverstone Medical,
TN,2026-03-21,4,Northside Health,seasonal spike expected
IL,2026-03-21,4,Northside Health,
IL,2026-03-21,3,Riverstone Medical,telehealth ok
IL,2026-03-21,2,Community Care,
NH,2026-03-21,2,Northside Health,
NH,2026-03-21,2,Riverstone Medical,seasonal spike expected
NH,2026-03-21,1,Lakeview Clinic,
FL,2026-03-21,5,Northside Health,seasonal spike expected
FL,2026-03-21,2,Riverstone Medical,
FL,2026-03-21,2,Lakeview Clinic,telehealth ok
MT,2026-03-21,3,Downtown Clinic,seasonal spike expected
MT,2026-03-21,2,Northside Health,telehealth ok
MT,2026-03-21,1,Riverstone Medical,telehealth ok
NE,2026-03-21,3,Riverstone Medical,telehealth ok
NE,2026-03-21,2,Downtown Clinic,seasonal spike expected
NE,2026-03-21,2,Northside Health,telehealth ok
CT,2026-03-21,4,Northside Health,
CT,2026-03-21,5,Community Care,
CT,2026-03-21,1,Riverstone Medical,seasonal spike expected
AL,2026-03-21,3,Downtown Clinic,
AL,2026-03-21,3,Community Care,
AL,2026-03-21,1,Lakeview Clinic,seasonal spike expected
MD,2026-03-21,2,Downtown Clinic,seasonal spike expected
MD,2026-03-21,4,Northside Health,seasonal spike expected
MD,2026-03-21,3,Community Care,telehealth ok
ID,2026-03-21,2,Lakeview Clinic,
ID,2026-03-21,2,Community Care,seasonal spike expected
ID,2026-03-21,3,Riverstone Medical,seasonal spike expected
ND,2026-03-21,3,Northside Health,seasonal spike expected
ND,2026-03-21,1,Downtown Clinic,
ND,2026-03-21,1,Riverstone Medical,seasonal spike expected
KS,2026-03-21,3,Downtown Clinic,telehealth ok
KS,2026-03-21,2,Riverstone Medical,telehealth ok
KS,2026-03-21,2,Northside Health,telehealth ok
VT,2026-03-21,5,Lakeview Clinic,telehealth ok
VT,2026-03-21,1,Community Care,seasonal spike expected
VT,2026-03-21,4,Riverstone Medical,seasonal spike expected
MI,2026-03-21,5,Riverstone Medical,seasonal spike expected
MI,2026-03-21,2,Downtown Clinic,
MI,2026-03-21,2,Community Care,
NY,2026-03-21,5,Community Care,telehealth ok
NY,2026-03-21,6,Downtown Clinic,telehealth ok
NY,2026-03-21,5,Riverstone Medical,
UT,2026-03-21,1,Community Care,seasonal spike expected
UT,2026-03-21,4,Northside Health,telehealth ok
UT,2026-03-21,5,Lakeview Clinic,seasonal spike expected
TX,2026-03-21,5,Lakeview Clinic,telehealth ok
TX,2026-03-21,2,Community Care,
TX,2026-03-21,2,Riverstone Medical,telehealth ok
LA,2026-03-21,5,Northside Health,seasonal spike expected
LA,2026-03-21,5,Downtown Clinic,telehealth ok
LA,2026-03-21,5,Community Care,telehealth ok
WV,2026-03-21,1,Riverstone Medical,
WV,2026-03-21,2,Lakeview Clinic,
WV,2026-03-21,1,Downtown Clinic,
NJ,2026-03-21,2,Downtown Clinic,telehealth ok
NJ,2026-03-21,2,Northside Health,telehealth ok
NJ,2026-03-21,2,Community Care,telehealth ok
NM,2026-03-21,4,Lakeview Clinic,telehealth ok
NM,2026-03-21,1,Northside Health,telehealth ok
NM,2026-03-21,2,Riverstone Medical,
MN,2026-03-21,2,Downtown Clinic,telehealth ok
MN,2026-03-21,2,Northside Health,telehealth ok
MN,2026-03-21,3,Riverstone Medical,
MS,2026-03-21,1,Lakeview Clinic,
MS,2026-03-21,5,Downtown Clinic,seasonal spike expected
MS,2026-03-21,1,Community Care,
VA,2026-03-21,3,Lakeview Clinic,seasonal spike expected
VA,2026-03-21,3,Downtown Clinic,telehealth ok
VA,2026-03-21,5,Community Care,
AR,2026-03-21,3,Community Care,seasonal spike expected
AR,2026-03-21,1,Downtown Clinic,seasonal spike expected
AR,2026-03-21,3,Northside Health,telehealth ok
WY,2026-03-22,5,Lakeview Clinic,
WY,2026-03-22,2,Community Care,
WY,2026-03-22,5,Riverstone Medical,telehealth ok
OR,2026-03-22,2,Downtown Clinic,seasonal spike expected
OR,2026-03-22,4,Riverstone Medical,telehealth ok
OR,2026-03-22,5,Lakeview Clinic,
CA,2026-03-22,2,Downtown Clinic,seasonal spike expected
CA,2026-03-22,2,Lakeview Clinic,
CA,2026-03-22,4,Riverstone Medical,telehealth ok
GA,2026-03-22,4,Northside Health,telehealth ok
GA,2026-03-22,1,Downtown Clinic,seasonal spike expected
GA,2026-03-22,5,Community Care,
AK,2026-03-22,3,Lakeview Clinic,
AK,2026-03-22,1,Riverstone Medical,telehealth ok
AK,2026-03-22,2,Community Care,telehealth ok
HI,2026-03-22,5,Downtown Clinic,
HI,2026-03-22,5,Riverstone Medical,seasonal spike expected
HI,2026-03-22,5,Community Care,telehealth ok
PA,2026-03-22,1,Community Care,
PA,2026-03-22,5,Downtown Clinic,seasonal spike expected
PA,2026-03-22,2,Riverstone Medical,telehealth ok
AZ,2026-03-22,4,Community Care,seasonal spike expected
AZ,2026-03-22,2,Northside Health,seasonal spike expected
AZ,2026-03-22,1,Riverstone Medical,
RI,2026-03-22,5,Community Care,seasonal spike expected
RI,2026-03-22,5,Northside Health,seasonal spike expected
RI,2026-03-22,5,Downtown Clinic,seasonal spike expected
NC,2026-03-22,4,Riverstone Medical,seasonal spike expected
NC,2026-03-22,2,Lakeview Clinic,telehealth ok
NC,2026-03-22,5,Community Care,telehealth ok
TN,2026-03-22,4,Riverstone Medical,seasonal spike expected
TN,2026-03-22,5,Downtown Clinic,
TN,2026-03-22,2,Community Care,seasonal spike expected
IL,2026-03-22,4,Northside Health,seasonal spike expected
IL,2026-03-22,1,Lakeview Clinic,seasonal spike expected
IL,2026-03-22,3,Downtown Clinic,telehealth ok
NH,2026-03-22,2,Riverstone Medical,
NH,2026-03-22,4,Lakeview Clinic,telehealth ok
NH,2026-03-22,1,Northside Health,seasonal spike expected
FL,2026-03-22,4,Downtown Clinic,seasonal spike expected
FL,2026-03-22,2,Riverstone Medical,seasonal spike expected
FL,2026-03-22,2,Community Care,seasonal spike expected
MT,2026-03-22,2,Northside Health,seasonal spike expected
MT,2026-03-22,3,Riverstone Medical,seasonal spike expected
MT,2026-03-22,3,Downtown Clinic,
NE,2026-03-22,1,Lakeview Clinic,
NE,2026-03-22,5,Northside Health,
NE,2026-03-22,2,Community Care,telehealth ok
CT,2026-03-22,3,Northside Health,
CT,2026-03-22,3,Riverstone Medical,
CT,2026-03-22,3,Downtown Clinic,
AL,2026-03-22,5,Downtown Clinic,seasonal spike expected
AL,2026-03-22,4,Lakeview Clinic,telehealth ok
AL,2026-03-22,2,Riverstone Medical,telehealth ok
MD,2026-03-22,4,Riverstone Medical,seasonal spike expected
MD,2026-03-22,3,Downtown Clinic,
MD,2026-03-22,4,Lakeview Clinic,seasonal spike expected
ID,2026-03-22,1,Downtown Clinic,
ID,2026-03-22,5,Riverstone Medical,telehealth ok
ID,2026-03-22,5,Northside Health,seasonal spike expected
ND,2026-03-22,3,Downtown Clinic,
ND,2026-03-22,2,Lakeview Clinic,telehealth ok
ND,2026-03-22,3,Community Care,
KS,2026-03-22,3,Northside Health,
KS,2026-03-22,5,Community Care,telehealth ok
KS,2026-03-22,1,Lakeview Clinic,seasonal spike expected
VT,2026-03-22,2,Northside Health,telehealth ok
VT,2026-03-22,5,Downtown Clinic,
VT,2026-03-22,1,Lakeview Clinic,
MI,2026-03-22,5,Lakeview Clinic,seasonal spike expected
MI,2026-03-22,4,Downtown Clinic,
MI,2026-03-22,3,Riverstone Medical,
NY,2026-03-22,5,Lakeview Clinic,
NY,2026-03-22,2,Community Care,
NY,2026-03-22,6,Riverstone Medical,
UT,2026-03-22,2,Community Care,
UT,2026-03-22,5,Downtown Clinic,seasonal spike expected
UT,2026-03-22,4,Riverstone Medical,telehealth ok
TX,2026-03-22,6,Lakeview Clinic,
TX,2026-03-22,2,Community Care,seasonal spike expected
TX,2026-03-22,4,Downtown Clinic,
LA,2026-03-22,5,Northside Health,seasonal spike expected
LA,2026-03-22,2,Downtown Clinic,seasonal spike expected
LA,2026-03-22,2,Community Care,seasonal spike expected
WV,2026-03-22,2,Lakeview Clinic,seasonal spike expected
WV,2026-03-22,2,Riverstone Medical,seasonal spike expected
WV,2026-03-22,4,Community Care,telehealth ok
NJ,2026-03-22,5,Northside Health,
NJ,2026-03-22,5,Riverstone Medical,telehealth ok
NJ,2026-03-22,1,Lakeview Clinic,telehealth ok
NM,2026-03-22,3,Northside Health,seasonal spike expected
NM,2026-03-22,5,Lakeview Clinic,seasonal spike expected
NM,2026-03-22,3,Community Care,
MN,2026-03-22,1,Community Care,seasonal spike expected
MN,2026-03-22,4,Downtown Clinic,
MN,2026-03-22,3,Riverstone Medical,telehealth ok
MS,2026-03-22,3,Downtown Clinic,
MS,2026-03-22,5,Riverstone Medical,telehealth ok
MS,2026-03-22,1,Lakeview Clinic,telehealth ok
VA,2026-03-22,1,Community Care,seasonal spike expected
VA,2026-03-22,4,Downtown Clinic,
VA,2026-03-22,4,Lakeview Clinic,seasonal spike expected
AR,2026-03-22,1,Downtown Clinic,telehealth ok
AR,2026-03-22,1,Lakeview Clinic,telehealth ok
AR,2026-03-22,2,Riverstone Medical,
WY,2026-03-23,5,Downtown Clinic,
WY,2026-03-23,6,Northside Health,
WY,2026-03-23,3,Riverstone Medical,seasonal spike expected
OR,2026-03-23,2,Riverstone Medical,seasonal spike expected
OR,2026-03-23,5,Downtown Clinic,
OR,2026-03-23,5,Lakeview Clinic,telehealth ok
CA,2026-03-23,7,Lakeview Clinic,telehealth ok
CA,2026-03-23,5,Northside Health,seasonal spike expected
CA,2026-03-23,6,Riverstone Medical,seasonal spike expected
GA,2026-03-23,4,Downtown Clinic,seasonal spike expected
GA,2026-03-23,5,Riverstone Medical,
GA,2026-03-23,5,Community Care,seasonal spike expected
AK,2026-03-23,6,Northside Health,telehealth ok
AK,2026-03-23,3,Community Care,seasonal spike expected
AK,2026-03-23,3,Riverstone Medical,seasonal spike expected
HI,2026-03-23,3,Riverstone Medical,seasonal spike expected
HI,2026-03-23,3,Lakeview Clinic,
HI,2026-03-23,4,Community Care,telehealth ok
PA,2026-03-23,3,Downtown Clinic,seasonal spike expected
PA,2026-03-23,3,Northside Health,telehealth ok
PA,2026-03-23,6,Riverstone Medical,
AZ,2026-03-23,5,Northside Health,seasonal spike expected
AZ,2026-03-23,4,Community Care,seasonal spike expected
AZ,2026-03-23,4,Lakeview Clinic,telehealth ok
RI,2026-03-23,3,Northside Health,telehealth ok
RI,2026-03-23,2,Community Care,telehealth ok
RI,2026-03-23,6,Lakeview Clinic,seasonal spike expected
NC,2026-03-23,5,Northside Health,telehealth ok
NC,2026-03-23,2,Lakeview Clinic,seasonal spike expected
NC,2026-03-23,4,Downtown Clinic,
TN,2026-03-23,3,Riverstone Medical,
TN,2026-03-23,5,Community Care,
TN,2026-03-23,6,Downtown Clinic,telehealth ok
IL,2026-03-23,5,Riverstone Medical,telehealth ok
IL,2026-03-23,2,Lakeview Clinic,seasonal spike expected
IL,2026-03-23,4,Downtown Clinic,seasonal spike expected
NH,2026-03-23,4,Downtown Clinic,
NH,2026-03-23,2,Northside Health,seasonal spike expected
NH,2026-03-23,3,Community Care,
FL,2026-03-23,6,Lakeview Clinic,
FL,2026-03-23,6,Riverstone Medical,
FL,2026-03-23,4,Community Care,
MT,2026-03-23,4,Northside Health,telehealth ok
MT,2026-03-23,2,Downtown Clinic,telehealth ok
MT,2026-03-23,3,Community Care,
NE,2026-03-23,2,Northside Health,telehealth ok
NE,2026-03-23,4,Riverstone Medical,seasonal spike expected
NE,2026-03-23,3,Downtown Clinic,
CT,2026-03-23,4,Northside Health,
CT,2026-03-23,5,Downtown Clinic,
CT,2026-03-23,5,Lakeview Clinic,telehealth ok
AL,2026-03-23,2,Northside Health,seasonal spike expected
AL,2026-03-23,6,Downtown Clinic,telehealth ok
AL,2026-03-23,5,Riverstone Medical,
MD,2026-03-23,2,Lakeview Clinic,
MD,2026-03-23,2,Community Care,
MD,2026-03-23,5,Riverstone Medical,telehealth ok
ID,2026-03-23,4,Downtown Clinic,telehealth ok
ID,2026-03-23,5,Lakeview Clinic,seasonal spike expected
ID,2026-03-23,4,Community Care,
ND,2026-03-23,2,Northside Health,seasonal spike expected
ND,2026-03-23,4,Riverstone Medical,seasonal spike expected
ND,2026-03-23,5,Community Care,telehealth ok
KS,2026-03-23,2,Northside Health,
KS,2026-03-23,4,Community Care,
KS,2026-03-23,5,Riverstone Medical,seasonal spike expected
VT,2026-03-23,6,Lakeview Clinic,seasonal spike expected
VT,2026-03-23,6,Community Care,
VT,2026-03-23,5,Northside Health,seasonal spike expected
MI,2026-03-23,2,Downtown Clinic,telehealth ok
MI,2026-03-23,5,Community Care,telehealth ok
MI,2026-03-23,3,Northside Health,
NY,2026-03-23,7,Riverstone Medical,
NY,2026-03-23,7,Community Care,telehealth ok
NY,2026-03-23,6,Northside Health,
UT,2026-03-23,3,Community Care,telehealth ok
UT,2026-03-23,2,Northside Health,telehealth ok
UT,2026-03-23,6,Downtown Clinic,
TX,2026-03-23,3,Downtown Clinic,
TX,2026-03-23,6,Riverstone Medical,telehealth ok
TX,2026-03-23,4,Community Care,
LA,2026-03-23,6,Downtown Clinic,seasonal spike expected
LA,2026-03-23,5,Lakeview Clinic,
LA,2026-03-23,6,Community Care,telehealth ok
WV,2026-03-23,4,Lakeview Clinic,telehealth ok
WV,2026-03-23,6,Downtown Clinic,
WV,2026-03-23,3,Community Care,telehealth ok
NJ,2026-03-23,5,Downtown Clinic,telehealth ok
NJ,2026-03-23,2,Riverstone Medical,
NJ,2026-03-23,4,Community Care,telehealth ok
NM,2026-03-23,5,Lakeview Clinic,seasonal spike expected
NM,2026-03-23,5,Downtown Clinic,
NM,2026-03-23,4,Riverstone Medical,telehealth ok
MN,2026-03-23,3,Northside Health,seasonal spike expected
MN,2026-03-23,6,Lakeview Clinic,telehealth ok
MN,2026-03-23,6,Community Care,telehealth ok
MS,2026-03-23,2,Lakeview Clinic,
MS,2026-03-23,2,Community Care,seasonal spike expected
MS,2026-03-23,3,Northside Health,telehealth ok
VA,2026-03-23,3,Community Care,telehealth ok
VA,2026-03-23,3,Downtown Clinic,
VA,2026-03-23,4,Riverstone Medical,telehealth ok
AR,2026-03-23,4,Community Care,
AR,2026-03-23,3,Downtown Clinic,seasonal spike expected
AR,2026-03-23,6,Lakeview Clinic,seasonal spike expected
WY,2026-03-24,3,Northside Health,
WY,2026-03-24,5,Lakeview Clinic,seasonal spike expected
WY,2026-03-24,5,Community Care,telehealth ok
OR,2026-03-24,2,Northside Health,
OR,2026-03-24,4,Lakeview Clinic,seasonal spike expected
OR,2026-03-24,4,Downtown Clinic,telehealth ok
CA,2026-03-24,5,Riverstone Medical,seasonal spike expected
CA,2026-03-24,4,Lakeview Clinic,seasonal spike expected
CA,2026-03-24,5,Community Care,seasonal spike expected
GA,2026-03-24,3,Lakeview Clinic,
GA,2026-03-24,6,Community Care,telehealth ok
GA,2026-03-24,5,Northside Health,telehealth ok
AK,2026-03-24,5,Community Care,telehealth ok
AK,2026-03-24,5,Downtown Clinic,
AK,2026-03-24,4,Riverstone Medical,seasonal spike expected
HI,2026-03-24,2,Riverstone Medical,
HI,2026-03-24,2,Community Care,seasonal spike expected
HI,2026-03-24,4,Northside Health,seasonal spike expected
PA,2026-03-24,2,Community Care,telehealth ok
PA,2026-03-24,4,Downtown Clinic,seasonal spike expected
PA,2026-03-24,3,Northside Health,telehealth ok
AZ,2026-03-24,6,Downtown Clinic,telehealth ok
AZ,2026-03-24,4,Lakeview Clinic,seasonal spike expected
AZ,2026-03-24,2,Community Care,seasonal spike expected
RI,2026-03-24,5,Downtown Clinic,seasonal spike expected
RI,2026-03-24,5,Community Care,seasonal spike expected
RI,2026-03-24,6,Northside Health,
NC,2026-03-24,2,Downtown Clinic,
NC,2026-03-24,5,Riverstone Medical,seasonal spike expected
NC,2026-03-24,3,Lakeview Clinic,
TN,2026-03-24,3,Riverstone Medical,telehealth ok
TN,2026-03-24,5,Northside Health,seasonal spike expected
TN,2026-03-24,3,Downtown Clinic,
IL,2026-03-24,6,Northside Health,telehealth ok
IL,2026-03-24,6,Community Care,seasonal spike expected
IL,2026-03-24,3,Downtown Clinic,telehealth ok
NH,2026-03-24,5,Community Care,telehealth ok
NH,2026-03-24,3,Lakeview Clinic,telehealth ok
NH,2026-03-24,5,Riverstone Medical,telehealth ok
FL,2026-03-24,3,Community Care,
FL,2026-03-24,5,Northside Health,
FL,2026-03-24,7,Downtown Clinic,telehealth ok
MT,2026-03-24,4,Lakeview Clinic,
MT,2026-03-24,5,Northside Health,seasonal spike expected
MT,2026-03-24,6,Downtown Clinic,telehealth ok
NE,2026-03-24,4,Lakeview Clinic,telehealth ok
NE,2026-03-24,6,Northside Health,
NE,2026-03-24,6,Riverstone Medical,telehealth ok
CT,2026-03-24,4,Riverstone Medical,seasonal spike expected
CT,2026-03-24,3,Northside Health,seasonal spike expected
CT,2026-03-24,4,Downtown Clinic,
AL,2026-03-24,5,Lakeview Clinic,telehealth ok
AL,2026-03-24,2,Riverstone Medical,telehealth ok
AL,2026-03-24,6,Downtown Clinic,seasonal spike expected
MD,2026-03-24,2,Downtown Clinic,
MD,2026-03-24,3,Lakeview Clinic,telehealth ok
MD,2026-03-24,2,Community Care,telehealth ok
ID,2026-03-24,5,Lakeview Clinic,telehealth ok
ID,2026-03-24,4,Riverstone Medical,
ID,2026-03-24,3,Downtown Clinic,telehealth ok
ND,2026-03-24,2,Lakeview Clinic,
ND,2026-03-24,2,Community Care,telehealth ok
ND,2026-03-24,2,Northside Health,seasonal spike expected
KS,2026-03-24,3,Northside Health,seasonal spike expected
KS,2026-03-24,3,Community Care,
KS,2026-03-24,2,Riverstone Medical,telehealth ok
VT,2026-03-24,2,Community Care,seasonal spike expected
VT,2026-03-24,3,Riverstone Medical,telehealth ok
VT,2026-03-24,3,Downtown Clinic,seasonal spike expected
MI,2026-03-24,4,Riverstone Medical,
MI,2026-03-24,2,Northside Health,seasonal spike expected
MI,2026-03-24,2,Lakeview Clinic,telehealth ok
NY,2026-03-24,6,Northside Health,
NY,2026-03-24,7,Riverstone Medical,seasonal spike expected
NY,2026-03-24,5,Downtown Clinic,seasonal spike expected
UT,2026-03-24,2,Community Care,telehealth ok
UT,2026-03-24,4,Lakeview Clinic,telehealth ok
UT,2026-03-24,5,Downtown Clinic,
TX,2026-03-24,5,Downtown Clinic,
TX,2026-03-24,3,Northside Health,
TX,2026-03-24,4,Community Care,telehealth ok
LA,2026-03-24,5,Northside Health,telehealth ok
LA,2026-03-24,5,Community Care,
LA,2026-03-24,3,Downtown Clinic,telehealth ok
WV,2026-03-24,6,Downtown Clinic,
WV,2026-03-24,5,Lakeview Clinic,seasonal spike expected
WV,2026-03-24,2,Community Care,telehealth ok
NJ,2026-03-24,2,Riverstone Medical,telehealth ok
NJ,2026-03-24,2,Lakeview Clinic,seasonal spike expected
NJ,2026-03-24,4,Community Care,seasonal spike expected
NM,2026-03-24,5,Community Care,seasonal spike expected
NM,2026-03-24,4,Riverstone Medical,telehealth ok
NM,2026-03-24,3,Northside Health,
MN,2026-03-24,6,Downtown Clinic,
MN,2026-03-24,2,Northside Health,telehealth ok
MN,2026-03-24,4,Community Care,telehealth ok
MS,2026-03-24,5,Community Care,seasonal spike expected
MS,2026-03-24,3,Northside Health,telehealth ok
MS,2026-03-24,5,Lakeview Clinic,telehealth ok
VA,2026-03-24,4,Community Care,
VA,2026-03-24,5,Northside Health,
VA,2026-03-24,3,Downtown Clinic,telehealth ok
AR,2026-03-24,4,Community Care,
AR,2026-03-24,5,Downtown Clinic,telehealth ok
AR,2026-03-24,5,Northside Health,
WY,2026-03-25,5,Northside Health,
WY,2026-03-25,4,Lakeview Clinic,seasonal spike expected
WY,2026-03-25,6,Downtown Clinic,
OR,2026-03-25,2,Lakeview Clinic,seasonal spike expected
OR,2026-03-25,2,Downtown Clinic,telehealth ok
OR,2026-03-25,4,Community Care,
CA,2026-03-25,4,Community Care,seasonal spike expected
CA,2026-03-25,5,Riverstone Medical,seasonal spike expected
CA,2026-03-25,4,Northside Health,telehealth ok
GA,2026-03-25,3,Riverstone Medical,
GA,2026-03-25,5,Downtown Clinic,telehealth ok
GA,2026-03-25,5,Northside Health,
AK,2026-03-25,5,Northside Health,
AK,2026-03-25,6,Riverstone Medical,telehealth ok
AK,2026-03-25,2,Lakeview Clinic,
HI,2026-03-25,6,Northside Health,seasonal spike expected
HI,2026-03-25,3,Community Care,telehealth ok
HI,2026-03-25,3,Riverstone Medical,
PA,2026-03-25,6,Lakeview Clinic,
PA,2026-03-25,6,Riverstone Medical,telehealth ok
PA,2026-03-25,4,Community Care,telehealth ok
AZ,2026-03-25,6,Riverstone Medical,telehealth ok
AZ,2026-03-25,2,Downtown Clinic,telehealth ok
AZ,2026-03-25,2,Lakeview Clinic,seasonal spike expected
RI,2026-03-25,3,Northside Health,telehealth ok
RI,2026-03-25,5,Community Care,telehealth ok
RI,2026-03-25,5,Lakeview Clinic,
NC,2026-03-25,5,Community Care,seasonal spike expected
NC,2026-03-25,6,Lakeview Clinic,telehealth ok
NC,2026-03-25,5,Downtown Clinic,telehealth ok
TN,2026-03-25,3,Riverstone Medical,telehealth ok
TN,2026-03-25,2,Northside Health,
TN,2026-03-25,4,Lakeview Clinic,
IL,2026-03-25,6,Downtown Clinic,seasonal spike expected
IL,2026-03-25,3,Northside Health,seasonal spike expected
IL,2026-03-25,6,Lakeview Clinic,telehealth ok
NH,2026-03-25,3,Downtown Clinic,seasonal spike expected
NH,2026-03-25,5,Lakeview Clinic,seasonal spike expected
NH,2026-03-25,6,Northside Health,
FL,2026-03-25,4,Riverstone Medical,telehealth ok
FL,2026-03-25,3,Community Care,telehealth ok
FL,2026-03-25,4,Northside Health,telehealth ok
MT,2026-03-25,4,Northside Health,telehealth ok
MT,2026-03-25,4,Lakeview Clinic,
MT,2026-03-25,6,Downtown Clinic,telehealth ok
NE,2026-03-25,4,Riverstone Medical,seasonal spike expected
NE,2026-03-25,2,Lakeview Clinic,
NE,2026-03-25,5,Northside Health,
CT,2026-03-25,4,Community Care,seasonal spike expected
CT,2026-03-25,4,Downtown Clinic,telehealth ok
CT,2026-03-25,6,Northside Health,telehealth ok
AL,2026-03-25,3,Community Care,telehealth ok
AL,2026-03-25,5,Downtown Clinic,seasonal spike expected
AL,2026-03-25,2,Northside Health,
MD,2026-03-25,2,Community Care,seasonal spike expected
MD,2026-03-25,3,Downtown Clinic,telehealth ok
MD,2026-03-25,2,Northside Health,seasonal spike expected
ID,2026-03-25,6,Lakeview Clinic,seasonal spike expected
ID,2026-03-25,3,Riverstone Medical,
ID,2026-03-25,4,Downtown Clinic,
ND,2026-03-25,3,Northside Health,telehealth ok
ND,2026-03-25,6,Lakeview Clinic,
ND,2026-03-25,3,Downtown Clinic,telehealth ok
KS,2026-03-25,2,Northside Health,
KS,2026-03-25,3,Downtown Clinic,telehealth ok
KS,2026-03-25,4,Community Care,telehealth ok
VT,2026-03-25,5,Community Care,seasonal spike expected
VT,2026-03-25,2,Lakeview Clinic,telehealth ok
VT,2026-03-25,6,Riverstone Medical,telehealth ok
MI,2026-03-25,2,Riverstone Medical,
MI,2026-03-25,4,Lakeview Clinic,seasonal spike expected
MI,2026-03-25,2,Downtown Clinic,seasonal spike expected
NY,2026-03-25,6,Downtown Clinic,seasonal spike expected
NY,2026-03-25,3,Lakeview Clinic,
NY,2026-03-25,7,Community Care,seasonal spike expected
UT,2026-03-25,5,Community Care,telehealth ok
UT,2026-03-25,6,Lakeview Clinic,seasonal spike expected
UT,2026-03-25,3,Northside Health,telehealth ok
TX,2026-03-25,3,Downtown Clinic,seasonal spike expected
TX,2026-03-25,5,Riverstone Medical,seasonal spike expected
TX,2026-03-25,6,Community Care,telehealth ok
LA,2026-03-25,2,Lakeview Clinic,telehealth ok
LA,2026-03-25,2,Riverstone Medical,seasonal spike expected
LA,2026-03-25,6,Northside Health,
WV,2026-03-25,3,Riverstone Medical,seasonal spike expected
WV,2026-03-25,5,Northside Health,seasonal spike expected
WV,2026-03-25,6,Lakeview Clinic,telehealth ok
NJ,2026-03-25,2,Community Care,
NJ,2026-03-25,2,Lakeview Clinic,
NJ,2026-03-25,6,Riverstone Medical,
NM,2026-03-25,2,Northside Health,
NM,2026-03-25,5,Community Care,seasonal spike expected
NM,2026-03-25,2,Lakeview Clinic,telehealth ok
MN,2026-03-25,5,Riverstone Medical,seasonal spike expected
MN,2026-03-25,4,Northside Health,
MN,2026-03-25,6,Downtown Clinic,
MS,2026-03-25,2,Downtown Clinic,telehealth ok
MS,2026-03-25,3,Riverstone Medical,telehealth ok
MS,2026-03-25,6,Community Care,
VA,2026-03-25,3,Lakeview Clinic,seasonal spike expected
VA,2026-03-25,2,Community Care,seasonal spike expected
VA,2026-03-25,2,Downtown Clinic,seasonal spike expected
AR,2026-03-25,4,Community Care,telehealth ok
AR,2026-03-25,4,Riverstone Medical,seasonal spike expected
AR,2026-03-25,5,Downtown Clinic,
WY,2026-03-26,5,Lakeview Clinic,telehealth ok
WY,2026-03-26,5,Downtown Clinic,
WY,2026-03-26,6,Northside Health,telehealth ok
OR,2026-03-26,4,Downtown Clinic,seasonal spike expected
OR,2026-03-26,2,Lakeview Clinic,telehealth ok
OR,2026-03-26,5,Riverstone Medical,
CA,2026-03-26,5,Riverstone Medical,
CA,2026-03-26,6,Community Care,telehealth ok
CA,2026-03-26,3,Downtown Clinic,
GA,2026-03-26,3,Northside Health,seasonal spike expected
GA,2026-03-26,5,Downtown Clinic,seasonal spike expected
GA,2026-03-26,5,Riverstone Medical,seasonal spike expected
AK,2026-03-26,4,Downtown Clinic,telehealth ok
AK,2026-03-26,5,Northside Health,
AK,2026-03-26,5,Community Care,
HI,2026-03-26,6,Downtown Clinic,
HI,2026-03-26,3,Northside Health,telehealth ok
HI,2026-03-26,4,Riverstone Medical,
PA,2026-03-26,6,Community Care,
PA,2026-03-26,5,Downtown Clinic,
PA,2026-03-26,2,Riverstone Medical,
AZ,2026-03-26,6,Downtown Clinic,seasonal spike expected
AZ,2026-03-26,6,Riverstone Medical,
AZ,2026-03-26,2,Community Care,
RI,2026-03-26,3,Northside Health,telehealth ok
RI,2026-03-26,2,Lakeview Clinic,
RI,2026-03-26,5,Riverstone Medical,seasonal spike expected
NC,2026-03-26,5,Downtown Clinic,telehealth ok
NC,2026-03-26,4,Riverstone Medical,seasonal spike expected
NC,2026-03-26,3,Northside Health,telehealth ok
TN,2026-03-26,3,Northside Health,telehealth ok
TN,2026-03-26,4,Downtown Clinic,seasonal spike expected
TN,2026-03-26,2,Community Care,telehealth ok
IL,2026-03-26,4,Community Care,telehealth ok
IL,2026-03-26,2,Downtown Clinic,seasonal spike expected
IL,2026-03-26,5,Northside Health,seasonal spike expected
NH,2026-03-26,4,Lakeview Clinic,telehealth ok
NH,2026-03-26,3,Community Care,seasonal spike expected
NH,2026-03-26,4,Downtown Clinic,seasonal spike expected
FL,2026-03-26,4,Northside Health,seasonal spike expected
FL,2026-03-26,6,Riverstone Medical,telehealth ok
FL,2026-03-26,4,Community Care,seasonal spike expected
MT,2026-03-26,2,Downtown Clinic,
MT,2026-03-26,4,Community Care,seasonal spike expected
MT,2026-03-26,5,Lakeview Clinic,
NE,2026-03-26,4,Community Care,telehealth ok
NE,2026-03-26,4,Downtown Clinic,telehealth ok
NE,2026-03-26,4,Riverstone Medical,seasonal spike expected
CT,2026-03-26,6,Downtown Clinic,telehealth ok
CT,2026-03-26,5,Riverstone Medical,
CT,2026-03-26,2,Lakeview Clinic,seasonal spike expected
AL,2026-03-26,5,Community Care,
AL,2026-03-26,3,Lakeview Clinic,seasonal spike expected
AL,2026-03-26,6,Downtown Clinic,telehealth ok
MD,2026-03-26,6,Lakeview Clinic,
MD,2026-03-26,4,Downtown Clinic,seasonal spike expected
MD,2026-03-26,6,Riverstone Medical,seasonal spike expected
ID,2026-03-26,4,Lakeview Clinic,seasonal spike expected
ID,2026-03-26,3,Downtown Clinic,telehealth ok
ID,2026-03-26,6,Northside Health,telehealth ok
ND,2026-03-26,5,Lakeview Clinic,seasonal spike expected
ND,2026-03-26,4,Northside Health,seasonal spike expected
ND,2026-03-26,4,Riverstone Medical,
KS,2026-03-26,5,Downtown Clinic,
KS,2026-03-26,3,Northside Health,seasonal spike expected
KS,2026-03-26,2,Riverstone Medical,
VT,2026-03-26,5,Riverstone Medical,
VT,2026-03-26,3,Community Care,
VT,2026-03-26,3,Lakeview Clinic,telehealth ok
MI,2026-03-26,2,Lakeview Clinic,
MI,2026-03-26,5,Downtown Clinic,seasonal spike expected
MI,2026-03-26,2,Community Care,seasonal spike expected
NY,2026-03-26,6,Downtown Clinic,seasonal spike expected
NY,2026-03-26,7,Lakeview Clinic,seasonal spike expected
NY,2026-03-26,4,Riverstone Medical,telehealth ok
UT,2026-03-26,5,Community Care,seasonal spike expected
UT,2026-03-26,2,Riverstone Medical,
UT,2026-03-26,6,Downtown Clinic,seasonal spike expected
TX,2026-03-26,6,Community Care,
TX,2026-03-26,4,Lakeview Clinic,seasonal spike expected
TX,2026-03-26,5,Northside Health,
LA,2026-03-26,3,Lakeview Clinic,seasonal spike expected
LA,2026-03-26,4,Community Care,seasonal spike expected
LA,2026-03-26,4,Downtown Clinic,seasonal spike expected
WV,2026-03-26,3,Downtown Clinic,seasonal spike expected
WV,2026-03-26,4,Riverstone Medical,telehealth ok
WV,2026-03-26,3,Community Care,telehealth ok
NJ,2026-03-26,6,Lakeview Clinic,
NJ,2026-03-26,2,Northside Health,seasonal spike expected
NJ,2026-03-26,6,Downtown Clinic,telehealth ok
NM,2026-03-26,2,Community Care,
NM,2026-03-26,6,Lakeview Clinic,
NM,2026-03-26,4,Riverstone Medical,seasonal spike expected
MN,2026-03-26,3,Riverstone Medical,
MN,2026-03-26,6,Lakeview Clinic,
MN,2026-03-26,2,Downtown Clinic,seasonal spike expected
MS,2026-03-26,3,Lakeview Clinic,telehealth ok
MS,2026-03-26,2,Northside Health,telehealth ok
MS,2026-03-26,6,Riverstone Medical,
VA,2026-03-26,6,Lakeview Clinic,seasonal spike expected
VA,2026-03-26,6,Community Care,
VA,2026-03-26,4,Northside Health,
AR,2026-03-26,3,Downtown Clinic,
AR,2026-03-26,6,Riverstone Medical,telehealth ok
AR,2026-03-26,5,Northside Health,seasonal spike expected
WY,2026-03-27,3,Riverstone Medical,
WY,2026-03-27,3,Downtown Clinic,telehealth ok
WY,2026-03-27,2,Community Care,seasonal spike expected
OR,2026-03-27,3,Downtown Clinic,
OR,2026-03-27,4,Riverstone Medical,seasonal spike expected
OR,2026-03-27,3,Community Care,
CA,2026-03-27,5,Downtown Clinic,telehealth ok
CA,2026-03-27,7,Riverstone Medical,seasonal spike expected
CA,2026-03-27,7,Community Care,seasonal spike expected
GA,2026-03-27,2,Downtown Clinic,seasonal spike expected
GA,2026-03-27,3,Riverstone Medical,
GA,2026-03-27,4,Community Care,seasonal spike expected
AK,2026-03-27,6,Riverstone Medical,
AK,2026-03-27,4,Lakeview Clinic,telehealth ok
AK,2026-03-27,3,Downtown Clinic,seasonal spike expected
HI,2026-03-27,5,Riverstone Medical,telehealth ok
HI,2026-03-27,2,Northside Health,
HI,2026-03-27,3,Lakeview Clinic,
PA,2026-03-27,3,Downtown Clinic,seasonal spike expected
PA,2026-03-27,5,Riverstone Medical,seasonal spike expected
PA,2026-03-27,6,Community Care,telehealth ok
AZ,2026-03-27,4,Downtown Clinic,telehealth ok
AZ,2026-03-27,5,Community Care,seasonal spike expected
AZ,2026-03-27,4,Riverstone Medical,
RI,2026-03-27,5,Community Care,
RI,2026-03-27,4,Riverstone Medical,seasonal spike expected
RI,2026-03-27,4,Lakeview Clinic,telehealth ok
NC,2026-03-27,6,Northside Health,
NC,2026-03-27,2,Riverstone Medical,
NC,2026-03-27,3,Downtown Clinic,
TN,2026-03-27,5,Northside Health,telehealth ok
TN,2026-03-27,4,Downtown Clinic,telehealth ok
TN,2026-03-27,2,Lakeview Clinic,seasonal spike expected
IL,2026-03-27,6,Northside Health,seasonal spike expected
IL,2026-03-27,4,Lakeview Clinic,seasonal spike expected
IL,2026-03-27,2,Riverstone Medical,
NH,2026-03-27,4,Riverstone Medical,
NH,2026-03-27,2,Northside Health,seasonal spike expected
NH,2026-03-27,4,Downtown Clinic,
FL,2026-03-27,4,Lakeview Clinic,
FL,2026-03-27,7,Community Care,seasonal spike expected
FL,2026-03-27,5,Northside Health,
MT,2026-03-27,3,Riverstone Medical,telehealth ok
MT,2026-03-27,4,Lakeview Clinic,
MT,2026-03-27,3,Northside Health,telehealth ok
NE,2026-03-27,3,Community Care,seasonal spike expected
NE,2026-03-27,3,Riverstone Medical,seasonal spike expected
NE,2026-03-27,2,Northside Health,telehealth ok
CT,2026-03-27,4,Lakeview Clinic,
CT,2026-03-27,4,Riverstone Medical,
CT,2026-03-27,2,Community Care,telehealth ok
AL,2026-03-27,5,Community Care,
AL,2026-03-27,5,Riverstone Medical,seasonal spike expected
AL,2026-03-27,2,Downtown Clinic,telehealth ok
MD,2026-03-27,5,Lakeview Clinic,
MD,2026-03-27,5,Downtown Clinic,seasonal spike expected
MD,2026-03-27,4,Community Care,
ID,2026-03-27,5,Community Care,telehealth ok
ID,2026-03-27,6,Lakeview Clinic,telehealth ok
ID,2026-03-27,2,Riverstone Medical,telehealth ok
ND,2026-03-27,2,Northside Health,telehealth ok
ND,2026-03-27,6,Community Care,telehealth ok
ND,2026-03-27,6,Riverstone Medical,seasonal spike expected
KS,2026-03-27,4,Northside Health,seasonal spike expected
KS,2026-03-27,5,Downtown Clinic,telehealth ok
KS,2026-03-27,5,Lakeview Clinic,
VT,2026-03-27,5,Northside Health,seasonal spike expected
VT,2026-03-27,5,Downtown Clinic,seasonal spike expected
VT,2026-03-27,5,Riverstone Medical,seasonal spike expected
MI,2026-03-27,4,Northside Health,
MI,2026-03-27,3,Riverstone Medical,seasonal spike expected
MI,2026-03-27,5,Lakeview Clinic,telehealth ok
NY,2026-03-27,6,Riverstone Medical,telehealth ok
NY,2026-03-27,3,Northside Health,seasonal spike expected
NY,2026-03-27,3,Lakeview Clinic,
UT,2026-03-27,3,Northside Health,seasonal spike expected
UT,2026-03-27,6,Downtown Clinic,telehealth ok
UT,2026-03-27,2,Community Care,
TX,2026-03-27,5,Community Care,telehealth ok
TX,2026-03-27,3,Lakeview Clinic,telehealth ok
TX,2026-03-27,7,Riverstone Medical,seasonal spike expected
LA,2026-03-27,2,Downtown Clinic,telehealth ok
LA,2026-03-27,6,Northside Health,
LA,2026-03-27,4,Lakeview Clinic,
WV,2026-03-27,4,Downtown Clinic,seasonal spike expected
WV,2026-03-27,4,Lakeview Clinic,telehealth ok
WV,2026-03-27,2,Riverstone Medical,seasonal spike expected
NJ,2026-03-27,4,Community Care,telehealth ok
NJ,2026-03-27,3,Riverstone Medical,seasonal spike expected
NJ,2026-03-27,5,Downtown Clinic,
NM,2026-03-27,6,Riverstone Medical,
NM,2026-03-27,2,Lakeview Clinic,telehealth ok
NM,2026-03-27,2,Downtown Clinic,telehealth ok
MN,2026-03-27,2,Community Care,seasonal spike expected
MN,2026-03-27,3,Northside Health,telehealth ok
MN,2026-03-27,4,Riverstone Medical,telehealth ok
MS,2026-03-27,6,Riverstone Medical,
MS,2026-03-27,4,Downtown Clinic,
MS,2026-03-27,5,Northside Health,seasonal spike expected
VA,2026-03-27,3,Downtown Clinic,
VA,2026-03-27,2,Lakeview Clinic,seasonal spike expected
VA,2026-03-27,2,Community Care,
AR,2026-03-27,2,Riverstone Medical,
AR,2026-03-27,6,Lakeview Clinic,
AR,2026-03-27,6,Downtown Clinic,
WY,2026-03-28,1,Downtown Clinic,seasonal spike expected
WY,2026-03-28,1,Lakeview Clinic,
WY,2026-03-28,1,Northside Health,
OR,2026-03-28,4,Lakeview Clinic,
OR,2026-03-28,2,Community Care,
OR,2026-03-28,4,Downtown Clinic,
CA,2026-03-28,3,Lakeview Clinic,
CA,2026-03-28,4,Downtown Clinic,seasonal spike expected
CA,2026-03-28,4,Northside Health,telehealth ok
GA,2026-03-28,3,Lakeview Clinic,
GA,2026-03-28,5,Community Care,telehealth ok
GA,2026-03-28,5,Riverstone Medical,
AK,2026-03-28,2,Lakeview Clinic,seasonal spike expected
AK,2026-03-28,2,Downtown Clinic,seasonal spike expected
AK,2026-03-28,3,Northside Health,seasonal spike expected
HI,2026-03-28,4,Northside Health,telehealth ok
HI,2026-03-28,5,Community Care,telehealth ok
HI,2026-03-28,5,Downtown Clinic,seasonal spike expected
PA,2026-03-28,5,Riverstone Medical,seasonal spike expected
PA,2026-03-28,5,Northside Health,
PA,2026-03-28,1,Community Care,telehealth ok
AZ,2026-03-28,1,Lakeview Clinic,telehealth ok
AZ,2026-03-28,4,Community Care,
AZ,2026-03-28,2,Downtown Clinic,seasonal spike expected
RI,2026-03-28,1,Downtown Clinic,seasonal spike expected
RI,2026-03-28,5,Northside Health,
RI,2026-03-28,3,Lakeview Clinic,
NC,2026-03-28,5,Downtown Clinic,
NC,2026-03-28,1,Northside Health,
NC,2026-03-28,4,Lakeview Clinic,
TN,2026-03-28,3,Lakeview Clinic,seasonal spike expected
TN,2026-03-28,1,Northside Health,seasonal spike expected
TN,2026-03-28,5,Community Care,telehealth ok
IL,2026-03-28,5,Northside Health,telehealth ok
IL,2026-03-28,1,Community Care,seasonal spike expected
IL,2026-03-28,4,Lakeview Clinic,seasonal spike expected
NH,2026-03-28,5,Riverstone Medical,
NH,2026-03-28,3,Northside Health,seasonal spike expected
NH,2026-03-28,4,Downtown Clinic,seasonal spike expected
FL,2026-03-28,3,Northside Health,
FL,2026-03-28,5,Downtown Clinic,telehealth ok
FL,2026-03-28,6,Riverstone Medical,
MT,2026-03-28,3,Riverstone Medical,
MT,2026-03-28,5,Lakeview Clinic,seasonal spike expected
MT,2026-03-28,5,Northside Health,seasonal spike expected
NE,2026-03-28,5,Riverstone Medical,
NE,2026-03-28,2,Downtown Clinic,telehealth ok
NE,2026-03-28,2,Lakeview Clinic,telehealth ok
CT,2026-03-28,3,Community Care,
CT,2026-03-28,3,Downtown Clinic,seasonal spike expected
CT,2026-03-28,5,Riverstone Medical,
AL,2026-03-28,2,Lakeview Clinic,
AL,2026-03-28,4,Riverstone Medical,telehealth ok
AL,2026-03-28,5,Community Care,
MD,2026-03-28,5,Lakeview Clinic,
MD,2026-03-28,5,Community Care,telehealth ok
MD,2026-03-28,3,Downtown Clinic,telehealth ok
ID,2026-03-28,2,Northside Health,telehealth ok
ID,2026-03-28,3,Downtown Clinic,seasonal spike expected
ID,2026-03-28,5,Community Care,seasonal spike expected
ND,2026-03-28,1,Riverstone Medical,seasonal spike expected
ND,2026-03-28,1,Community Care,telehealth ok
ND,2026-03-28,5,Downtown Clinic,
KS,2026-03-28,3,Riverstone Medical,
KS,2026-03-28,3,Lakeview Clinic,
KS,2026-03-28,5,Community Care,
VT,2026-03-28,5,Northside Health,telehealth ok
VT,2026-03-28,4,Community Care,
VT,2026-03-28,1,Downtown Clinic,telehealth ok
MI,2026-03-28,1,Lakeview Clinic,seasonal spike expected
MI,2026-03-28,5,Riverstone Medical,
MI,2026-03-28,1,Community Care,
NY,2026-03-28,3,Riverstone Medical,
NY,2026-03-28,5,Community Care,telehealth ok
NY,2026-03-28,6,Lakeview Clinic,telehealth ok
UT,2026-03-28,4,Downtown Clinic,
UT,2026-03-28,1,Community Care,
UT,2026-03-28,4,Lakeview Clinic,telehealth ok
TX,2026-03-28,2,Downtown Clinic,telehealth ok
TX,2026-03-28,6,Riverstone Medical,telehealth ok
TX,2026-03-28,3,Northside Health,telehealth ok
LA,2026-03-28,4,Northside Health,
LA,2026-03-28,5,Community Care,seasonal spike expected
LA,2026-03-28,2,Lakeview Clinic,seasonal spike expected
WV,2026-03-28,4,Northside Health,seasonal spike expected
WV,2026-03-28,4,Lakeview Clinic,
WV,2026-03-28,3,Community Care,seasonal spike expected
NJ,2026-03-28,3,Lakeview Clinic,
NJ,2026-03-28,1,Northside Health,telehealth ok
NJ,2026-03-28,2,Community Care,telehealth ok
NM,2026-03-28,3,Riverstone Medical,telehealth ok
NM,2026-03-28,1,Lakeview Clinic,seasonal spike expected
NM,2026-03-28,5,Downtown Clinic,telehealth ok
MN,2026-03-28,2,Downtown Clinic,
MN,2026-03-28,1,Riverstone Medical,
MN,2026-03-28,1,Community Care,
MS,2026-03-28,5,Northside Health,telehealth ok
MS,2026-03-28,5,Lakeview Clinic,
MS,2026-03-28,4,Community Care,seasonal spike expected
VA,2026-03-28,4,Downtown Clinic,seasonal spike expected
VA,2026-03-28,3,Riverstone Medical,
VA,2026-03-28,1,Lakeview Clinic,
AR,2026-03-28,2,Lakeview Clinic,telehealth ok
AR,2026-03-28,1,Downtown Clinic,telehealth ok
AR,2026-03-28,1,Community Care,
WY,2026-03-29,4,Lakeview Clinic,seasonal spike expected
WY,2026-03-29,2,Northside Health,
WY,2026-03-29,4,Downtown Clinic,seasonal spike expected
OR,2026-03-29,4,Riverstone Medical,
OR,2026-03-29,1,Downtown Clinic,telehealth ok
OR,2026-03-29,1,Lakeview Clinic,
CA,2026-03-29,3,Community Care,
CA,2026-03-29,5,Northside Health,telehealth ok
CA,2026-03-29,5,Lakeview Clinic,
GA,2026-03-29,4,Riverstone Medical,
GA,2026-03-29,1,Community Care,seasonal spike expected
GA,2026-03-29,5,Northside Health,seasonal spike expected
AK,2026-03-29,3,Community Care,telehealth ok
AK,2026-03-29,3,Lakeview Clinic,telehealth ok
AK,2026-03-29,5,Riverstone Medical,seasonal spike expected
HI,2026-03-29,5,Downtown Clinic,telehealth ok
HI,2026-03-29,4,Riverstone Medical,
HI,2026-03-29,3,Northside Health,
PA,2026-03-29,2,Northside Health,seasonal spike expected
PA,2026-03-29,3,Riverstone Medical,seasonal spike expected
PA,2026-03-29,5,Downtown Clinic,
AZ,2026-03-29,3,Northside Health,seasonal spike expected
AZ,2026-03-29,4,Downtown Clinic,telehealth ok
AZ,2026-03-29,4,Lakeview Clinic,
RI,2026-03-29,4,Downtown Clinic,
RI,2026-03-29,4,Northside Health,telehealth ok
RI,2026-03-29,1,Riverstone Medical,telehealth ok
NC,2026-03-29,4,Downtown Clinic,seasonal spike expected
NC,2026-03-29,4,Northside Health,seasonal spike expected
NC,2026-03-29,1,Riverstone Medical,
TN,2026-03-29,5,Downtown Clinic,seasonal spike expected
TN,2026-03-29,4,Community Care,
TN,2026-03-29,3,Lakeview Clinic,telehealth ok
IL,2026-03-29,3,Downtown Clinic,seasonal spike expected
IL,2026-03-29,1,Lakeview Clinic,
IL,2026-03-29,2,Northside Health,telehealth ok
NH,2026-03-29,3,Community Care,seasonal spike expected
NH,2026-03-29,5,Northside Health,telehealth ok
NH,2026-03-29,2,Lakeview Clinic,telehealth ok
FL,2026-03-29,6,Riverstone Medical,
FL,2026-03-29,2,Lakeview Clinic,seasonal spike expected
FL,2026-03-29,5,Community Care,seasonal spike expected
MT,2026-03-29,3,Riverstone Medical,
MT,2026-03-29,5,Northside Health,telehealth ok
MT,2026-03-29,3,Lakeview Clinic,seasonal spike expected
NE,2026-03-29,3,Northside Health,
NE,2026-03-29,4,Community Care,seasonal spike expected
NE,2026-03-29,5,Lakeview Clinic,telehealth ok
CT,2026-03-29,3,Downtown Clinic,
CT,2026-03-29,5,Community Care,telehealth ok
CT,2026-03-29,2,Lakeview Clinic,telehealth ok
AL,2026-03-29,2,Downtown Clinic,seasonal spike expected
AL,2026-03-29,4,Northside Health,seasonal spike expected
AL,2026-03-29,2,Lakeview Clinic,telehealth ok
MD,2026-03-29,1,Northside Health,telehealth ok
MD,2026-03-29,3,Downtown Clinic,telehealth ok
MD,2026-03-29,1,Lakeview Clinic,
ID,2026-03-29,5,Lakeview Clinic,
ID,2026-03-29,3,Downtown Clinic,telehealth ok
ID,2026-03-29,4,Riverstone Medical,telehealth ok
ND,2026-03-29,5,Community Care,telehealth ok
ND,2026-03-29,1,Downtown Clinic,telehealth ok
ND,2026-03-29,3,Northside Health,telehealth ok
KS,2026-03-29,3,Northside Health,
KS,2026-03-29,3,Downtown Clinic,seasonal spike expected
KS,2026-03-29,4,Community Care,telehealth ok
VT,2026-03-29,3,Community Care,seasonal spike expected
VT,2026-03-29,5,Lakeview Clinic,
VT,2026-03-29,3,Riverstone Medical,
MI,2026-03-29,4,Riverstone Medical,
MI,2026-03-29,4,Community Care,
MI,2026-03-29,5,Lakeview Clinic,telehealth ok
NY,2026-03-29,3,Lakeview Clinic,
NY,2026-03-29,3,Riverstone Medical,telehealth ok
NY,2026-03-29,2,Downtown Clinic,telehealth ok
UT,2026-03-29,4,Riverstone Medical,seasonal spike expected
UT,2026-03-29,2,Northside Health,telehealth ok
UT,2026-03-29,1,Downtown Clinic,telehealth ok
TX,2026-03-29,4,Riverstone Medical,
TX,2026-03-29,3,Lakeview Clinic,seasonal spike expected
TX,2026-03-29,3,Community Care,
LA,2026-03-29,2,Downtown Clinic,seasonal spike expected
LA,2026-03-29,2,Northside Health,telehealth ok
LA,2026-03-29,3,Community Care,
WV,2026-03-29,1,Riverstone Medical,seasonal spike expected
WV,2026-03-29,1,Downtown Clinic,seasonal spike expected
WV,2026-03-29,4,Community Care,
NJ,2026-03-29,1,Community Care,
NJ,2026-03-29,5,Riverstone Medical,seasonal spike expected
NJ,2026-03-29,5,Lakeview Clinic,seasonal spike expected
NM,2026-03-29,4,Lakeview Clinic,
NM,2026-03-29,3,Northside Health,seasonal spike expected
NM,2026-03-29,5,Community Care,telehealth ok
MN,2026-03-29,4,Community Care,telehealth ok
MN,2026-03-29,2,Riverstone Medical,seasonal spike expected
MN,2026-03-29,3,Northside Health,
MS,2026-03-29,2,Lakeview Clinic,seasonal spike expected
MS,2026-03-29,1,Community Care,
MS,2026-03-29,5,Downtown Clinic,seasonal spike expected
VA,2026-03-29,4,Northside Health,
VA,2026-03-29,5,Riverstone Medical,seasonal spike expected
VA,2026-03-29,4,Community Care,
AR,2026-03-29,1,Community Care,seasonal spike expected
AR,2026-03-29,2,Riverstone Medical,seasonal spike expected
AR,2026-03-29,1,Lakeview Clinic,seasonal spike expected
WY,2026-03-30,6,Lakeview Clinic,
WY,2026-03-30,4,Community Care,seasonal spike expected
WY,2026-03-30,2,Northside Health,telehealth ok
OR,2026-03-30,6,Riverstone Medical,telehealth ok
OR,2026-03-30,3,Downtown Clinic,telehealth ok
OR,2026-03-30,2,Community Care,telehealth ok
CA,2026-03-30,4,Riverstone Medical,seasonal spike expected
CA,2026-03-30,4,Downtown Clinic,
CA,2026-03-30,6,Community Care,telehealth ok
GA,2026-03-30,4,Riverstone Medical,seasonal spike expected
GA,2026-03-30,2,Community Care,seasonal spike expected
GA,2026-03-30,4,Northside Health,seasonal spike expected
AK,2026-03-30,3,Downtown Clinic,
AK,2026-03-30,3,Lakeview Clinic,seasonal spike expected
AK,2026-03-30,4,Riverstone Medical,
HI,2026-03-30,3,Riverstone Medical,seasonal spike expected
HI,2026-03-30,2,Northside Health,seasonal spike expected
HI,2026-03-30,2,Lakeview Clinic,seasonal spike expected
PA,2026-03-30,2,Riverstone Medical,
PA,2026-03-30,3,Lakeview Clinic,telehealth ok
PA,2026-03-30,6,Community Care,telehealth ok
AZ,2026-03-30,3,Northside Health,telehealth ok
AZ,2026-03-30,4,Riverstone Medical,seasonal spike expected
AZ,2026-03-30,6,Downtown Clinic,telehealth ok
RI,2026-03-30,3,Northside Health,seasonal spike expected
RI,2026-03-30,5,Community Care,telehealth ok
RI,2026-03-30,6,Riverstone Medical,
NC,2026-03-30,2,Community Care,seasonal spike expected
NC,2026-03-30,3,Downtown Clinic,
NC,2026-03-30,3,Riverstone Medical,
TN,2026-03-30,4,Downtown Clinic,telehealth ok
TN,2026-03-30,5,Lakeview Clinic,seasonal spike expected
TN,2026-03-30,3,Northside Health,telehealth ok
IL,2026-03-30,6,Riverstone Medical,telehealth ok
IL,2026-03-30,2,Community Care,
IL,2026-03-30,5,Lakeview Clinic,
NH,2026-03-30,3,Community Care,seasonal spike expected
NH,2026-03-30,3,Riverstone Medical,seasonal spike expected
NH,2026-03-30,5,Northside Health,
FL,2026-03-30,6,Northside Health,telehealth ok
FL,2026-03-30,4,Downtown Clinic,telehealth ok
FL,2026-03-30,3,Community Care,telehealth ok
MT,2026-03-30,6,Riverstone Medical,seasonal spike expected
MT,2026-03-30,2,Downtown Clinic,
MT,2026-03-30,6,Northside Health,seasonal spike expected
NE,2026-03-30,3,Community Care,seasonal spike expected
NE,2026-03-30,4,Riverstone Medical,telehealth ok
NE,2026-03-30,4,Downtown Clinic,
CT,2026-03-30,3,Community Care,
CT,2026-03-30,3,Riverstone Medical,telehealth ok
CT,2026-03-30,6,Downtown Clinic,seasonal spike expected
AL,2026-03-30,6,Downtown Clinic,seasonal spike expected
AL,2026-03-30,3,Community Care,telehealth ok
AL,2026-03-30,6,Lakeview Clinic,telehealth ok
MD,2026-03-30,5,Community Care,seasonal spike expected
MD,2026-03-30,4,Lakeview Clinic,
MD,2026-03-30,4,Downtown Clinic,telehealth ok
ID,2026-03-30,5,Northside Health,seasonal spike expected
ID,2026-03-30,5,Community Care,telehealth ok
ID,2026-03-30,6,Downtown Clinic,seasonal spike expected
ND,2026-03-30,3,Community Care,
ND,2026-03-30,2,Riverstone Medical,
ND,2026-03-30,4,Lakeview Clinic,
KS,2026-03-30,6,Lakeview Clinic,telehealth ok
KS,2026-03-30,6,Community Care,telehealth ok
KS,2026-03-30,3,Northside Health,seasonal spike expected
VT,2026-03-30,3,Community Care,telehealth ok
VT,2026-03-30,4,Northside Health,seasonal spike expected
VT,2026-03-30,2,Lakeview Clinic,telehealth ok
MI,2026-03-30,3,Community Care,seasonal spike expected
MI,2026-03-30,5,Downtown Clinic,seasonal spike expected
MI,2026-03-30,6,Lakeview Clinic,
NY,2026-03-30,6,Downtown Clinic,
NY,2026-03-30,5,Lakeview Clinic,
NY,2026-03-30,3,Northside Health,seasonal spike expected
UT,2026-03-30,5,Riverstone Medical,telehealth ok
UT,2026-03-30,2,Community Care,seasonal spike expected
UT,2026-03-30,3,Lakeview Clinic,telehealth ok
TX,2026-03-30,3,Lakeview Clinic,telehealth ok
TX,2026-03-30,4,Riverstone Medical,seasonal spike expected
TX,2026-03-30,7,Community Care,seasonal spike expected
LA,2026-03-30,2,Lakeview Clinic,telehealth ok
LA,2026-03-30,4,Northside Health,telehealth ok
LA,2026-03-30,5,Community Care,
WV,2026-03-30,3,Downtown Clinic,telehealth ok
WV,2026-03-30,3,Riverstone Medical,
WV,2026-03-30,5,Lakeview Clinic,telehealth ok
NJ,2026-03-30,2,Downtown Clinic,telehealth ok
NJ,2026-03-30,2,Riverstone Medical,seasonal spike expected
NJ,2026-03-30,4,Lakeview Clinic,telehealth ok
NM,2026-03-30,6,Northside Health,seasonal spike expected
NM,2026-03-30,2,Riverstone Medical,seasonal spike expected
NM,2026-03-30,5,Downtown Clinic,
MN,2026-03-30,5,Riverstone Medical,telehealth ok
MN,2026-03-30,5,Northside Health,seasonal spike expected
MN,2026-03-30,4,Downtown Clinic,telehealth ok
MS,2026-03-30,6,Lakeview Clinic,
MS,2026-03-30,3,Community Care,
MS,2026-03-30,5,Downtown Clinic,seasonal spike expected
VA,2026-03-30,4,Downtown Clinic,telehealth ok
VA,2026-03-30,3,Riverstone Medical,
VA,2026-03-30,5,Northside Health,
AR,2026-03-30,4,Community Care,telehealth ok
AR,2026-03-30,2,Northside Health,seasonal spike expected
AR,2026-03-30,5,Riverstone Medical,
WY,2026-03-31,5,Northside Health,telehealth ok
WY,2026-03-31,4,Community Care,telehealth ok
WY,2026-03-31,3,Riverstone Medical,telehealth ok
OR,2026-03-31,6,Community Care,
OR,2026-03-31,2,Northside Health,seasonal spike expected
OR,2026-03-31,5,Lakeview Clinic,
CA,2026-03-31,7,Downtown Clinic,
CA,2026-03-31,3,Community Care,seasonal spike expected
CA,2026-03-31,7,Northside Health,seasonal spike expected
GA,2026-03-31,2,Northside Health,telehealth ok
GA,2026-03-31,2,Lakeview Clinic,telehealth ok
GA,2026-03-31,5,Downtown Clinic,seasonal spike expected
AK,2026-03-31,6,Downtown Clinic,telehealth ok
AK,2026-03-31,4,Community Care,seasonal spike expected
AK,2026-03-31,5,Lakeview Clinic,
HI,2026-03-31,5,Downtown Clinic,seasonal spike expected
HI,2026-03-31,2,Lakeview Clinic,telehealth ok
HI,2026-03-31,2,Community Care,telehealth ok
PA,2026-03-31,5,Community Care,
PA,2026-03-31,6,Lakeview Clinic,
PA,2026-03-31,4,Northside Health,seasonal spike expected
AZ,2026-03-31,4,Northside Health,
AZ,2026-03-31,2,Lakeview Clinic,telehealth ok
AZ,2026-03-31,3,Community Care,telehealth ok
RI,2026-03-31,2,Northside Health,seasonal spike expected
RI,2026-03-31,3,Downtown Clinic,seasonal spike expected
RI,2026-03-31,3,Lakeview Clinic,
NC,2026-03-31,6,Northside Health,seasonal spike expected
NC,2026-03-31,3,Downtown Clinic,telehealth ok
NC,2026-03-31,4,Community Care,telehealth ok
TN,2026-03-31,3,Community Care,seasonal spike expected
TN,2026-03-31,4,Northside Health,
TN,2026-03-31,4,Riverstone Medical,
IL,2026-03-31,4,Lakeview Clinic,
IL,2026-03-31,6,Downtown Clinic,telehealth ok
IL,2026-03-31,4,Riverstone Medical,seasonal spike expected
NH,2026-03-31,5,Community Care,
NH,2026-03-31,5,Lakeview Clinic,telehealth ok
NH,2026-03-31,3,Northside Health,telehealth ok
FL,2026-03-31,5,Community Care,seasonal spike expected
FL,2026-03-31,4,Lakeview Clinic,seasonal spike expected
FL,2026-03-31,7,Northside Health,telehealth ok
MT,2026-03-31,6,Community Care,
MT,2026-03-31,6,Riverstone Medical,
MT,2026-03-31,3,Lakeview Clinic,
NE,2026-03-31,6,Lakeview Clinic,telehealth ok
NE,2026-03-31,2,Riverstone Medical,telehealth ok
NE,2026-03-31,3,Northside Health,telehealth ok
CT,2026-03-31,2,Downtown Clinic,seasonal spike expected
CT,2026-03-31,3,Northside Health,
CT,2026-03-31,4,Community Care,telehealth ok
AL,2026-03-31,6,Lakeview Clinic,
AL,2026-03-31,4,Community Care,
AL,2026-03-31,4,Northside Health,telehealth ok
MD,2026-03-31,4,Community Care,telehealth ok
MD,2026-03-31,5,Lakeview Clinic,telehealth ok
MD,2026-03-31,3,Northside Health,seasonal spike expected
ID,2026-03-31,5,Downtown Clinic,seasonal spike expected
ID,2026-03-31,2,Community Care,seasonal spike expected
ID,2026-03-31,4,Northside Health,
ND,2026-03-31,3,Lakeview Clinic,telehealth ok
ND,2026-03-31,2,Community Care,seasonal spike expected
ND,2026-03-31,2,Riverstone Medical,telehealth ok
KS,2026-03-31,5,Northside Health,seasonal spike expected
KS,2026-03-31,3,Riverstone Medical,
KS,2026-03-31,6,Community Care,seasonal spike expected
VT,2026-03-31,3,Northside Health,seasonal spike expected
VT,2026-03-31,3,Downtown Clinic,seasonal spike expected
VT,2026-03-31,4,Lakeview Clinic,
MI,2026-03-31,3,Community Care,
MI,2026-03-31,6,Downtown Clinic,
MI,2026-03-31,4,Northside Health,
NY,2026-03-31,4,Riverstone Medical,
NY,2026-03-31,4,Downtown Clinic,
NY,2026-03-31,4,Northside Health,
UT,2026-03-31,3,Lakeview Clinic,
UT,2026-03-31,4,Downtown Clinic,
UT,2026-03-31,6,Riverstone Medical,seasonal spike expected
TX,2026-03-31,7,Downtown Clinic,
TX,2026-03-31,3,Lakeview Clinic,
TX,2026-03-31,7,Northside Health,telehealth ok
LA,2026-03-31,4,Riverstone Medical,telehealth ok
LA,2026-03-31,3,Downtown Clinic,
LA,2026-03-31,3,Community Care,telehealth ok
WV,2026-03-31,3,Downtown Clinic,
WV,2026-03-31,5,Riverstone Medical,seasonal spike expected
WV,2026-03-31,5,Community Care,
NJ,2026-03-31,2,Northside Health,seasonal spike expected
NJ,2026-03-31,6,Riverstone Medical,seasonal spike expected
NJ,2026-03-31,3,Lakeview Clinic,seasonal spike expected
NM,2026-03-31,6,Lakeview Clinic,seasonal spike expected
NM,2026-03-31,2,Northside Health,telehealth ok
NM,2026-03-31,3,Riverstone Medical,telehealth ok
MN,2026-03-31,5,Downtown Clinic,seasonal spike expected
MN,2026-03-31,5,Community Care,telehealth ok
MN,2026-03-31,4,Northside Health,
MS,2026-03-31,4,Downtown Clinic,
MS,2026-03-31,6,Riverstone Medical,seasonal spike expected
MS,2026-03-31,5,Lakeview Clinic,telehealth ok
VA,2026-03-31,5,Lakeview Clinic,telehealth ok
VA,2026-03-31,3,Riverstone Medical,
VA,2026-03-31,3,Northside Health,seasonal spike expected
AR,2026-03-31,3,Riverstone Medical,
AR,2026-03-31,3,Downtown Clinic,seasonal spike expected
AR,2026-03-31,5,Community Care,telehealth ok
WY,2026-04-01,3,Community Care,
WY,2026-04-01,4,Northside Health,telehealth ok
WY,2026-04-01,6,Downtown Clinic,seasonal spike expected
OR,2026-04-01,6,Downtown Clinic,telehealth ok
OR,2026-04-01,5,Northside Health,seasonal spike expected
OR,2026-04-01,3,Community Care,seasonal spike expected
CA,2026-04-01,6,Community Care,telehealth ok
CA,2026-04-01,5,Riverstone Medical,telehealth ok
CA,2026-04-01,7,Lakeview Clinic,
GA,2026-04-01,6,Downtown Clinic,
GA,2026-04-01,3,Riverstone Medical,seasonal spike expected
GA,2026-04-01,5,Northside Health,seasonal spike expected
AK,2026-04-01,6,Community Care,seasonal spike expected
AK,2026-04-01,5,Riverstone Medical,
AK,2026-04-01,6,Northside Health,
HI,2026-04-01,5,Lakeview Clinic,seasonal spike expected
HI,2026-04-01,4,Community Care,seasonal spike expected
HI,2026-04-01,6,Downtown Clinic,seasonal spike expected
PA,2026-04-01,4,Riverstone Medical,telehealth ok
PA,2026-04-01,5,Community Care,
PA,2026-04-01,6,Lakeview Clinic,seasonal spike expected
AZ,2026-04-01,3,Downtown Clinic,seasonal spike expected
AZ,2026-04-01,2,Northside Health,
AZ,2026-04-01,2,Lakeview Clinic,
RI,2026-04-01,3,Riverstone Medical,
RI,2026-04-01,5,Community Care,seasonal spike expected
RI,2026-04-01,6,Lakeview Clinic,telehealth ok
NC,2026-04-01,4,Northside Health,
NC,2026-04-01,6,Downtown Clinic,telehealth ok
NC,2026-04-01,3,Lakeview Clinic,telehealth ok
TN,2026-04-01,2,Community Care,seasonal spike expected
TN,2026-04-01,3,Riverstone Medical,telehealth ok
TN,2026-04-01,2,Downtown Clinic,seasonal spike expected
IL,2026-04-01,5,Lakeview Clinic,seasonal spike expected
IL,2026-04-01,3,Riverstone Medical,telehealth ok
IL,2026-04-01,3,Downtown Clinic,
NH,2026-04-01,4,Downtown Clinic,telehealth ok
NH,2026-04-01,2,Community Care,seasonal spike expected
NH,2026-04-01,2,Northside Health,telehealth ok
FL,2026-04-01,4,Northside Health,seasonal spike expected
FL,2026-04-01,5,Riverstone Medical,
FL,2026-04-01,4,Downtown Clinic,
MT,2026-04-01,5,Northside Health,
MT,2026-04-01,6,Downtown Clinic,
MT,2026-04-01,2,Community Care,telehealth ok
NE,2026-04-01,4,Downtown Clinic,
NE,2026-04-01,5,Northside Health,seasonal spike expected
NE,2026-04-01,5,Lakeview Clinic,telehealth ok
CT,2026-04-01,3,Northside Health,seasonal spike expected
CT,2026-04-01,4,Lakeview Clinic,telehealth ok
CT,2026-04-01,4,Riverstone Medical,telehealth ok
AL,2026-04-01,2,Northside Health,telehealth ok
AL,2026-04-01,3,Lakeview Clinic,seasonal spike expected
AL,2026-04-01,4,Downtown Clinic,seasonal spike expected
MD,2026-04-01,4,Lakeview Clinic,telehealth ok
MD,2026-04-01,6,Northside Health,telehealth ok
MD,2026-04-01,4,Downtown Clinic,seasonal spike expected
ID,2026-04-01,5,Downtown Clinic,telehealth ok
ID,2026-04-01,6,Northside Health,seasonal spike expected
ID,2026-04-01,6,Community Care,seasonal spike expected
ND,2026-04-01,2,Downtown Clinic,seasonal spike expected
ND,2026-04-01,5,Northside Health,
ND,2026-04-01,6,Riverstone Medical,telehealth ok
KS,2026-04-01,5,Community Care,seasonal spike expected
KS,2026-04-01,3,Riverstone Medical,
KS,2026-04-01,5,Downtown Clinic,telehealth ok
VT,2026-04-01,2,Community Care,seasonal spike expected
VT,2026-04-01,4,Downtown Clinic,telehealth ok
VT,2026-04-01,6,Lakeview Clinic,telehealth ok
MI,2026-04-01,4,Community Care,seasonal spike expected
MI,2026-04-01,4,Downtown Clinic,telehealth ok
MI,2026-04-01,6,Northside Health,
NY,2026-04-01,5,Community Care,seasonal spike expected
NY,2026-04-01,7,Riverstone Medical,
NY,2026-04-01,5,Lakeview Clinic,seasonal spike expected
UT,2026-04-01,4,Northside Health,telehealth ok
UT,2026-04-01,6,Lakeview Clinic,seasonal spike expected
UT,2026-04-01,5,Community Care,seasonal spike expected
TX,2026-04-01,6,Lakeview Clinic,
TX,2026-04-01,7,Community Care,seasonal spike expected
TX,2026-04-01,3,Downtown Clinic,seasonal spike expected
LA,2026-04-01,5,Riverstone Medical,seasonal spike expected
LA,2026-04-01,6,Downtown Clinic,
LA,2026-04-01,6,Lakeview Clinic,telehealth ok
WV,2026-04-01,4,Downtown Clinic,telehealth ok
WV,2026-04-01,6,Community Care,
WV,2026-04-01,3,Riverstone Medical,seasonal spike expected
NJ,2026-04-01,3,Community Care,
NJ,2026-04-01,4,Northside Health,telehealth ok
NJ,2026-04-01,4,Downtown Clinic,
NM,2026-04-01,6,Riverstone Medical,seasonal spike expected
NM,2026-04-01,2,Northside Health,telehealth ok
NM,2026-04-01,3,Lakeview Clinic,
MN,2026-04-01,2,Community Care,seasonal spike expected
MN,2026-04-01,4,Lakeview Clinic,seasonal spike expected
MN,2026-04-01,6,Downtown Clinic,
MS,2026-04-01,4,Lakeview Clinic,
MS,2026-04-01,2,Riverstone Medical,
MS,2026-04-01,6,Community Care,telehealth ok
VA,2026-04-01,4,Riverstone Medical,
VA,2026-04-01,3,Lakeview Clinic,seasonal spike expected
VA,2026-04-01,3,Downtown Clinic,
AR,2026-04-01,3,Lakeview Clinic,telehealth ok
AR,2026-04-01,4,Downtown Clinic,seasonal spike expected
AR,2026-04-01,3,Riverstone Medical,
WY,2026-04-02,5,Lakeview Clinic,
WY,2026-04-02,7,Community Care,telehealth ok
WY,2026-04-02,7,Northside Health,seasonal spike expected
OR,2026-04-02,6,Community Care,
OR,2026-04-02,8,Northside Health,telehealth ok
OR,2026-04-02,7,Lakeview Clinic,
CA,2026-04-02,7,Community Care,
CA,2026-04-02,9,Northside Health,
CA,2026-04-02,6,Downtown Clinic,telehealth ok
GA,2026-04-02,8,Northside Health,seasonal spike expected
GA,2026-04-02,6,Downtown Clinic,seasonal spike expected
GA,2026-04-02,8,Lakeview Clinic,
AK,2026-04-02,7,Downtown Clinic,telehealth ok
AK,2026-04-02,6,Lakeview Clinic,
AK,2026-04-02,8,Riverstone Medical,seasonal spike expected
HI,2026-04-02,8,Northside Health,telehealth ok
HI,2026-04-02,7,Riverstone Medical,
HI,2026-04-02,7,Community Care,seasonal spike expected
PA,2026-04-02,8,Community Care,
PA,2026-04-02,7,Lakeview Clinic,seasonal spike expected
PA,2026-04-02,4,Northside Health,telehealth ok
AZ,2026-04-02,5,Lakeview Clinic,
AZ,2026-04-02,8,Community Care,
AZ,2026-04-02,8,Riverstone Medical,
RI,2026-04-02,7,Lakeview Clinic,
RI,2026-04-02,4,Community Care,seasonal spike expected
RI,2026-04-02,7,Downtown Clinic,
NC,2026-04-02,4,Lakeview Clinic,
NC,2026-04-02,5,Downtown Clinic,telehealth ok
NC,2026-04-02,8,Northside Health,seasonal spike expected
TN,2026-04-02,4,Downtown Clinic,
TN,2026-04-02,8,Northside Health,telehealth ok
TN,2026-04-02,7,Riverstone Medical,telehealth ok
IL,2026-04-02,8,Lakeview Clinic,telehealth ok
IL,2026-04-02,6,Community Care,
IL,2026-04-02,8,Downtown Clinic,telehealth ok
NH,2026-04-02,7,Downtown Clinic,
NH,2026-04-02,5,Community Care,seasonal spike expected
NH,2026-04-02,6,Riverstone Medical,
FL,2026-04-02,9,Riverstone Medical,
FL,2026-04-02,8,Downtown Clinic,telehealth ok
FL,2026-04-02,8,Lakeview Clinic,telehealth ok
MT,2026-04-02,7,Downtown Clinic,telehealth ok
MT,2026-04-02,8,Riverstone Medical,
MT,2026-04-02,7,Community Care,
NE,2026-04-02,8,Riverstone Medical,telehealth ok
NE,2026-04-02,7,Downtown Clinic,
NE,2026-04-02,7,Community Care,seasonal spike expected
CT,2026-04-02,6,Community Care,
CT,2026-04-02,5,Downtown Clinic,seasonal spike expected
CT,2026-04-02,5,Northside Health,telehealth ok
AL,2026-04-02,4,Riverstone Medical,
AL,2026-04-02,5,Community Care,telehealth ok
AL,2026-04-02,6,Downtown Clinic,
MD,2026-04-02,4,Riverstone Medical,seasonal spike expected
MD,2026-04-02,8,Community Care,telehealth ok
MD,2026-04-02,6,Northside Health,telehealth ok
ID,2026-04-02,5,Downtown Clinic,seasonal spike expected
ID,2026-04-02,6,Northside Health,seasonal spike expected
ID,2026-04-02,4,Riverstone Medical,seasonal spike expected
ND,2026-04-02,8,Riverstone Medical,telehealth ok
ND,2026-04-02,8,Community Care,telehealth ok
ND,2026-04-02,8,Northside Health,seasonal spike expected
KS,2026-04-02,5,Lakeview Clinic,seasonal spike expected
KS,2026-04-02,4,Downtown Clinic,seasonal spike expected
KS,2026-04-02,5,Northside Health,
VT,2026-04-02,8,Lakeview Clinic,seasonal spike expected
VT,2026-04-02,4,Community Care,telehealth ok
VT,2026-04-02,6,Riverstone Medical,seasonal spike expected
MI,2026-04-02,7,Lakeview Clinic,seasonal spike expected
MI,2026-04-02,4,Downtown Clinic,seasonal spike expected
MI,2026-04-02,6,Riverstone Medical,seasonal spike expected
NY,2026-04-02,5,Riverstone Medical,seasonal spike expected
NY,2026-04-02,6,Community Care,
NY,2026-04-02,9,Northside Health,telehealth ok
UT,2026-04-02,6,Downtown Clinic,seasonal spike expected
UT,2026-04-02,6,Community Care,seasonal spike expected
UT,2026-04-02,4,Lakeview Clinic,seasonal spike expected
TX,2026-04-02,5,Northside Health,seasonal spike expected
TX,2026-04-02,6,Community Care,telehealth ok
TX,2026-04-02,5,Downtown Clinic,
LA,2026-04-02,6,Downtown Clinic,
LA,2026-04-02,6,Northside Health,
LA,2026-04-02,6,Riverstone Medical,
WV,2026-04-02,6,Lakeview Clinic,
WV,2026-04-02,8,Community Care,
WV,2026-04-02,8,Riverstone Medical,seasonal spike expected
NJ,2026-04-02,4,Lakeview Clinic,telehealth ok
NJ,2026-04-02,7,Community Care,seasonal spike expected
NJ,2026-04-02,7,Downtown Clinic,telehealth ok
NM,2026-04-02,6,Lakeview Clinic,
NM,2026-04-02,5,Riverstone Medical,seasonal spike expected
NM,2026-04-02,6,Downtown Clinic,
MN,2026-04-02,8,Downtown Clinic,telehealth ok
MN,2026-04-02,6,Riverstone Medical,telehealth ok
MN,2026-04-02,4,Community Care,telehealth ok
MS,2026-04-02,7,Lakeview Clinic,
MS,2026-04-02,6,Community Care,
MS,2026-04-02,8,Downtown Clinic,
VA,2026-04-02,7,Community Care,
VA,2026-04-02,7,Downtown Clinic,seasonal spike expected
VA,2026-04-02,4,Riverstone Medical,seasonal spike expected
AR,2026-04-02,7,Lakeview Clinic,telehealth ok
AR,2026-04-02,8,Downtown Clinic,seasonal spike expected
AR,2026-04-02,6,Northside Health,
WY,2026-04-03,6,Lakeview Clinic,telehealth ok
WY,2026-04-03,3,Community Care,seasonal spike expected
WY,2026-04-03,4,Riverstone Medical,
OR,2026-04-03,3,Downtown Clinic,
OR,2026-04-03,6,Riverstone Medical,telehealth ok
OR,2026-04-03,5,Lakeview Clinic,telehealth ok
CA,2026-04-03,5,Northside Health,seasonal spike expected
CA,2026-04-03,3,Riverstone Medical,
CA,2026-04-03,3,Lakeview Clinic,telehealth ok
GA,2026-04-03,5,Northside Health,telehealth ok
GA,2026-04-03,3,Riverstone Medical,seasonal spike expected
GA,2026-04-03,4,Community Care,seasonal spike expected
AK,2026-04-03,5,Riverstone Medical,seasonal spike expected
AK,2026-04-03,2,Northside Health,telehealth ok
AK,2026-04-03,3,Downtown Clinic,seasonal spike expected
HI,2026-04-03,6,Lakeview Clinic,telehealth ok
HI,2026-04-03,3,Riverstone Medical,seasonal spike expected
HI,2026-04-03,5,Community Care,seasonal spike expected
PA,2026-04-03,3,Lakeview Clinic,telehealth ok
PA,2026-04-03,4,Northside Health,
PA,2026-04-03,3,Riverstone Medical,telehealth ok
AZ,2026-04-03,6,Riverstone Medical,telehealth ok
AZ,2026-04-03,4,Lakeview Clinic,telehealth ok
AZ,2026-04-03,4,Downtown Clinic,telehealth ok
RI,2026-04-03,5,Riverstone Medical,seasonal spike expected
RI,2026-04-03,4,Lakeview Clinic,seasonal spike expected
RI,2026-04-03,6,Northside Health,telehealth ok
NC,2026-04-03,3,Downtown Clinic,
NC,2026-04-03,5,Lakeview Clinic,telehealth ok
NC,2026-04-03,4,Community Care,seasonal spike expected
TN,2026-04-03,5,Northside Health,telehealth ok
TN,2026-04-03,3,Lakeview Clinic,telehealth ok
TN,2026-04-03,2,Riverstone Medical,seasonal spike expected
IL,2026-04-03,3,Northside Health,seasonal spike expected
IL,2026-04-03,6,Community Care,
IL,2026-04-03,6,Downtown Clinic,
NH,2026-04-03,2,Downtown Clinic,telehealth ok
NH,2026-04-03,3,Lakeview Clinic,telehealth ok
NH,2026-04-03,4,Riverstone Medical,seasonal spike expected
FL,2026-04-03,3,Downtown Clinic,
FL,2026-04-03,3,Riverstone Medical,telehealth ok
FL,2026-04-03,6,Northside Health,telehealth ok
MT,2026-04-03,5,Riverstone Medical,
MT,2026-04-03,6,Lakeview Clinic,seasonal spike expected
MT,2026-04-03,6,Community Care,telehealth ok
NE,2026-04-03,4,Riverstone Medical,
NE,2026-04-03,4,Community Care,seasonal spike expected
NE,2026-04-03,5,Lakeview Clinic,seasonal spike expected
CT,2026-04-03,5,Lakeview Clinic,telehealth ok
CT,2026-04-03,4,Northside Health,
CT,2026-04-03,2,Riverstone Medical,
AL,2026-04-03,5,Community Care,telehealth ok
AL,2026-04-03,6,Lakeview Clinic,
AL,2026-04-03,6,Downtown Clinic,
MD,2026-04-03,2,Community Care,telehealth ok
MD,2026-04-03,2,Downtown Clinic,seasonal spike expected
MD,2026-04-03,3,Northside Health,
ID,2026-04-03,4,Riverstone Medical,telehealth ok
ID,2026-04-03,2,Downtown Clinic,
ID,2026-04-03,3,Lakeview Clinic,telehealth ok
ND,2026-04-03,5,Northside Health,telehealth ok
ND,2026-04-03,4,Community Care,telehealth ok
ND,2026-04-03,2,Downtown Clinic,seasonal spike expected
KS,2026-04-03,4,Northside Health,telehealth ok
KS,2026-04-03,5,Lakeview Clinic,seasonal spike expected
KS,2026-04-03,2,Riverstone Medical,seasonal spike expected
VT,2026-04-03,2,Community Care,
VT,2026-04-03,6,Northside Health,telehealth ok
VT,2026-04-03,4,Riverstone Medical,seasonal spike expected
MI,2026-04-03,6,Lakeview Clinic,seasonal spike expected
MI,2026-04-03,2,Northside Health,telehealth ok
MI,2026-04-03,4,Community Care,telehealth ok
NY,2026-04-03,6,Community Care,seasonal spike expected
NY,2026-04-03,4,Downtown Clinic,
NY,2026-04-03,6,Lakeview Clinic,
UT,2026-04-03,3,Downtown Clinic,
UT,2026-04-03,2,Northside Health,seasonal spike expected
UT,2026-04-03,4,Community Care,
TX,2026-04-03,5,Lakeview Clinic,seasonal spike expected
TX,2026-04-03,7,Downtown Clinic,seasonal spike expected
TX,2026-04-03,6,Riverstone Medical,telehealth ok
LA,2026-04-03,2,Community Care,seasonal spike expected
LA,2026-04-03,5,Riverstone Medical,
LA,2026-04-03,6,Lakeview Clinic,
WV,2026-04-03,6,Downtown Clinic,seasonal spike expected
WV,2026-04-03,5,Lakeview Clinic,
WV,2026-04-03,3,Northside Health,
NJ,2026-04-03,5,Community Care,telehealth ok
NJ,2026-04-03,6,Northside Health,telehealth ok
NJ,2026-04-03,5,Riverstone Medical,seasonal spike expected
NM,2026-04-03,5,Downtown Clinic,
NM,2026-04-03,4,Lakeview Clinic,
NM,2026-04-03,4,Riverstone Medical,seasonal spike expected
MN,2026-04-03,3,Community Care,telehealth ok
MN,2026-04-03,6,Lakeview Clinic,telehealth ok
MN,2026-04-03,5,Downtown Clinic,seasonal spike expected
MS,2026-04-03,3,Community Care,
MS,2026-04-03,2,Riverstone Medical,seasonal spike expected
MS,2026-04-03,6,Downtown Clinic,seasonal spike expected
VA,2026-04-03,6,Riverstone Medical,seasonal spike expected
VA,2026-04-03,6,Downtown Clinic,
VA,2026-04-03,4,Lakeview Clinic,seasonal spike expected
AR,2026-04-03,3,Northside Health,
AR,2026-04-03,5,Downtown Clinic,seasonal spike expected
AR,2026-04-03,6,Riverstone Medical,seasonal spike expected
WY,2026-04-04,4,Northside Health,telehealth ok
WY,2026-04-04,2,Riverstone Medical,telehealth ok
WY,2026-04-04,1,Downtown Clinic,telehealth ok
OR,2026-04-04,1,Community Care,
OR,2026-04-04,1,Downtown Clinic,
OR,2026-04-04,4,Northside Health,telehealth ok
CA,2026-04-04,3,Community Care,seasonal spike expected
CA,2026-04-04,2,Riverstone Medical,
CA,2026-04-04,3,Northside Health,
GA,2026-04-04,2,Northside Health,telehealth ok
GA,2026-04-04,2,Riverstone Medical,seasonal spike expected
GA,2026-04-04,3,Lakeview Clinic,
AK,2026-04-04,5,Community Care,seasonal spike expected
AK,2026-04-04,1,Northside Health,
AK,2026-04-04,4,Lakeview Clinic,telehealth ok
HI,2026-04-04,1,Community Care,seasonal spike expected
HI,2026-04-04,1,Lakeview Clinic,telehealth ok
HI,2026-04-04,1,Northside Health,
PA,2026-04-04,1,Community Care,
PA,2026-04-04,3,Lakeview Clinic,telehealth ok
PA,2026-04-04,1,Northside Health,telehealth ok
AZ,2026-04-04,5,Northside Health,
AZ,2026-04-04,2,Downtown Clinic,telehealth ok
AZ,2026-04-04,1,Riverstone Medical,telehealth ok
RI,2026-04-04,3,Lakeview Clinic,telehealth ok
RI,2026-04-04,3,Northside Health,seasonal spike expected
RI,2026-04-04,3,Community Care,telehealth ok
NC,2026-04-04,4,Downtown Clinic,telehealth ok
NC,2026-04-04,1,Northside Health,seasonal spike expected
NC,2026-04-04,5,Lakeview Clinic,
TN,2026-04-04,4,Lakeview Clinic,telehealth ok
TN,2026-04-04,2,Community Care,
TN,2026-04-04,5,Northside Health,
IL,2026-04-04,2,Lakeview Clinic,
IL,2026-04-04,3,Northside Health,
IL,2026-04-04,1,Riverstone Medical,seasonal spike expected
NH,2026-04-04,3,Northside Health,seasonal spike expected
NH,2026-04-04,3,Riverstone Medical,telehealth ok
NH,2026-04-04,1,Community Care,
FL,2026-04-04,2,Northside Health,seasonal spike expected
FL,2026-04-04,2,Lakeview Clinic,seasonal spike expected
FL,2026-04-04,6,Downtown Clinic,seasonal spike expected
MT,2026-04-04,5,Northside Health,seasonal spike expected
MT,2026-04-04,1,Downtown Clinic,
MT,2026-04-04,3,Lakeview Clinic,
NE,2026-04-04,3,Lakeview Clinic,telehealth ok
NE,2026-04-04,1,Downtown Clinic,seasonal spike expected
NE,2026-04-04,4,Northside Health,
CT,2026-04-04,3,Riverstone Medical,
CT,2026-04-04,5,Lakeview Clinic,seasonal spike expected
CT,2026-04-04,3,Downtown Clinic,
AL,2026-04-04,2,Community Care,telehealth ok
AL,2026-04-04,4,Lakeview Clinic,
AL,2026-04-04,4,Downtown Clinic,
MD,2026-04-04,3,Lakeview Clinic,
MD,2026-04-04,2,Northside Health,
MD,2026-04-04,4,Riverstone Medical,telehealth ok
ID,2026-04-04,3,Northside Health,
ID,2026-04-04,1,Community Care,seasonal spike expected
ID,2026-04-04,3,Riverstone Medical,seasonal spike expected
ND,2026-04-04,2,Lakeview Clinic,telehealth ok
ND,2026-04-04,3,Riverstone Medical,telehealth ok
ND,2026-04-04,5,Community Care,
KS,2026-04-04,1,Community Care,
KS,2026-04-04,5,Riverstone Medical,
KS,2026-04-04,2,Northside Health,seasonal spike expected
VT,2026-04-04,1,Lakeview Clinic,
VT,2026-04-04,4,Community Care,seasonal spike expected
VT,2026-04-04,5,Riverstone Medical,
MI,2026-04-04,2,Northside Health,telehealth ok
MI,2026-04-04,5,Lakeview Clinic,
MI,2026-04-04,2,Riverstone Medical,
NY,2026-04-04,6,Riverstone Medical,seasonal spike expected
NY,2026-04-04,3,Lakeview Clinic,telehealth ok
NY,2026-04-04,5,Downtown Clinic,seasonal spike expected
UT,2026-04-04,3,Community Care,telehealth ok
UT,2026-04-04,5,Northside Health,seasonal spike expected
UT,2026-04-04,5,Lakeview Clinic,
TX,2026-04-04,5,Riverstone Medical,telehealth ok
TX,2026-04-04,4,Community Care,seasonal spike expected
TX,2026-04-04,3,Northside Health,telehealth ok
LA,2026-04-04,3,Lakeview Clinic,seasonal spike expected
LA,2026-04-04,5,Northside Health,
LA,2026-04-04,3,Community Care,telehealth ok
WV,2026-04-04,2,Riverstone Medical,seasonal spike expected
WV,2026-04-04,4,Community Care,
WV,2026-04-04,5,Lakeview Clinic,telehealth ok
NJ,2026-04-04,5,Lakeview Clinic,telehealth ok
NJ,2026-04-04,3,Northside Health,seasonal spike expected
NJ,2026-04-04,5,Riverstone Medical,
NM,2026-04-04,2,Downtown Clinic,telehealth ok
NM,2026-04-04,2,Riverstone Medical,telehealth ok
NM,2026-04-04,3,Lakeview Clinic,seasonal spike expected
MN,2026-04-04,5,Lakeview Clinic,telehealth ok
MN,2026-04-04,4,Downtown Clinic,seasonal spike expected
MN,2026-04-04,4,Northside Health,
MS,2026-04-04,4,Lakeview Clinic,
MS,2026-04-04,1,Downtown Clinic,telehealth ok
MS,2026-04-04,2,Northside Health,
VA,2026-04-04,2,Lakeview Clinic,seasonal spike expected
VA,2026-04-04,3,Downtown Clinic,seasonal spike expected
VA,2026-04-04,1,Northside Health,telehealth ok
AR,2026-04-04,5,Lakeview Clinic,
AR,2026-04-04,1,Community Care,seasonal spike expected
AR,2026-04-04,2,Northside Health,
WY,2026-04-05,1,Lakeview Clinic,
WY,2026-04-05,5,Community Care,seasonal spike expected
WY,2026-04-05,2,Downtown Clinic,
OR,2026-04-05,4,Riverstone Medical,telehealth ok
OR,2026-04-05,1,Downtown Clinic,telehealth ok
OR,2026-04-05,5,Northside Health,telehealth ok
CA,2026-04-05,3,Community Care,
CA,2026-04-05,2,Downtown Clinic,
CA,2026-04-05,4,Northside Health,
GA,2026-04-05,5,Northside Health,seasonal spike expected
GA,2026-04-05,1,Community Care,telehealth ok
GA,2026-04-05,5,Lakeview Clinic,telehealth ok
AK,2026-04-05,4,Riverstone Medical,seasonal spike expected
AK,2026-04-05,4,Downtown Clinic,
AK,2026-04-05,2,Lakeview Clinic,seasonal spike expected
HI,2026-04-05,1,Riverstone Medical,
HI,2026-04-05,1,Downtown Clinic,
HI,2026-04-05,4,Lakeview Clinic,telehealth ok
PA,2026-04-05,5,Northside Health,telehealth ok
PA,2026-04-05,1,Community Care,seasonal spike expected
PA,2026-04-05,4,Downtown Clinic,seasonal spike expected
AZ,2026-04-05,1,Downtown Clinic,
AZ,2026-04-05,1,Riverstone Medical,telehealth ok
AZ,2026-04-05,1,Northside Health,telehealth ok
RI,2026-04-05,2,Riverstone Medical,telehealth ok
RI,2026-04-05,2,Northside Health,telehealth ok
RI,2026-04-05,2,Lakeview Clinic,
NC,2026-04-05,2,Community Care,
NC,2026-04-05,4,Lakeview Clinic,seasonal spike expected
NC,2026-04-05,3,Riverstone Medical,telehealth ok
TN,2026-04-05,2,Downtown Clinic,
TN,2026-04-05,2,Riverstone Medical,
TN,2026-04-05,3,Lakeview Clinic,
IL,2026-04-05,3,Community Care,seasonal spike expected
IL,2026-04-05,2,Lakeview Clinic,seasonal spike expected
IL,2026-04-05,4,Riverstone Medical,telehealth ok
NH,2026-04-05,5,Northside Health,seasonal spike expected
NH,2026-04-05,4,Lakeview Clinic,telehealth ok
NH,2026-04-05,1,Downtown Clinic,
FL,2026-04-05,2,Northside Health,seasonal spike expected
FL,2026-04-05,6,Lakeview Clinic,telehealth ok
FL,2026-04-05,4,Riverstone Medical,telehealth ok
MT,2026-04-05,2,Downtown Clinic,seasonal spike expected
MT,2026-04-05,2,Northside Health,seasonal spike expected
MT,2026-04-05,3,Riverstone Medical,
NE,2026-04-05,5,Downtown Clinic,seasonal spike expected
NE,2026-04-05,3,Community Care,telehealth ok
NE,2026-04-05,2,Northside Health,telehealth ok
CT,2026-04-05,1,Community Care,seasonal spike expected
CT,2026-04-05,2,Downtown Clinic,
CT,2026-04-05,3,Riverstone Medical,telehealth ok
AL,2026-04-05,4,Lakeview Clinic,
AL,2026-04-05,3,Downtown Clinic,seasonal spike expected
AL,2026-04-05,5,Community Care,
MD,2026-04-05,3,Downtown Clinic,seasonal spike expected
MD,2026-04-05,3,Community Care,seasonal spike expected
MD,2026-04-05,3,Northside Health,telehealth ok
ID,2026-04-05,3,Community Care,
ID,2026-04-05,4,Riverstone Medical,telehealth ok
ID,2026-04-05,3,Downtown Clinic,
ND,2026-04-05,1,Downtown Clinic,telehealth ok
ND,2026-04-05,4,Northside Health,
ND,2026-04-05,4,Lakeview Clinic,
KS,2026-04-05,1,Community Care,telehealth ok
KS,2026-04-05,4,Riverstone Medical,telehealth ok
KS,2026-04-05,1,Northside Health,seasonal spike expected
VT,2026-04-05,3,Lakeview Clinic,telehealth ok
VT,2026-04-05,1,Downtown Clinic,
VT,2026-04-05,3,Riverstone Medical,telehealth ok
MI,2026-04-05,2,Riverstone Medical,
MI,2026-04-05,2,Northside Health,
MI,2026-04-05,2,Community Care,telehealth ok
NY,2026-04-05,6,Downtown Clinic,
NY,2026-04-05,3,Northside Health,seasonal spike expected
NY,2026-04-05,4,Community Care,seasonal spike expected
UT,2026-04-05,2,Community Care,telehealth ok
UT,2026-04-05,2,Downtown Clinic,
UT,2026-04-05,4,Riverstone Medical,telehealth ok
TX,2026-04-05,6,Northside Health,seasonal spike expected
TX,2026-04-05,3,Lakeview Clinic,seasonal spike expected
TX,2026-04-05,2,Downtown Clinic,
LA,2026-04-05,5,Downtown Clinic,
LA,2026-04-05,1,Northside Health,
LA,2026-04-05,4,Lakeview Clinic,telehealth ok
WV,2026-04-05,4,Lakeview Clinic,seasonal spike expected
WV,2026-04-05,1,Northside Health,telehealth ok
WV,2026-04-05,4,Downtown Clinic,
NJ,2026-04-05,4,Downtown Clinic,seasonal spike expected
NJ,2026-04-05,3,Community Care,
NJ,2026-04-05,4,Northside Health,seasonal spike expected
NM,2026-04-05,2,Riverstone Medical,seasonal spike expected
NM,2026-04-05,3,Downtown Clinic,seasonal spike expected
NM,2026-04-05,3,Northside Health,telehealth ok
MN,2026-04-05,2,Downtown Clinic,seasonal spike expected
MN,2026-04-05,3,Riverstone Medical,seasonal spike expected
MN,2026-04-05,5,Lakeview Clinic,seasonal spike expected
MS,2026-04-05,5,Community Care,
MS,2026-04-05,1,Downtown Clinic,telehealth ok
MS,2026-04-05,5,Lakeview Clinic,telehealth ok
VA,2026-04-05,5,Downtown Clinic,
VA,2026-04-05,1,Community Care,
VA,2026-04-05,5,Riverstone Medical,telehealth ok
AR,2026-04-05,3,Lakeview Clinic,telehealth ok
AR,2026-04-05,3,Northside Health,
AR,2026-04-05,1,Riverstone Medical,telehealth ok
WY,2026-04-06,4,Northside Health,
WY,2026-04-06,5,Lakeview Clinic,seasonal spike expected
WY,2026-04-06,2,Community Care,seasonal spike expected
OR,2026-04-06,4,Lakeview Clinic,telehealth ok
OR,2026-04-06,3,Downtown Clinic,seasonal spike expected
OR,2026-04-06,6,Northside Health,seasonal spike expected
CA,2026-04-06,4,Northside Health,telehealth ok
CA,2026-04-06,4,Downtown Clinic,seasonal spike expected
CA,2026-04-06,6,Lakeview Clinic,
GA,2026-04-06,5,Downtown Clinic,seasonal spike expected
GA,2026-04-06,5,Riverstone Medical,seasonal spike expected
GA,2026-04-06,3,Northside Health,
AK,2026-04-06,5,Community Care,seasonal spike expected
AK,2026-04-06,2,Northside Health,seasonal spike expected
AK,2026-04-06,4,Riverstone Medical,seasonal spike expected
HI,2026-04-06,5,Northside Health,telehealth ok
HI,2026-04-06,5,Lakeview Clinic,seasonal spike expected
HI,2026-04-06,3,Community Care,telehealth ok
PA,2026-04-06,3,Community Care,
PA,2026-04-06,5,Riverstone Medical,seasonal spike expected
PA,2026-04-06,4,Northside Health,seasonal spike expected
AZ,2026-04-06,6,Community Care,
AZ,2026-04-06,3,Riverstone Medical,seasonal spike expected
AZ,2026-04-06,5,Lakeview Clinic,telehealth ok
RI,2026-04-06,5,Northside Health,
RI,2026-04-06,2,Lakeview Clinic,
RI,2026-04-06,2,Downtown Clinic,telehealth ok
NC,2026-04-06,5,Lakeview Clinic,
NC,2026-04-06,4,Northside Health,telehealth ok
NC,2026-04-06,5,Riverstone Medical,telehealth ok
TN,2026-04-06,4,Community Care,seasonal spike expected
TN,2026-04-06,2,Lakeview Clinic,telehealth ok
TN,2026-04-06,4,Riverstone Medical,seasonal spike expected
IL,2026-04-06,2,Riverstone Medical,telehealth ok
IL,2026-04-06,6,Lakeview Clinic,seasonal spike expected
IL,2026-04-06,6,Northside Health,telehealth ok
NH,2026-04-06,4,Lakeview Clinic,
NH,2026-04-06,6,Northside Health,telehealth ok
NH,2026-04-06,3,Community Care,
FL,2026-04-06,5,Riverstone Medical,seasonal spike expected
FL,2026-04-06,4,Northside Health,telehealth ok
FL,2026-04-06,6,Community Care,seasonal spike expected
MT,2026-04-06,5,Northside Health,telehealth ok
MT,2026-04-06,6,Downtown Clinic,
MT,2026-04-06,6,Riverstone Medical,seasonal spike expected
NE,2026-04-06,6,Lakeview Clinic,telehealth ok
NE,2026-04-06,5,Community Care,
NE,2026-04-06,5,Downtown Clinic,
CT,2026-04-06,5,Lakeview Clinic,
CT,2026-04-06,5,Downtown Clinic,
CT,2026-04-06,2,Riverstone Medical,telehealth ok
AL,2026-04-06,2,Northside Health,
AL,2026-04-06,4,Community Care,
AL,2026-04-06,6,Downtown Clinic,seasonal spike expected
MD,2026-04-06,5,Downtown Clinic,
MD,2026-04-06,3,Lakeview Clinic,telehealth ok
MD,2026-04-06,3,Riverstone Medical,telehealth ok
ID,2026-04-06,6,Community Care,
ID,2026-04-06,6,Downtown Clinic,
ID,2026-04-06,3,Riverstone Medical,
ND,2026-04-06,6,Downtown Clinic,seasonal spike expected
ND,2026-04-06,5,Riverstone Medical,seasonal spike expected
ND,2026-04-06,2,Lakeview Clinic,
KS,2026-04-06,4,Lakeview Clinic,
KS,2026-04-06,5,Downtown Clinic,seasonal spike expected
KS,2026-04-06,6,Riverstone Medical,telehealth ok
VT,2026-04-06,2,Lakeview Clinic,
VT,2026-04-06,2,Community Care,
VT,2026-04-06,5,Northside Health,seasonal spike expected
MI,2026-04-06,5,Downtown Clinic,telehealth ok
MI,2026-04-06,6,Lakeview Clinic,seasonal spike expected
MI,2026-04-06,2,Community Care,telehealth ok
NY,2026-04-06,6,Community Care,
NY,2026-04-06,7,Riverstone Medical,telehealth ok
NY,2026-04-06,6,Northside Health,
UT,2026-04-06,4,Downtown Clinic,seasonal spike expected
UT,2026-04-06,6,Lakeview Clinic,seasonal spike expected
UT,2026-04-06,4,Northside Health,telehealth ok
TX,2026-04-06,7,Downtown Clinic,telehealth ok
TX,2026-04-06,4,Community Care,
TX,2026-04-06,3,Northside Health,telehealth ok
LA,2026-04-06,4,Community Care,seasonal spike expected
LA,2026-04-06,5,Riverstone Medical,
LA,2026-04-06,6,Lakeview Clinic,seasonal spike expected
WV,2026-04-06,2,Lakeview Clinic,
WV,2026-04-06,2,Downtown Clinic,telehealth ok
WV,2026-04-06,5,Riverstone Medical,seasonal spike expected
NJ,2026-04-06,4,Northside Health,
NJ,2026-04-06,3,Lakeview Clinic,seasonal spike expected
NJ,2026-04-06,3,Downtown Clinic,seasonal spike expected
NM,2026-04-06,3,Northside Health,seasonal spike expected
NM,2026-04-06,3,Downtown Clinic,
NM,2026-04-06,5,Lakeview Clinic,seasonal spike expected
MN,2026-04-06,5,Lakeview Clinic,seasonal spike expected
MN,2026-04-06,4,Downtown Clinic,seasonal spike expected
MN,2026-04-06,2,Northside Health,seasonal spike expected
MS,2026-04-06,3,Downtown Clinic,seasonal spike expected
MS,2026-04-06,2,Northside Health,seasonal spike expected
MS,2026-04-06,6,Community Care,seasonal spike expected
VA,2026-04-06,3,Lakeview Clinic,telehealth ok
VA,2026-04-06,3,Riverstone Medical,telehealth ok
VA,2026-04-06,6,Downtown Clinic,seasonal spike expected
AR,2026-04-06,4,Community Care,
AR,2026-04-06,2,Northside Health,telehealth ok
AR,2026-04-06,5,Lakeview Clinic,seasonal spike expected
WY,2026-04-07,5,Lakeview Clinic,telehealth ok
WY,2026-04-07,4,Downtown Clinic,telehealth ok
WY,2026-04-07,3,Community Care,telehealth ok
OR,2026-04-07,4,Northside Health,seasonal spike expected
OR,2026-04-07,5,Community Care,telehealth ok
OR,2026-04-07,3,Lakeview Clinic,telehealth ok
CA,2026-04-07,6,Downtown Clinic,telehealth ok
CA,2026-04-07,3,Riverstone Medical,seasonal spike expected
CA,2026-04-07,6,Lakeview Clinic,telehealth ok
GA,2026-04-07,5,Northside Health,
GA,2026-04-07,4,Downtown Clinic,
GA,2026-04-07,2,Lakeview Clinic,
AK,2026-04-07,4,Downtown Clinic,telehealth ok
AK,2026-04-07,4,Community Care,telehealth ok
AK,2026-04-07,6,Northside Health,seasonal spike expected
HI,2026-04-07,4,Community Care,
HI,2026-04-07,4,Northside Health,seasonal spike expected
HI,2026-04-07,2,Riverstone Medical,
PA,2026-04-07,2,Downtown Clinic,seasonal spike expected
PA,2026-04-07,6,Lakeview Clinic,
PA,2026-04-07,4,Northside Health,seasonal spike expected
AZ,2026-04-07,6,Lakeview Clinic,telehealth ok
AZ,2026-04-07,4,Downtown Clinic,seasonal spike expected
AZ,2026-04-07,4,Riverstone Medical,seasonal spike expected
RI,2026-04-07,2,Riverstone Medical,seasonal spike expected
RI,2026-04-07,6,Lakeview Clinic,telehealth ok
RI,2026-04-07,4,Northside Health,seasonal spike expected
NC,2026-04-07,5,Lakeview Clinic,
NC,2026-04-07,5,Community Care,
NC,2026-04-07,3,Downtown Clinic,telehealth ok
TN,2026-04-07,3,Riverstone Medical,seasonal spike expected
TN,2026-04-07,6,Downtown Clinic,seasonal spike expected
TN,2026-04-07,3,Lakeview Clinic,seasonal spike expected
IL,2026-04-07,5,Downtown Clinic,telehealth ok
IL,2026-04-07,4,Riverstone Medical,
IL,2026-04-07,2,Community Care,
NH,2026-04-07,5,Northside Health,
NH,2026-04-07,6,Community Care,telehealth ok
NH,2026-04-07,6,Downtown Clinic,seasonal spike expected
FL,2026-04-07,3,Downtown Clinic,
FL,2026-04-07,4,Lakeview Clinic,seasonal spike expected
FL,2026-04-07,7,Community Care,
MT,2026-04-07,3,Community Care,
MT,2026-04-07,3,Northside Health,
MT,2026-04-07,4,Lakeview Clinic,
NE,2026-04-07,3,Downtown Clinic,
NE,2026-04-07,2,Northside Health,seasonal spike expected
NE,2026-04-07,5,Community Care,
CT,2026-04-07,3,Community Care,seasonal spike expected
CT,2026-04-07,4,Lakeview Clinic,seasonal spike expected
CT,2026-04-07,4,Riverstone Medical,
AL,2026-04-07,6,Riverstone Medical,seasonal spike expected
AL,2026-04-07,6,Lakeview Clinic,
AL,2026-04-07,5,Northside Health,
MD,2026-04-07,5,Community Care,telehealth ok
MD,2026-04-07,2,Riverstone Medical,seasonal spike expected
MD,2026-04-07,2,Downtown Clinic,seasonal spike expected
ID,2026-04-07,6,Downtown Clinic,seasonal spike expected
ID,2026-04-07,3,Riverstone Medical,telehealth ok
ID,2026-04-07,3,Community Care,seasonal spike expected
ND,2026-04-07,3,Northside Health,telehealth ok
ND,2026-04-07,4,Lakeview Clinic,
ND,2026-04-07,5,Downtown Clinic,telehealth ok
KS,2026-04-07,6,Northside Health,
KS,2026-04-07,3,Downtown Clinic,telehealth ok
KS,2026-04-07,5,Community Care,seasonal spike expected
VT,2026-04-07,3,Lakeview Clinic,telehealth ok
VT,2026-04-07,2,Downtown Clinic,telehealth ok
VT,2026-04-07,6,Riverstone Medical,
MI,2026-04-07,3,Lakeview Clinic,
MI,2026-04-07,5,Community Care,
MI,2026-04-07,2,Downtown Clinic,seasonal spike expected
NY,2026-04-07,7,Riverstone Medical,telehealth ok
NY,2026-04-07,7,Lakeview Clinic,telehealth ok
NY,2026-04-07,7,Northside Health,
UT,2026-04-07,6,Northside Health,
UT,2026-04-07,2,Lakeview Clinic,seasonal spike expected
UT,2026-04-07,6,Downtown Clinic,seasonal spike expected
TX,2026-04-07,7,Northside Health,seasonal spike expected
TX,2026-04-07,6,Community Care,
TX,2026-04-07,3,Lakeview Clinic,
LA,2026-04-07,6,Northside Health,seasonal spike expected
LA,2026-04-07,5,Riverstone Medical,seasonal spike expected
LA,2026-04-07,6,Downtown Clinic,
WV,2026-04-07,4,Community Care,
WV,2026-04-07,2,Lakeview Clinic,
WV,2026-04-07,3,Northside Health,telehealth ok
NJ,2026-04-07,5,Downtown Clinic,telehealth ok
NJ,2026-04-07,5,Riverstone Medical,
NJ,2026-04-07,2,Lakeview Clinic,telehealth ok
NM,2026-04-07,2,Downtown Clinic,seasonal spike expected
NM,2026-04-07,2,Northside Health,seasonal spike expected
NM,2026-04-07,4,Riverstone Medical,telehealth ok
MN,2026-04-07,5,Community Care,telehealth ok
MN,2026-04-07,3,Lakeview Clinic,telehealth ok
MN,2026-04-07,4,Riverstone Medical,telehealth ok
MS,2026-04-07,4,Northside Health,
MS,2026-04-07,3,Downtown Clinic,
MS,2026-04-07,4,Lakeview Clinic,telehealth ok
VA,2026-04-07,2,Lakeview Clinic,telehealth ok
VA,2026-04-07,5,Riverstone Medical,telehealth ok
VA,2026-04-07,6,Community Care,telehealth ok
AR,2026-04-07,5,Lakeview Clinic,seasonal spike expected
AR,2026-04-07,2,Community Care,seasonal spike expected
AR,2026-04-07,3,Riverstone Medical,
WY,2026-04-08,3,Community Care,telehealth ok
WY,2026-04-08,4,Riverstone Medical,seasonal spike expected
WY,2026-04-08,4,Northside Health,telehealth ok
OR,2026-04-08,2,Northside Health,telehealth ok
OR,2026-04-08,2,Lakeview Clinic,telehealth ok
OR,2026-04-08,6,Riverstone Medical,seasonal spike expected
CA,2026-04-08,3,Riverstone Medical,seasonal spike expected
CA,2026-04-08,4,Lakeview Clinic,seasonal spike expected
CA,2026-04-08,6,Community Care,telehealth ok
GA,2026-04-08,3,Downtown Clinic,seasonal spike expected
GA,2026-04-08,6,Lakeview Clinic,seasonal spike expected
GA,2026-04-08,2,Community Care,telehealth ok
AK,2026-04-08,5,Downtown Clinic,telehealth ok
AK,2026-04-08,5,Riverstone Medical,telehealth ok
AK,2026-04-08,4,Community Care,seasonal spike expected
HI,2026-04-08,5,Community Care,telehealth ok
HI,2026-04-08,5,Northside Health,seasonal spike expected
HI,2026-04-08,2,Lakeview Clinic,
PA,2026-04-08,6,Community Care,
PA,2026-04-08,3,Downtown Clinic,seasonal spike expected
PA,2026-04-08,6,Lakeview Clinic,telehealth ok
AZ,2026-04-08,5,Northside Health,
AZ,2026-04-08,2,Lakeview Clinic,
AZ,2026-04-08,5,Riverstone Medical,seasonal spike expected
RI,2026-04-08,2,Northside Health,telehealth ok
RI,2026-04-08,2,Community Care,seasonal spike expected
RI,2026-04-08,2,Downtown Clinic,
NC,2026-04-08,3,Lakeview Clinic,telehealth ok
NC,2026-04-08,5,Northside Health,seasonal spike expected
NC,2026-04-08,6,Downtown Clinic,seasonal spike expected
TN,2026-04-08,3,Lakeview Clinic,telehealth ok
TN,2026-04-08,2,Riverstone Medical,seasonal spike expected
TN,2026-04-08,4,Northside Health,telehealth ok
IL,2026-04-08,3,Northside Health,
IL,2026-04-08,5,Community Care,seasonal spike expected
IL,2026-04-08,2,Downtown Clinic,
NH,2026-04-08,6,Downtown Clinic,telehealth ok
NH,2026-04-08,6,Riverstone Medical,seasonal spike expected
NH,2026-04-08,4,Northside Health,
FL,2026-04-08,7,Lakeview Clinic,
FL,2026-04-08,3,Riverstone Medical,seasonal spike expected
FL,2026-04-08,4,Northside Health,telehealth ok
MT,2026-04-08,3,Community Care,telehealth ok
MT,2026-04-08,6,Northside Health,seasonal spike expected
MT,2026-04-08,4,Lakeview Clinic,telehealth ok
NE,2026-04-08,2,Northside Health,telehealth ok
NE,2026-04-08,4,Lakeview Clinic,seasonal spike expected
NE,2026-04-08,3,Community Care,
CT,2026-04-08,4,Lakeview Clinic,seasonal spike expected
CT,2026-04-08,2,Downtown Clinic,
CT,2026-04-08,5,Riverstone Medical,seasonal spike expected
AL,2026-04-08,6,Riverstone Medical,seasonal spike expected
AL,2026-04-08,4,Northside Health,seasonal spike expected
AL,2026-04-08,2,Community Care,seasonal spike expected
MD,2026-04-08,6,Downtown Clinic,
MD,2026-04-08,4,Northside Health,
MD,2026-04-08,3,Lakeview Clinic,seasonal spike expected
ID,2026-04-08,3,Community Care,
ID,2026-04-08,4,Lakeview Clinic,
ID,2026-04-08,2,Riverstone Medical,seasonal spike expected
ND,2026-04-08,2,Lakeview Clinic,seasonal spike expected
ND,2026-04-08,2,Community Care,
ND,2026-04-08,2,Downtown Clinic,telehealth ok
KS,2026-04-08,6,Community Care,seasonal spike expected
KS,2026-04-08,4,Riverstone Medical,
KS,2026-04-08,3,Downtown Clinic,
VT,2026-04-08,2,Downtown Clinic,telehealth ok
VT,2026-04-08,6,Lakeview Clinic,
VT,2026-04-08,4,Riverstone Medical,seasonal spike expected
MI,2026-04-08,5,Downtown Clinic,
MI,2026-04-08,3,Riverstone Medical,telehealth ok
MI,2026-04-08,6,Northside Health,
NY,2026-04-08,5,Community Care,telehealth ok
NY,2026-04-08,7,Downtown Clinic,seasonal spike expected
NY,2026-04-08,5,Riverstone Medical,
UT,2026-04-08,4,Northside Health,seasonal spike expected
UT,2026-04-08,3,Community Care,seasonal spike expected
UT,2026-04-08,5,Riverstone Medical,
TX,2026-04-08,4,Community Care,
TX,2026-04-08,4,Northside Health,
TX,2026-04-08,3,Lakeview Clinic,telehealth ok
LA,2026-04-08,2,Lakeview Clinic,telehealth ok
LA,2026-04-08,6,Downtown Clinic,telehealth ok
LA,2026-04-08,5,Community Care,
WV,2026-04-08,2,Northside Health,
WV,2026-04-08,5,Community Care,
WV,2026-04-08,6,Riverstone Medical,telehealth ok
NJ,2026-04-08,4,Riverstone Medical,
NJ,2026-04-08,5,Downtown Clinic,seasonal spike expected
NJ,2026-04-08,6,Community Care,seasonal spike expected
NM,2026-04-08,4,Lakeview Clinic,telehealth ok
NM,2026-04-08,5,Community Care,seasonal spike expected
NM,2026-04-08,4,Riverstone Medical,
MN,2026-04-08,5,Community Care,seasonal spike expected
MN,2026-04-08,5,Downtown Clinic,
MN,2026-04-08,3,Northside Health,telehealth ok
MS,2026-04-08,3,Lakeview Clinic,telehealth ok
MS,2026-04-08,6,Northside Health,telehealth ok
MS,2026-04-08,4,Downtown Clinic,
VA,2026-04-08,6,Downtown Clinic,
VA,2026-04-08,4,Community Care,
VA,2026-04-08,4,Lakeview Clinic,seasonal spike expected
AR,2026-04-08,6,Northside Health,seasonal spike expected
AR,2026-04-08,2,Downtown Clinic,
AR,2026-04-08,6,Riverstone Medical,
WY,2026-04-09,2,Lakeview Clinic,telehealth ok
WY,2026-04-09,4,Riverstone Medical,seasonal spike expected
WY,2026-04-09,6,Downtown Clinic,seasonal spike expected
OR,2026-04-09,5,Northside Health,seasonal spike expected
OR,2026-04-09,3,Lakeview Clinic,telehealth ok
OR,2026-04-09,6,Community Care,
CA,2026-04-09,5,Downtown Clinic,telehealth ok
CA,2026-04-09,7,Lakeview Clinic,seasonal spike expected
CA,2026-04-09,7,Northside Health,
GA,2026-04-09,5,Northside Health,seasonal spike expected
GA,2026-04-09,6,Riverstone Medical,
GA,2026-04-09,5,Community Care,
AK,2026-04-09,6,Downtown Clinic,seasonal spike expected
AK,2026-04-09,3,Riverstone Medical,
AK,2026-04-09,6,Community Care,telehealth ok
HI,2026-04-09,6,Community Care,telehealth ok
HI,2026-04-09,2,Downtown Clinic,telehealth ok
HI,2026-04-09,5,Riverstone Medical,telehealth ok
PA,2026-04-09,6,Lakeview Clinic,
PA,2026-04-09,5,Riverstone Medical,telehealth ok
PA,2026-04-09,3,Community Care,
AZ,2026-04-09,2,Riverstone Medical,
AZ,2026-04-09,4,Downtown Clinic,seasonal spike expected
AZ,2026-04-09,4,Community Care,seasonal spike expected
RI,2026-04-09,4,Community Care,seasonal spike expected
RI,2026-04-09,2,Riverstone Medical,seasonal spike expected
RI,2026-04-09,4,Northside Health,telehealth ok
NC,2026-04-09,4,Lakeview Clinic,telehealth ok
NC,2026-04-09,5,Northside Health,seasonal spike expected
NC,2026-04-09,5,Community Care,telehealth ok
TN,2026-04-09,4,Northside Health,telehealth ok
TN,2026-04-09,6,Lakeview Clinic,telehealth ok
TN,2026-04-09,4,Riverstone Medical,telehealth ok
IL,2026-04-09,3,Community Care,seasonal spike expected
IL,2026-04-09,2,Northside Health,
IL,2026-04-09,4,Riverstone Medical,seasonal spike expected
NH,2026-04-09,2,Lakeview Clinic,seasonal spike expected
NH,2026-04-09,5,Community Care,
NH,2026-04-09,4,Downtown Clinic,
FL,2026-04-09,5,Downtown Clinic,telehealth ok
FL,2026-04-09,4,Northside Health,
FL,2026-04-09,7,Community Care,
MT,2026-04-09,4,Northside Health,telehealth ok
MT,2026-04-09,2,Riverstone Medical,seasonal spike expected
MT,2026-04-09,3,Community Care,telehealth ok
NE,2026-04-09,6,Lakeview Clinic,seasonal spike expected
NE,2026-04-09,2,Riverstone Medical,
NE,2026-04-09,4,Northside Health,seasonal spike expected
CT,2026-04-09,6,Riverstone Medical,
CT,2026-04-09,2,Lakeview Clinic,seasonal spike expected
CT,2026-04-09,2,Northside Health,telehealth ok
AL,2026-04-09,6,Riverstone Medical,seasonal spike expected
AL,2026-04-09,6,Downtown Clinic,telehealth ok
AL,2026-04-09,2,Lakeview Clinic,
MD,2026-04-09,3,Northside Health,seasonal spike expected
MD,2026-04-09,5,Community Care,
MD,2026-04-09,6,Downtown Clinic,
ID,2026-04-09,6,Northside Health,seasonal spike expected
ID,2026-04-09,6,Riverstone Medical,telehealth ok
ID,2026-04-09,6,Downtown Clinic,
ND,2026-04-09,3,Northside Health,telehealth ok
ND,2026-04-09,6,Lakeview Clinic,telehealth ok
ND,2026-04-09,4,Downtown Clinic,
KS,2026-04-09,5,Downtown Clinic,seasonal spike expected
KS,2026-04-09,3,Riverstone Medical,
KS,2026-04-09,4,Northside Health,telehealth ok
VT,2026-04-09,2,Northside Health,telehealth ok
VT,2026-04-09,5,Community Care,telehealth ok
VT,2026-04-09,6,Riverstone Medical,telehealth ok
MI,2026-04-09,5,Community Care,
MI,2026-04-09,2,Northside Health,
MI,2026-04-09,3,Riverstone Medical,
NY,2026-04-09,7,Downtown Clinic,
NY,2026-04-09,5,Lakeview Clinic,seasonal spike expected
NY,2026-04-09,4,Riverstone Medical,
UT,2026-04-09,4,Lakeview Clinic,seasonal spike expected
UT,2026-04-09,5,Community Care,seasonal spike expected
UT,2026-04-09,5,Downtown Clinic,seasonal spike expected
TX,2026-04-09,7,Northside Health,telehealth ok
TX,2026-04-09,3,Community Care,seasonal spike expected
TX,2026-04-09,3,Lakeview Clinic,seasonal spike expected
LA,2026-04-09,4,Community Care,seasonal spike expected
LA,2026-04-09,5,Lakeview Clinic,seasonal spike expected
LA,2026-04-09,6,Northside Health,telehealth ok
WV,2026-04-09,6,Lakeview Clinic,seasonal spike expected
WV,2026-04-09,5,Downtown Clinic,seasonal spike expected
WV,2026-04-09,6,Community Care,telehealth ok
NJ,2026-04-09,4,Northside Health,telehealth ok
NJ,2026-04-09,3,Riverstone Medical,telehealth ok
NJ,2026-04-09,5,Downtown Clinic,seasonal spike expected
NM,2026-04-09,5,Northside Health,
NM,2026-04-09,5,Community Care,seasonal spike expected
NM,2026-04-09,2,Riverstone Medical,telehealth ok
MN,2026-04-09,2,Lakeview Clinic,
MN,2026-04-09,5,Community Care,telehealth ok
MN,2026-04-09,3,Downtown Clinic,seasonal spike expected
MS,2026-04-09,6,Northside Health,
MS,2026-04-09,6,Community Care,telehealth ok
MS,2026-04-09,2,Riverstone Medical,
VA,2026-04-09,6,Community Care,telehealth ok
VA,2026-04-09,5,Riverstone Medical,telehealth ok
VA,2026-04-09,4,Northside Health,seasonal spike expected
AR,2026-04-09,3,Downtown Clinic,seasonal spike expected
AR,2026-04-09,6,Lakeview Clinic,
AR,2026-04-09,3,Northside Health,
WY,2026-04-10,3,Northside Health,telehealth ok
WY,2026-04-10,4,Community Care,
WY,2026-04-10,2,Riverstone Medical,
OR,2026-04-10,6,Community Care,seasonal spike expected
OR,2026-04-10,4,Lakeview Clinic,telehealth ok
OR,2026-04-10,6,Downtown Clinic,seasonal spike expected
CA,2026-04-10,7,Northside Health,telehealth ok
CA,2026-04-10,3,Community Care,
CA,2026-04-10,4,Downtown Clinic,telehealth ok
GA,2026-04-10,5,Riverstone Medical,seasonal spike expected
GA,2026-04-10,6,Lakeview Clinic,
GA,2026-04-10,3,Community Care,
AK,2026-04-10,6,Downtown Clinic,
AK,2026-04-10,4,Community Care,
AK,2026-04-10,4,Lakeview Clinic,
HI,2026-04-10,5,Downtown Clinic,seasonal spike expected
HI,2026-04-10,5,Community Care,seasonal spike expected
HI,2026-04-10,3,Riverstone Medical,seasonal spike expected
PA,2026-04-10,5,Lakeview Clinic,
PA,2026-04-10,3,Northside Health,
PA,2026-04-10,6,Community Care,seasonal spike expected
AZ,2026-04-10,5,Northside Health,seasonal spike expected
AZ,2026-04-10,4,Riverstone Medical,
AZ,2026-04-10,4,Community Care,seasonal spike expected
RI,2026-04-10,2,Community Care,telehealth ok
RI,2026-04-10,6,Lakeview Clinic,seasonal spike expected
RI,2026-04-10,3,Northside Health,
NC,2026-04-10,2,Lakeview Clinic,
NC,2026-04-10,4,Riverstone Medical,telehealth ok
NC,2026-04-10,4,Downtown Clinic,seasonal spike expected
TN,2026-04-10,6,Community Care,
TN,2026-04-10,3,Downtown Clinic,telehealth ok
TN,2026-04-10,4,Riverstone Medical,seasonal spike expected
IL,2026-04-10,2,Community Care,telehealth ok
IL,2026-04-10,5,Downtown Clinic,telehealth ok
IL,2026-04-10,6,Lakeview Clinic,
NH,2026-04-10,2,Downtown Clinic,seasonal spike expected
NH,2026-04-10,2,Lakeview Clinic,
NH,2026-04-10,4,Riverstone Medical,seasonal spike expected
FL,2026-04-10,5,Downtown Clinic,telehealth ok
FL,2026-04-10,4,Northside Health,telehealth ok
FL,2026-04-10,5,Riverstone Medical,seasonal spike expected
MT,2026-04-10,2,Downtown Clinic,
MT,2026-04-10,2,Community Care,telehealth ok
MT,2026-04-10,6,Lakeview Clinic,telehealth ok
NE,2026-04-10,2,Downtown Clinic,telehealth ok
NE,2026-04-10,4,Riverstone Medical,seasonal spike expected
NE,2026-04-10,2,Community Care,
CT,2026-04-10,5,Northside Health,telehealth ok
CT,2026-04-10,3,Community Care,seasonal spike expected
CT,2026-04-10,6,Riverstone Medical,
AL,2026-04-10,4,Riverstone Medical,
AL,2026-04-10,3,Northside Health,
AL,2026-04-10,5,Downtown Clinic,seasonal spike expected
MD,2026-04-10,3,Lakeview Clinic,seasonal spike expected
MD,2026-04-10,6,Northside Health,seasonal spike expected
MD,2026-04-10,5,Riverstone Medical,
ID,2026-04-10,3,Northside Health,
ID,2026-04-10,5,Lakeview Clinic,
ID,2026-04-10,6,Community Care,telehealth ok
ND,2026-04-10,4,Downtown Clinic,
ND,2026-04-10,4,Lakeview Clinic,telehealth ok
ND,2026-04-10,5,Riverstone Medical,telehealth ok
KS,2026-04-10,3,Community Care,
KS,2026-04-10,3,Riverstone Medical,telehealth ok
KS,2026-04-10,2,Northside Health,telehealth ok
VT,2026-04-10,6,Downtown Clinic,seasonal spike expected
VT,2026-04-10,5,Lakeview Clinic,seasonal spike expected
VT,2026-04-10,4,Community Care,telehealth ok
MI,2026-04-10,3,Northside Health,seasonal spike expected
MI,2026-04-10,5,Lakeview Clinic,seasonal spike expected
MI,2026-04-10,6,Downtown Clinic,telehealth ok
NY,2026-04-10,7,Lakeview Clinic,telehealth ok
NY,2026-04-10,6,Downtown Clinic,seasonal spike expected
NY,2026-04-10,4,Community Care,seasonal spike expected
UT,2026-04-10,3,Lakeview Clinic,
UT,2026-04-10,5,Community Care,telehealth ok
UT,2026-04-10,5,Riverstone Medical,seasonal spike expected
TX,2026-04-10,4,Riverstone Medical,
TX,2026-04-10,7,Lakeview Clinic,seasonal spike expected
TX,2026-04-10,6,Downtown Clinic,
LA,2026-04-10,5,Northside Health,
LA,2026-04-10,5,Downtown Clinic,telehealth ok
LA,2026-04-10,4,Community Care,seasonal spike expected
WV,2026-04-10,5,Northside Health,telehealth ok
WV,2026-04-10,5,Riverstone Medical,
WV,2026-04-10,3,Lakeview Clinic,
NJ,2026-04-10,6,Downtown Clinic,telehealth ok
NJ,2026-04-10,2,Community Care,telehealth ok
NJ,2026-04-10,3,Northside Health,
NM,2026-04-10,2,Downtown Clinic,telehealth ok
NM,2026-04-10,5,Riverstone Medical,telehealth ok
NM,2026-04-10,4,Community Care,seasonal spike expected
MN,2026-04-10,4,Community Care,seasonal spike expected
MN,2026-04-10,6,Northside Health,telehealth ok
MN,2026-04-10,5,Riverstone Medical,
MS,2026-04-10,2,Northside Health,
MS,2026-04-10,5,Riverstone Medical,telehealth ok
MS,2026-04-10,5,Community Care,
VA,2026-04-10,5,Downtown Clinic,telehealth ok
VA,2026-04-10,4,Riverstone Medical,telehealth ok
VA,2026-04-10,2,Community Care,
AR,2026-04-10,6,Northside Health,telehealth ok
AR,2026-04-10,5,Downtown Clinic,seasonal spike expected
AR,2026-04-10,2,Riverstone Medical,
WY,2026-04-11,1,Downtown Clinic,
WY,2026-04-11,2,Community Care,seasonal spike expected
WY,2026-04-11,3,Lakeview Clinic,seasonal spike expected
OR,2026-04-11,4,Community Care,
OR,2026-04-11,2,Riverstone Medical,
OR,2026-04-11,1,Downtown Clinic,seasonal spike expected
CA,2026-04-11,5,Community Care,
CA,2026-04-11,6,Downtown Clinic,telehealth ok
CA,2026-04-11,6,Lakeview Clinic,seasonal spike expected
GA,2026-04-11,3,Community Care,
GA,2026-04-11,4,Lakeview Clinic,
GA,2026-04-11,4,Northside Health,
AK,2026-04-11,1,Downtown Clinic,telehealth ok
AK,2026-04-11,3,Northside Health,telehealth ok
AK,2026-04-11,1,Community Care,seasonal spike expected
HI,2026-04-11,2,Lakeview Clinic,telehealth ok
HI,2026-04-11,1,Downtown Clinic,seasonal spike expected
HI,2026-04-11,3,Riverstone Medical,telehealth ok
PA,2026-04-11,5,Northside Health,telehealth ok
PA,2026-04-11,5,Riverstone Medical,seasonal spike expected
PA,2026-04-11,1,Lakeview Clinic,seasonal spike expected
AZ,2026-04-11,1,Downtown Clinic,seasonal spike expected
AZ,2026-04-11,2,Northside Health,telehealth ok
AZ,2026-04-11,2,Community Care,
RI,2026-04-11,4,Northside Health,telehealth ok
RI,2026-04-11,2,Community Care,telehealth ok
RI,2026-04-11,4,Riverstone Medical,seasonal spike expected
NC,2026-04-11,2,Northside Health,telehealth ok
NC,2026-04-11,1,Downtown Clinic,telehealth ok
NC,2026-04-11,2,Community Care,
TN,2026-04-11,5,Downtown Clinic,telehealth ok
TN,2026-04-11,5,Lakeview Clinic,telehealth ok
TN,2026-04-11,5,Community Care,telehealth ok
IL,2026-04-11,1,Community Care,telehealth ok
IL,2026-04-11,4,Riverstone Medical,seasonal spike expected
IL,2026-04-11,2,Northside Health,
NH,2026-04-11,3,Downtown Clinic,
NH,2026-04-11,1,Northside Health,
NH,2026-04-11,4,Lakeview Clinic,
FL,2026-04-11,3,Northside Health,seasonal spike expected
FL,2026-04-11,2,Riverstone Medical,seasonal spike expected
FL,2026-04-11,5,Community Care,
MT,2026-04-11,4,Riverstone Medical,seasonal spike expected
MT,2026-04-11,1,Northside Health,seasonal spike expected
MT,2026-04-11,2,Community Care,seasonal spike expected
NE,2026-04-11,2,Lakeview Clinic,seasonal spike expected
NE,2026-04-11,3,Community Care,seasonal spike expected
NE,2026-04-11,5,Downtown Clinic,seasonal spike expected
CT,2026-04-11,2,Northside Health,
CT,2026-04-11,2,Community Care,telehealth ok
CT,2026-04-11,2,Lakeview Clinic,telehealth ok
AL,2026-04-11,3,Lakeview Clinic,
AL,2026-04-11,1,Riverstone Medical,
AL,2026-04-11,5,Northside Health,
MD,2026-04-11,3,Lakeview Clinic,telehealth ok
MD,2026-04-11,5,Northside Health,seasonal spike expected
MD,2026-04-11,3,Riverstone Medical,
ID,2026-04-11,5,Lakeview Clinic,seasonal spike expected
ID,2026-04-11,3,Community Care,telehealth ok
ID,2026-04-11,3,Northside Health,
ND,2026-04-11,1,Riverstone Medical,telehealth ok
ND,2026-04-11,2,Lakeview Clinic,telehealth ok
ND,2026-04-11,3,Northside Health,
KS,2026-04-11,5,Northside Health,telehealth ok
KS,2026-04-11,1,Community Care,
KS,2026-04-11,5,Lakeview Clinic,seasonal spike expected
VT,2026-04-11,1,Downtown Clinic,
VT,2026-04-11,3,Community Care,
VT,2026-04-11,4,Lakeview Clinic,seasonal spike expected
MI,2026-04-11,3,Lakeview Clinic,
MI,2026-04-11,1,Community Care,seasonal spike expected
MI,2026-04-11,1,Northside Health,
NY,2026-04-11,6,Downtown Clinic,seasonal spike expected
NY,2026-04-11,2,Lakeview Clinic,telehealth ok
NY,2026-04-11,3,Community Care,telehealth ok
UT,2026-04-11,5,Community Care,telehealth ok
UT,2026-04-11,4,Northside Health,
UT,2026-04-11,3,Downtown Clinic,telehealth ok
TX,2026-04-11,6,Downtown Clinic,telehealth ok
TX,2026-04-11,3,Community Care,seasonal spike expected
TX,2026-04-11,2,Lakeview Clinic,
LA,2026-04-11,4,Riverstone Medical,telehealth ok
LA,2026-04-11,4,Lakeview Clinic,seasonal spike expected
LA,2026-04-11,3,Downtown Clinic,seasonal spike expected
WV,2026-04-11,3,Riverstone Medical,seasonal spike expected
WV,2026-04-11,3,Downtown Clinic,telehealth ok
WV,2026-04-11,2,Lakeview Clinic,telehealth ok
NJ,2026-04-11,2,Lakeview Clinic,
NJ,2026-04-11,2,Downtown Clinic,seasonal spike expected
NJ,2026-04-11,1,Riverstone Medical,
NM,2026-04-11,3,Community Care,
NM,2026-04-11,1,Northside Health,seasonal spike expected
NM,2026-04-11,2,Lakeview Clinic,seasonal spike expected
MN,2026-04-11,2,Downtown Clinic,seasonal spike expected
MN,2026-04-11,3,Northside Health,telehealth ok
MN,2026-04-11,1,Community Care,seasonal spike expected
MS,2026-04-11,5,Riverstone Medical,telehealth ok
MS,2026-04-11,3,Downtown Clinic,seasonal spike expected
MS,2026-04-11,1,Northside Health,
VA,2026-04-11,4,Riverstone Medical,telehealth ok
VA,2026-04-11,3,Community Care,
VA,2026-04-11,4,Downtown Clinic,
AR,2026-04-11,3,Community Care,
AR,2026-04-11,4,Riverstone Medical,telehealth ok
AR,2026-04-11,3,Downtown Clinic,seasonal spike expected
WY,2026-04-12,3,Northside Health,seasonal spike expected
WY,2026-04-12,4,Lakeview Clinic,seasonal spike expected
WY,2026-04-12,4,Community Care,
OR,2026-04-12,3,Community Care,telehealth ok
OR,2026-04-12,1,Riverstone Medical,telehealth ok
OR,2026-04-12,2,Downtown Clinic,seasonal spike expected
CA,2026-04-12,6,Community Care,
CA,2026-04-12,5,Northside Health,telehealth ok
CA,2026-04-12,5,Lakeview Clinic,telehealth ok
GA,2026-04-12,3,Riverstone Medical,seasonal spike expected
GA,2026-04-12,5,Northside Health,seasonal spike expected
GA,2026-04-12,4,Downtown Clinic,telehealth ok
AK,2026-04-12,5,Downtown Clinic,
AK,2026-04-12,2,Riverstone Medical,telehealth ok
AK,2026-04-12,3,Community Care,
HI,2026-04-12,4,Community Care,telehealth ok
HI,2026-04-12,2,Lakeview Clinic,seasonal spike expected
HI,2026-04-12,5,Downtown Clinic,seasonal spike expected
PA,2026-04-12,2,Northside Health,telehealth ok
PA,2026-04-12,4,Riverstone Medical,
PA,2026-04-12,1,Downtown Clinic,
AZ,2026-04-12,5,Riverstone Medical,seasonal spike expected
AZ,2026-04-12,5,Northside Health,telehealth ok
AZ,2026-04-12,3,Downtown Clinic,telehealth ok
RI,2026-04-12,5,Community Care,seasonal spike expected
RI,2026-04-12,3,Northside Health,
RI,2026-04-12,4,Downtown Clinic,seasonal spike expected
NC,2026-04-12,3,Riverstone Medical,
NC,2026-04-12,1,Community Care,seasonal spike expected
NC,2026-04-12,3,Northside Health,
TN,2026-04-12,1,Northside Health,seasonal spike expected
TN,2026-04-12,2,Lakeview Clinic,telehealth ok
TN,2026-04-12,1,Downtown Clinic,
IL,2026-04-12,5,Downtown Clinic,seasonal spike expected
IL,2026-04-12,2,Lakeview Clinic,
IL,2026-04-12,5,Community Care,seasonal spike expected
NH,2026-04-12,3,Northside Health,seasonal spike expected
NH,2026-04-12,3,Lakeview Clinic,seasonal spike expected
NH,2026-04-12,2,Downtown Clinic,seasonal spike expected
FL,2026-04-12,3,Community Care,
FL,2026-04-12,3,Lakeview Clinic,telehealth ok
FL,2026-04-12,3,Downtown Clinic,seasonal spike expected
MT,2026-04-12,3,Community Care,
MT,2026-04-12,4,Downtown Clinic,seasonal spike expected
MT,2026-04-12,4,Lakeview Clinic,seasonal spike expected
NE,2026-04-12,2,Northside Health,seasonal spike expected
NE,2026-04-12,3,Community Care,seasonal spike expected
NE,2026-04-12,4,Downtown Clinic,telehealth ok
CT,2026-04-12,4,Northside Health,seasonal spike expected
CT,2026-04-12,5,Community Care,telehealth ok
CT,2026-04-12,1,Lakeview Clinic,seasonal spike expected
AL,2026-04-12,4,Northside Health,seasonal spike expected
AL,2026-04-12,4,Downtown Clinic,
AL,2026-04-12,2,Lakeview Clinic,telehealth ok
MD,2026-04-12,2,Downtown Clinic,seasonal spike expected
MD,2026-04-12,3,Lakeview Clinic,telehealth ok
MD,2026-04-12,1,Community Care,seasonal spike expected
ID,2026-04-12,1,Northside Health,seasonal spike expected
ID,2026-04-12,5,Downtown Clinic,telehealth ok
ID,2026-04-12,1,Riverstone Medical,
ND,2026-04-12,2,Community Care,telehealth ok
ND,2026-04-12,3,Downtown Clinic,
ND,2026-04-12,4,Riverstone Medical,seasonal spike expected
KS,2026-04-12,1,Lakeview Clinic,seasonal spike expected
KS,2026-04-12,2,Riverstone Medical,seasonal spike expected
KS,2026-04-12,1,Community Care,seasonal spike expected
VT,2026-04-12,1,Riverstone Medical,telehealth ok
VT,2026-04-12,4,Northside Health,seasonal spike expected
VT,2026-04-12,3,Downtown Clinic,
MI,2026-04-12,4,Northside Health,telehealth ok
MI,2026-04-12,5,Community Care,seasonal spike expected
MI,2026-04-12,2,Downtown Clinic,
NY,2026-04-12,2,Riverstone Medical,seasonal spike expected
NY,2026-04-12,4,Northside Health,seasonal spike expected
NY,2026-04-12,5,Lakeview Clinic,
UT,2026-04-12,5,Downtown Clinic,
UT,2026-04-12,1,Northside Health,telehealth ok
UT,2026-04-12,2,Lakeview Clinic,seasonal spike expected
TX,2026-04-12,5,Riverstone Medical,telehealth ok
TX,2026-04-12,4,Northside Health,telehealth ok
TX,2026-04-12,3,Community Care,telehealth ok
LA,2026-04-12,5,Northside Health,seasonal spike expected
LA,2026-04-12,2,Lakeview Clinic,telehealth ok
LA,2026-04-12,3,Community Care,telehealth ok
WV,2026-04-12,5,Riverstone Medical,telehealth ok
WV,2026-04-12,2,Lakeview Clinic,
WV,2026-04-12,4,Northside Health,telehealth ok
NJ,2026-04-12,2,Downtown Clinic,telehealth ok
NJ,2026-04-12,2,Community Care,seasonal spike expected
NJ,2026-04-12,3,Lakeview Clinic,seasonal spike expected
NM,2026-04-12,1,Riverstone Medical,telehealth ok
NM,2026-04-12,3,Downtown Clinic,
NM,2026-04-12,3,Lakeview Clinic,
MN,2026-04-12,3,Downtown Clinic,telehealth ok
MN,2026-04-12,3,Community Care,
MN,2026-04-12,1,Riverstone Medical,seasonal spike expected
MS,2026-04-12,3,Riverstone Medical,
MS,2026-04-12,5,Lakeview Clinic,seasonal spike expected
MS,2026-04-12,4,Downtown Clinic,seasonal spike expected
VA,2026-04-12,1,Community Care,seasonal spike expected
VA,2026-04-12,1,Riverstone Medical,
VA,2026-04-12,5,Northside Health,
AR,2026-04-12,2,Community Care,
AR,2026-04-12,5,Lakeview Clinic,seasonal spike expected
AR,2026-04-12,2,Downtown Clinic,
WY,2026-04-13,2,Community Care,
WY,2026-04-13,6,Downtown Clinic,seasonal spike expected
WY,2026-04-13,4,Riverstone Medical,telehealth ok
OR,2026-04-13,4,Riverstone Medical,
OR,2026-04-13,6,Downtown Clinic,
OR,2026-04-13,6,Community Care,telehealth ok
CA,2026-04-13,5,Lakeview Clinic,
CA,2026-04-13,7,Riverstone Medical,
CA,2026-04-13,7,Downtown Clinic,seasonal spike expected
GA,2026-04-13,4,Northside Health,telehealth ok
GA,2026-04-13,3,Riverstone Medical,telehealth ok
GA,2026-04-13,4,Lakeview Clinic,
AK,2026-04-13,4,Community Care,seasonal spike expected
AK,2026-04-13,2,Downtown Clinic,telehealth ok
AK,2026-04-13,3,Northside Health,telehealth ok
HI,2026-04-13,4,Riverstone Medical,
HI,2026-04-13,4,Lakeview Clinic,telehealth ok
HI,2026-04-13,2,Northside Health,telehealth ok
PA,2026-04-13,4,Riverstone Medical,
PA,2026-04-13,5,Lakeview Clinic,seasonal spike expected
PA,2026-04-13,6,Northside Health,seasonal spike expected
AZ,2026-04-13,4,Riverstone Medical,
AZ,2026-04-13,2,Northside Health,seasonal spike expected
AZ,2026-04-13,2,Downtown Clinic,telehealth ok
RI,2026-04-13,2,Riverstone Medical,seasonal spike expected
RI,2026-04-13,6,Northside Health,seasonal spike expected
RI,2026-04-13,6,Community Care,seasonal spike expected
NC,2026-04-13,2,Lakeview Clinic,seasonal spike expected
NC,2026-04-13,3,Community Care,telehealth ok
NC,2026-04-13,6,Downtown Clinic,telehealth ok
TN,2026-04-13,2,Community Care,telehealth ok
TN,2026-04-13,2,Northside Health,telehealth ok
TN,2026-04-13,6,Riverstone Medical,seasonal spike expected
IL,2026-04-13,4,Northside Health,
IL,2026-04-13,5,Community Care,seasonal spike expected
IL,2026-04-13,6,Lakeview Clinic,telehealth ok
NH,2026-04-13,2,Riverstone Medical,telehealth ok
NH,2026-04-13,6,Lakeview Clinic,telehealth ok
NH,2026-04-13,6,Downtown Clinic,seasonal spike expected
FL,2026-04-13,3,Lakeview Clinic,seasonal spike expected
FL,2026-04-13,4,Northside Health,
FL,2026-04-13,4,Downtown Clinic,telehealth ok
MT,2026-04-13,5,Lakeview Clinic,
MT,2026-04-13,2,Community Care,telehealth ok
MT,2026-04-13,2,Riverstone Medical,telehealth ok
NE,2026-04-13,4,Lakeview Clinic,telehealth ok
NE,2026-04-13,6,Northside Health,seasonal spike expected
NE,2026-04-13,3,Community Care,telehealth ok
CT,2026-04-13,5,Lakeview Clinic,telehealth ok
CT,2026-04-13,5,Downtown Clinic,seasonal spike expected
CT,2026-04-13,5,Northside Health,telehealth ok
AL,2026-04-13,2,Riverstone Medical,telehealth ok
AL,2026-04-13,6,Northside Health,seasonal spike expected
AL,2026-04-13,3,Lakeview Clinic,telehealth ok
MD,2026-04-13,4,Riverstone Medical,
MD,2026-04-13,5,Northside Health,telehealth ok
MD,2026-04-13,6,Lakeview Clinic,seasonal spike expected
ID,2026-04-13,4,Community Care,seasonal spike expected
ID,2026-04-13,4,Lakeview Clinic,
ID,2026-04-13,2,Downtown Clinic,
ND,2026-04-13,3,Riverstone Medical,seasonal spike expected
ND,2026-04-13,3,Downtown Clinic,telehealth ok
ND,2026-04-13,2,Northside Health,telehealth ok
KS,2026-04-13,6,Lakeview Clinic,seasonal spike expected
KS,2026-04-13,3,Community Care,telehealth ok
KS,2026-04-13,2,Downtown Clinic,seasonal spike expected
VT,2026-04-13,6,Downtown Clinic,telehealth ok
VT,2026-04-13,6,Lakeview Clinic,telehealth ok
VT,2026-04-13,2,Community Care,
MI,2026-04-13,2,Downtown Clinic,seasonal spike expected
MI,2026-04-13,3,Lakeview Clinic,
MI,2026-04-13,3,Riverstone Medical,telehealth ok
NY,2026-04-13,6,Community Care,
NY,2026-04-13,4,Northside Health,
NY,2026-04-13,6,Riverstone Medical,seasonal spike expected
UT,2026-04-13,4,Downtown Clinic,seasonal spike expected
UT,2026-04-13,4,Lakeview Clinic,telehealth ok
UT,2026-04-13,2,Riverstone Medical,seasonal spike expected
TX,2026-04-13,4,Northside Health,seasonal spike expected
TX,2026-04-13,6,Riverstone Medical,seasonal spike expected
TX,2026-04-13,5,Lakeview Clinic,seasonal spike expected
LA,2026-04-13,5,Lakeview Clinic,seasonal spike expected
LA,2026-04-13,2,Community Care,
LA,2026-04-13,5,Downtown Clinic,seasonal spike expected
WV,2026-04-13,6,Community Care,seasonal spike expected
WV,2026-04-13,2,Lakeview Clinic,
WV,2026-04-13,4,Downtown Clinic,
NJ,2026-04-13,6,Northside Health,seasonal spike expected
NJ,2026-04-13,6,Downtown Clinic,
NJ,2026-04-13,5,Community Care,seasonal spike expected
NM,2026-04-13,6,Riverstone Medical,telehealth ok
NM,2026-04-13,2,Community Care,seasonal spike expected
NM,2026-04-13,5,Lakeview Clinic,telehealth ok
MN,2026-04-13,2,Riverstone Medical,
MN,2026-04-13,4,Downtown Clinic,telehealth ok
MN,2026-04-13,5,Community Care,
MS,2026-04-13,4,Downtown Clinic,seasonal spike expected
MS,2026-04-13,6,Riverstone Medical,telehealth ok
MS,2026-04-13,6,Northside Health,seasonal spike expected
VA,2026-04-13,4,Downtown Clinic,seasonal spike expected
VA,2026-04-13,3,Northside Health,
VA,2026-04-13,5,Community Care,seasonal spike expected
AR,2026-04-13,2,Lakeview Clinic,telehealth ok
AR,2026-04-13,2,Downtown Clinic,telehealth ok
AR,2026-04-13,2,Northside Health,
WY,2026-04-14,5,Riverstone Medical,seasonal spike expected
WY,2026-04-14,6,Lakeview Clinic,
WY,2026-04-14,3,Northside Health,telehealth ok
OR,2026-04-14,5,Northside Health,telehealth ok
OR,2026-04-14,6,Riverstone Medical,
OR,2026-04-14,6,Community Care,telehealth ok
CA,2026-04-14,5,Community Care,telehealth ok
CA,2026-04-14,4,Downtown Clinic,telehealth ok
CA,2026-04-14,7,Riverstone Medical,seasonal spike expected
GA,2026-04-14,4,Lakeview Clinic,telehealth ok
GA,2026-04-14,2,Community Care,seasonal spike expected
GA,2026-04-14,3,Downtown Clinic,seasonal spike expected
AK,2026-04-14,5,Community Care,seasonal spike expected
AK,2026-04-14,6,Lakeview Clinic,seasonal spike expected
AK,2026-04-14,6,Downtown Clinic,
HI,2026-04-14,4,Lakeview Clinic,telehealth ok
HI,2026-04-14,6,Downtown Clinic,
HI,2026-04-14,3,Northside Health,
PA,2026-04-14,3,Lakeview Clinic,seasonal spike expected
PA,2026-04-14,6,Downtown Clinic,
PA,2026-04-14,4,Community Care,seasonal spike expected
AZ,2026-04-14,5,Lakeview Clinic,telehealth ok
AZ,2026-04-14,5,Northside Health,telehealth ok
AZ,2026-04-14,5,Riverstone Medical,seasonal spike expected
RI,2026-04-14,5,Northside Health,seasonal spike expected
RI,2026-04-14,5,Community Care,telehealth ok
RI,2026-04-14,2,Riverstone Medical,seasonal spike expected
NC,2026-04-14,2,Riverstone Medical,telehealth ok
NC,2026-04-14,5,Downtown Clinic,seasonal spike expected
NC,2026-04-14,2,Lakeview Clinic,
TN,2026-04-14,2,Northside Health,
TN,2026-04-14,6,Lakeview Clinic,seasonal spike expected
TN,2026-04-14,4,Riverstone Medical,
IL,2026-04-14,3,Downtown Clinic,seasonal spike expected
IL,2026-04-14,5,Riverstone Medical,seasonal spike expected
IL,2026-04-14,6,Northside Health,telehealth ok
NH,2026-04-14,5,Lakeview Clinic,seasonal spike expected
NH,2026-04-14,5,Community Care,seasonal spike expected
NH,2026-04-14,3,Downtown Clinic,telehealth ok
FL,2026-04-14,3,Northside Health,telehealth ok
FL,2026-04-14,6,Lakeview Clinic,seasonal spike expected
FL,2026-04-14,5,Riverstone Medical,
MT,2026-04-14,6,Riverstone Medical,
MT,2026-04-14,5,Lakeview Clinic,seasonal spike expected
MT,2026-04-14,5,Downtown Clinic,seasonal spike expected
NE,2026-04-14,4,Lakeview Clinic,telehealth ok
NE,2026-04-14,4,Community Care,seasonal spike expected
NE,2026-04-14,3,Riverstone Medical,
CT,2026-04-14,5,Lakeview Clinic,seasonal spike expected
CT,2026-04-14,2,Downtown Clinic,seasonal spike expected
CT,2026-04-14,3,Northside Health,telehealth ok
AL,2026-04-14,4,Lakeview Clinic,
AL,2026-04-14,5,Community Care,
AL,2026-04-14,5,Downtown Clinic,
MD,2026-04-14,6,Northside Health,seasonal spike expected
MD,2026-04-14,5,Community Care,telehealth ok
MD,2026-04-14,4,Riverstone Medical,
ID,2026-04-14,3,Downtown Clinic,seasonal spike expected
ID,2026-04-14,2,Northside Health,telehealth ok
ID,2026-04-14,4,Riverstone Medical,
ND,2026-04-14,3,Northside Health,telehealth ok
ND,2026-04-14,5,Downtown Clinic,
ND,2026-04-14,3,Riverstone Medical,seasonal spike expected
KS,2026-04-14,4,Lakeview Clinic,seasonal spike expected
KS,2026-04-14,5,Community Care,
KS,2026-04-14,4,Riverstone Medical,telehealth ok
VT,2026-04-14,6,Community Care,telehealth ok
VT,2026-04-14,4,Northside Health,
VT,2026-04-14,4,Downtown Clinic,seasonal spike expected
MI,2026-04-14,4,Riverstone Medical,
MI,2026-04-14,6,Lakeview Clinic,
MI,2026-04-14,2,Northside Health,telehealth ok
NY,2026-04-14,6,Community Care,telehealth ok
NY,2026-04-14,3,Riverstone Medical,
NY,2026-04-14,6,Northside Health,telehealth ok
UT,2026-04-14,2,Riverstone Medical,
UT,2026-04-14,2,Northside Health,telehealth ok
UT,2026-04-14,2,Lakeview Clinic,seasonal spike expected
TX,2026-04-14,7,Riverstone Medical,seasonal spike expected
TX,2026-04-14,7,Downtown Clinic,
TX,2026-04-14,6,Community Care,
LA,2026-04-14,4,Lakeview Clinic,seasonal spike expected
LA,2026-04-14,5,Downtown Clinic,telehealth ok
LA,2026-04-14,5,Northside Health,
WV,2026-04-14,6,Northside Health,telehealth ok
WV,2026-04-14,6,Downtown Clinic,telehealth ok
WV,2026-04-14,2,Community Care,seasonal spike expected
NJ,2026-04-14,3,Downtown Clinic,
NJ,2026-04-14,3,Riverstone Medical,telehealth ok
NJ,2026-04-14,2,Northside Health,telehealth ok
NM,2026-04-14,3,Downtown Clinic,telehealth ok
NM,2026-04-14,2,Riverstone Medical,
NM,2026-04-14,6,Community Care,seasonal spike expected
MN,2026-04-14,4,Riverstone Medical,telehealth ok
MN,2026-04-14,3,Northside Health,
MN,2026-04-14,3,Community Care,telehealth ok
MS,2026-04-14,4,Lakeview Clinic,
MS,2026-04-14,2,Northside Health,seasonal spike expected
MS,2026-04-14,4,Community Care,seasonal spike expected
VA,2026-04-14,5,Downtown Clinic,seasonal spike expected
VA,2026-04-14,4,Community Care,telehealth ok
VA,2026-04-14,6,Riverstone Medical,seasonal spike expected
AR,2026-04-14,5,Downtown Clinic,
AR,2026-04-14,3,Community Care,telehealth ok
AR,2026-04-14,2,Riverstone Medical,
WY,2026-04-15,3,Riverstone Medical,seasonal spike expected
WY,2026-04-15,3,Downtown Clinic,
WY,2026-04-15,4,Lakeview Clinic,seasonal spike expected
OR,2026-04-15,4,Northside Health,telehealth ok
OR,2026-04-15,6,Community Care,
OR,2026-04-15,3,Riverstone Medical,
CA,2026-04-15,3,Community Care,
CA,2026-04-15,5,Downtown Clinic,seasonal spike expected
CA,2026-04-15,6,Riverstone Medical,seasonal spike expected
GA,2026-04-15,4,Downtown Clinic,
GA,2026-04-15,2,Northside Health,telehealth ok
GA,2026-04-15,4,Lakeview Clinic,telehealth ok
AK,2026-04-15,4,Northside Health,
AK,2026-04-15,4,Downtown Clinic,telehealth ok
AK,2026-04-15,6,Community Care,telehealth ok
HI,2026-04-15,3,Northside Health,
HI,2026-04-15,5,Riverstone Medical,telehealth ok
HI,2026-04-15,2,Community Care,
PA,2026-04-15,3,Downtown Clinic,seasonal spike expected
PA,2026-04-15,3,Community Care,seasonal spike expected
PA,2026-04-15,2,Northside Health,
AZ,2026-04-15,3,Lakeview Clinic,
AZ,2026-04-15,3,Community Care,seasonal spike expected
AZ,2026-04-15,5,Riverstone Medical,
RI,2026-04-15,2,Riverstone Medical,
RI,2026-04-15,2,Downtown Clinic,seasonal spike expected
RI,2026-04-15,3,Community Care,seasonal spike expected
NC,2026-04-15,2,Lakeview Clinic,seasonal spike expected
NC,2026-04-15,4,Northside Health,seasonal spike expected
NC,2026-04-15,3,Downtown Clinic,
TN,2026-04-15,4,Downtown Clinic,seasonal spike expected
TN,2026-04-15,3,Lakeview Clinic,seasonal spike expected
TN,2026-04-15,3,Riverstone Medical,telehealth ok
IL,2026-04-15,6,Riverstone Medical,telehealth ok
IL,2026-04-15,4,Northside Health,seasonal spike expected
IL,2026-04-15,6,Downtown Clinic,
NH,2026-04-15,2,Downtown Clinic,seasonal spike expected
NH,2026-04-15,2,Riverstone Medical,seasonal spike expected
NH,2026-04-15,5,Community Care,telehealth ok
FL,2026-04-15,6,Community Care,
FL,2026-04-15,6,Downtown Clinic,seasonal spike expected
FL,2026-04-15,5,Northside Health,seasonal spike expected
MT,2026-04-15,6,Riverstone Medical,seasonal spike expected
MT,2026-04-15,6,Northside Health,seasonal spike expected
MT,2026-04-15,5,Downtown Clinic,seasonal spike expected
NE,2026-04-15,4,Riverstone Medical,seasonal spike expected
NE,2026-04-15,2,Community Care,
NE,2026-04-15,5,Northside Health,seasonal spike expected
CT,2026-04-15,2,Lakeview Clinic,telehealth ok
CT,2026-04-15,2,Northside Health,telehealth ok
CT,2026-04-15,5,Riverstone Medical,
AL,2026-04-15,2,Community Care,seasonal spike expected
AL,2026-04-15,5,Downtown Clinic,seasonal spike expected
AL,2026-04-15,5,Riverstone Medical,seasonal spike expected
MD,2026-04-15,3,Downtown Clinic,telehealth ok
MD,2026-04-15,4,Northside Health,
MD,2026-04-15,6,Riverstone Medical,telehealth ok
ID,2026-04-15,5,Downtown Clinic,telehealth ok
ID,2026-04-15,4,Lakeview Clinic,
ID,2026-04-15,5,Northside Health,telehealth ok
ND,2026-04-15,6,Riverstone Medical,telehealth ok
ND,2026-04-15,5,Northside Health,telehealth ok
ND,2026-04-15,4,Downtown Clinic,seasonal spike expected
KS,2026-04-15,2,Northside Health,seasonal spike expected
KS,2026-04-15,6,Lakeview Clinic,seasonal spike expected
KS,2026-04-15,4,Community Care,telehealth ok
VT,2026-04-15,5,Downtown Clinic,telehealth ok
VT,2026-04-15,5,Lakeview Clinic,
VT,2026-04-15,6,Riverstone Medical,telehealth ok
MI,2026-04-15,2,Lakeview Clinic,
MI,2026-04-15,5,Northside Health,telehealth ok
MI,2026-04-15,4,Community Care,
NY,2026-04-15,6,Lakeview Clinic,seasonal spike expected
NY,2026-04-15,5,Northside Health,
NY,2026-04-15,3,Riverstone Medical,
UT,2026-04-15,4,Lakeview Clinic,telehealth ok
UT,2026-04-15,4,Northside Health,telehealth ok
UT,2026-04-15,6,Riverstone Medical,telehealth ok
TX,2026-04-15,3,Northside Health,seasonal spike expected
TX,2026-04-15,3,Lakeview Clinic,
TX,2026-04-15,4,Downtown Clinic,seasonal spike expected
LA,2026-04-15,3,Riverstone Medical,telehealth ok
LA,2026-04-15,4,Community Care,seasonal spike expected
LA,2026-04-15,6,Northside Health,
WV,2026-04-15,2,Northside Health,
WV,2026-04-15,2,Riverstone Medical,telehealth ok
WV,2026-04-15,4,Community Care,seasonal spike expected
NJ,2026-04-15,2,Riverstone Medical,telehealth ok
NJ,2026-04-15,4,Northside Health,telehealth ok
NJ,2026-04-15,3,Lakeview Clinic,seasonal spike expected
NM,2026-04-15,6,Riverstone Medical,telehealth ok
NM,2026-04-15,5,Community Care,seasonal spike expected
NM,2026-04-15,3,Northside Health,telehealth ok
MN,2026-04-15,6,Community Care,telehealth ok
MN,2026-04-15,4,Downtown Clinic,telehealth ok
MN,2026-04-15,6,Lakeview Clinic,seasonal spike expected
MS,2026-04-15,6,Downtown Clinic,
MS,2026-04-15,4,Community Care,telehealth ok
MS,2026-04-15,5,Riverstone Medical,
VA,2026-04-15,5,Community Care,seasonal spike expected
VA,2026-04-15,2,Riverstone Medical,telehealth ok
VA,2026-04-15,6,Downtown Clinic,
AR,2026-04-15,2,Community Care,telehealth ok
AR,2026-04-15,2,Downtown Clinic,seasonal spike expected
AR,2026-04-15,2,Riverstone Medical,seasonal spike expected
WY,2026-04-16,2,Northside Health,
WY,2026-04-16,3,Riverstone Medical,telehealth ok
WY,2026-04-16,5,Downtown Clinic,telehealth ok
OR,2026-04-16,4,Downtown Clinic,telehealth ok
OR,2026-04-16,5,Riverstone Medical,seasonal spike expected
OR,2026-04-16,4,Northside Health,telehealth ok
CA,2026-04-16,3,Downtown Clinic,seasonal spike expected
CA,2026-04-16,4,Lakeview Clinic,telehealth ok
CA,2026-04-16,6,Riverstone Medical,
GA,2026-04-16,6,Riverstone Medical,
GA,2026-04-16,4,Northside Health,telehealth ok
GA,2026-04-16,2,Lakeview Clinic,
AK,2026-04-16,2,Downtown Clinic,telehealth ok
AK,2026-04-16,5,Lakeview Clinic,seasonal spike expected
AK,2026-04-16,2,Riverstone Medical,seasonal spike expected
HI,2026-04-16,4,Lakeview Clinic,telehealth ok
HI,2026-04-16,3,Riverstone Medical,
HI,2026-04-16,4,Downtown Clinic,seasonal spike expected
PA,2026-04-16,5,Northside Health,telehealth ok
PA,2026-04-16,4,Community Care,
PA,2026-04-16,4,Lakeview Clinic,
AZ,2026-04-16,3,Lakeview Clinic,seasonal spike expected
AZ,2026-04-16,2,Riverstone Medical,telehealth ok
AZ,2026-04-16,4,Downtown Clinic,telehealth ok
RI,2026-04-16,4,Lakeview Clinic,
RI,2026-04-16,4,Community Care,seasonal spike expected
RI,2026-04-16,3,Northside Health,
NC,2026-04-16,3,Lakeview Clinic,
NC,2026-04-16,6,Downtown Clinic,seasonal spike expected
NC,2026-04-16,6,Riverstone Medical,seasonal spike expected
TN,2026-04-16,3,Riverstone Medical,seasonal spike expected
TN,2026-04-16,6,Downtown Clinic,
TN,2026-04-16,5,Northside Health,
IL,2026-04-16,4,Community Care,
IL,2026-04-16,4,Riverstone Medical,
IL,2026-04-16,4,Downtown Clinic,
NH,2026-04-16,6,Northside Health,
NH,2026-04-16,3,Downtown Clinic,seasonal spike expected
NH,2026-04-16,5,Community Care,
FL,2026-04-16,7,Downtown Clinic,seasonal spike expected
FL,2026-04-16,4,Northside Health,
FL,2026-04-16,5,Riverstone Medical,seasonal spike expected
MT,2026-04-16,3,Riverstone Medical,seasonal spike expected
MT,2026-04-16,2,Northside Health,seasonal spike expected
MT,2026-04-16,2,Community Care,
NE,2026-04-16,6,Lakeview Clinic,telehealth ok
NE,2026-04-16,5,Northside Health,seasonal spike expected
NE,2026-04-16,4,Riverstone Medical,seasonal spike expected
CT,2026-04-16,3,Lakeview Clinic,seasonal spike expected
CT,2026-04-16,6,Community Care,
CT,2026-04-16,3,Downtown Clinic,seasonal spike expected
AL,2026-04-16,2,Riverstone Medical,
AL,2026-04-16,3,Downtown Clinic,seasonal spike expected
AL,2026-04-16,2,Lakeview Clinic,
MD,2026-04-16,6,Downtown Clinic,telehealth ok
MD,2026-04-16,6,Community Care,seasonal spike expected
MD,2026-04-16,6,Lakeview Clinic,
ID,2026-04-16,6,Northside Health,
ID,2026-04-16,2,Downtown Clinic,
ID,2026-04-16,5,Riverstone Medical,
ND,2026-04-16,5,Community Care,telehealth ok
ND,2026-04-16,4,Downtown Clinic,
ND,2026-04-16,2,Riverstone Medical,
KS,2026-04-16,5,Community Care,telehealth ok
KS,2026-04-16,2,Lakeview Clinic,
KS,2026-04-16,3,Riverstone Medical,
VT,2026-04-16,2,Downtown Clinic,seasonal spike expected
VT,2026-04-16,3,Community Care,
VT,2026-04-16,3,Riverstone Medical,seasonal spike expected
MI,2026-04-16,3,Riverstone Medical,
MI,2026-04-16,6,Downtown Clinic,seasonal spike expected
MI,2026-04-16,4,Community Care,
NY,2026-04-16,4,Riverstone Medical,
NY,2026-04-16,3,Community Care,
NY,2026-04-16,3,Lakeview Clinic,
UT,2026-04-16,2,Lakeview Clinic,
UT,2026-04-16,3,Riverstone Medical,telehealth ok
UT,2026-04-16,3,Community Care,telehealth ok
TX,2026-04-16,4,Riverstone Medical,
TX,2026-04-16,7,Lakeview Clinic,
TX,2026-04-16,7,Community Care,
LA,2026-04-16,2,Downtown Clinic,telehealth ok
LA,2026-04-16,3,Riverstone Medical,telehealth ok
LA,2026-04-16,3,Northside Health,seasonal spike expected
WV,2026-04-16,6,Northside Health,telehealth ok
WV,2026-04-16,4,Downtown Clinic,
WV,2026-04-16,2,Riverstone Medical,telehealth ok
NJ,2026-04-16,2,Community Care,
NJ,2026-04-16,6,Riverstone Medical,
NJ,2026-04-16,6,Northside Health,seasonal spike expected
NM,2026-04-16,2,Northside Health,telehealth ok
NM,2026-04-16,5,Lakeview Clinic,
NM,2026-04-16,4,Riverstone Medical,telehealth ok
MN,2026-04-16,2,Community Care,seasonal spike expected
MN,2026-04-16,4,Downtown Clinic,telehealth ok
MN,2026-04-16,5,Northside Health,seasonal spike expected
MS,2026-04-16,4,Lakeview Clinic,
MS,2026-04-16,2,Downtown Clinic,telehealth ok
MS,2026-04-16,6,Community Care,
VA,2026-04-16,6,Riverstone Medical,telehealth ok
VA,2026-04-16,5,Downtown Clinic,
VA,2026-04-16,2,Lakeview Clinic,
AR,2026-04-16,3,Riverstone Medical,seasonal spike expected
AR,2026-04-16,4,Community Care,seasonal spike expected
AR,2026-04-16,3,Northside Health,
WY,2026-04-17,2,Community Care,seasonal spike expected
WY,2026-04-17,6,Northside Health,seasonal spike expected
WY,2026-04-17,6,Riverstone Medical,seasonal spike expected
OR,2026-04-17,6,Riverstone Medical,seasonal spike expected
OR,2026-04-17,2,Community Care,telehealth ok
OR,2026-04-17,4,Lakeview Clinic,seasonal spike expected
CA,2026-04-17,7,Community Care,seasonal spike expected
CA,2026-04-17,7,Northside Health,seasonal spike expected
CA,2026-04-17,3,Riverstone Medical,seasonal spike expected
GA,2026-04-17,4,Lakeview Clinic,telehealth ok
GA,2026-04-17,2,Northside Health,telehealth ok
GA,2026-04-17,2,Downtown Clinic,
AK,2026-04-17,3,Riverstone Medical,
AK,2026-04-17,5,Downtown Clinic,telehealth ok
AK,2026-04-17,4,Northside Health,
HI,2026-04-17,2,Northside Health,telehealth ok
HI,2026-04-17,5,Downtown Clinic,seasonal spike expected
HI,2026-04-17,6,Community Care,seasonal spike expected
PA,2026-04-17,4,Northside Health,
PA,2026-04-17,4,Riverstone Medical,
PA,2026-04-17,5,Downtown Clinic,seasonal spike expected
AZ,2026-04-17,2,Downtown Clinic,seasonal spike expected
AZ,2026-04-17,6,Riverstone Medical,
AZ,2026-04-17,6,Lakeview Clinic,seasonal spike expected
RI,2026-04-17,5,Riverstone Medical,telehealth ok
RI,2026-04-17,5,Northside Health,
RI,2026-04-17,3,Downtown Clinic,
NC,2026-04-17,4,Lakeview Clinic,telehealth ok
NC,2026-04-17,3,Downtown Clinic,telehealth ok
NC,2026-04-17,3,Community Care,seasonal spike expected
TN,2026-04-17,6,Northside Health,telehealth ok
TN,2026-04-17,6,Community Care,telehealth ok
TN,2026-04-17,2,Lakeview Clinic,
IL,2026-04-17,2,Northside Health,seasonal spike expected
IL,2026-04-17,3,Downtown Clinic,seasonal spike expected
IL,2026-04-17,4,Riverstone Medical,
NH,2026-04-17,4,Downtown Clinic,seasonal spike expected
NH,2026-04-17,2,Lakeview Clinic,telehealth ok
NH,2026-04-17,6,Community Care,
FL,2026-04-17,6,Downtown Clinic,seasonal spike expected
FL,2026-04-17,3,Northside Health,seasonal spike expected
FL,2026-04-17,5,Community Care,
MT,2026-04-17,4,Northside Health,
MT,2026-04-17,2,Community Care,seasonal spike expected
MT,2026-04-17,4,Lakeview Clinic,seasonal spike expected
NE,2026-04-17,2,Riverstone Medical,seasonal spike expected
NE,2026-04-17,4,Northside Health,telehealth ok
NE,2026-04-17,3,Community Care,telehealth ok
CT,2026-04-17,6,Community Care,
CT,2026-04-17,5,Lakeview Clinic,seasonal spike expected
CT,2026-04-17,3,Downtown Clinic,
AL,2026-04-17,6,Riverstone Medical,seasonal spike expected
AL,2026-04-17,6,Lakeview Clinic,seasonal spike expected
AL,2026-04-17,5,Northside Health,
MD,2026-04-17,4,Downtown Clinic,telehealth ok
MD,2026-04-17,2,Lakeview Clinic,telehealth ok
MD,2026-04-17,3,Northside Health,seasonal spike expected
ID,2026-04-17,4,Lakeview Clinic,
ID,2026-04-17,5,Downtown Clinic,
ID,2026-04-17,4,Riverstone Medical,
ND,2026-04-17,3,Northside Health,seasonal spike expected
ND,2026-04-17,3,Community Care,seasonal spike expected
ND,2026-04-17,6,Riverstone Medical,
KS,2026-04-17,3,Downtown Clinic,seasonal spike expected
KS,2026-04-17,5,Riverstone Medical,seasonal spike expected
KS,2026-04-17,5,Lakeview Clinic,seasonal spike expected
VT,2026-04-17,6,Downtown Clinic,telehealth ok
VT,2026-04-17,4,Northside Health,seasonal spike expected
VT,2026-04-17,5,Riverstone Medical,seasonal spike expected
MI,2026-04-17,5,Downtown Clinic,
MI,2026-04-17,6,Community Care,seasonal spike expected
MI,2026-04-17,4,Lakeview Clinic,
NY,2026-04-17,5,Community Care,seasonal spike expected
NY,2026-04-17,6,Riverstone Medical,telehealth ok
NY,2026-04-17,3,Downtown Clinic,telehealth ok
UT,2026-04-17,5,Community Care,seasonal spike expected
UT,2026-04-17,2,Lakeview Clinic,telehealth ok
UT,2026-04-17,3,Downtown Clinic,
TX,2026-04-17,4,Community Care,telehealth ok
TX,2026-04-17,7,Lakeview Clinic,telehealth ok
TX,2026-04-17,4,Downtown Clinic,
LA,2026-04-17,4,Northside Health,seasonal spike expected
LA,2026-04-17,2,Riverstone Medical,
LA,2026-04-17,4,Community Care,
WV,2026-04-17,5,Downtown Clinic,telehealth ok
WV,2026-04-17,2,Lakeview Clinic,
WV,2026-04-17,2,Northside Health,telehealth ok
NJ,2026-04-17,2,Riverstone Medical,
NJ,2026-04-17,2,Northside Health,seasonal spike expected
NJ,2026-04-17,5,Community Care,seasonal spike expected
NM,2026-04-17,2,Downtown Clinic,
NM,2026-04-17,3,Riverstone Medical,
NM,2026-04-17,2,Community Care,telehealth ok
MN,2026-04-17,2,Riverstone Medical,seasonal spike expected
MN,2026-04-17,3,Northside Health,telehealth ok
MN,2026-04-17,5,Lakeview Clinic,
MS,2026-04-17,2,Community Care,seasonal spike expected
MS,2026-04-17,2,Lakeview Clinic,telehealth ok
MS,2026-04-17,5,Riverstone Medical,seasonal spike expected
VA,2026-04-17,4,Northside Health,
VA,2026-04-17,6,Lakeview Clinic,seasonal spike expected
VA,2026-04-17,2,Community Care,
AR,2026-04-17,4,Riverstone Medical,
AR,2026-04-17,4,Downtown Clinic,seasonal spike expected
AR,2026-04-17,5,Lakeview Clinic,telehealth ok
WY,2026-04-18,4,Riverstone Medical,seasonal spike expected
WY,2026-04-18,4,Community Care,telehealth ok
WY,2026-04-18,4,Lakeview Clinic,telehealth ok
OR,2026-04-18,2,Downtown Clinic,telehealth ok
OR,2026-04-18,1,Community Care,
OR,2026-04-18,5,Lakeview Clinic,telehealth ok
CA,2026-04-18,5,Community Care,seasonal spike expected
CA,2026-04-18,6,Riverstone Medical,
CA,2026-04-18,6,Downtown Clinic,
GA,2026-04-18,3,Lakeview Clinic,telehealth ok
GA,2026-04-18,2,Community Care,
GA,2026-04-18,3,Downtown Clinic,
AK,2026-04-18,4,Northside Health,telehealth ok
AK,2026-04-18,4,Riverstone Medical,
AK,2026-04-18,1,Lakeview Clinic,telehealth ok
HI,2026-04-18,1,Downtown Clinic,seasonal spike expected
HI,2026-04-18,3,Northside Health,seasonal spike expected
HI,2026-04-18,3,Lakeview Clinic,telehealth ok
PA,2026-04-18,4,Lakeview Clinic,telehealth ok
PA,2026-04-18,3,Riverstone Medical,telehealth ok
PA,2026-04-18,1,Community Care,telehealth ok
AZ,2026-04-18,1,Downtown Clinic,telehealth ok
AZ,2026-04-18,3,Lakeview Clinic,seasonal spike expected
AZ,2026-04-18,2,Riverstone Medical,
RI,2026-04-18,2,Lakeview Clinic,
RI,2026-04-18,3,Downtown Clinic,telehealth ok
RI,2026-04-18,5,Northside Health,telehealth ok
NC,2026-04-18,1,Community Care,telehealth ok
NC,2026-04-18,2,Riverstone Medical,telehealth ok
NC,2026-04-18,1,Northside Health,seasonal spike expected
TN,2026-04-18,3,Northside Health,telehealth ok
TN,2026-04-18,3,Riverstone Medical,seasonal spike expected
TN,2026-04-18,3,Lakeview Clinic,
IL,2026-04-18,3,Northside Health,
IL,2026-04-18,5,Riverstone Medical,seasonal spike expected
IL,2026-04-18,5,Community Care,
NH,2026-04-18,2,Northside Health,
NH,2026-04-18,5,Community Care,seasonal spike expected
NH,2026-04-18,3,Riverstone Medical,telehealth ok
FL,2026-04-18,2,Northside Health,telehealth ok
FL,2026-04-18,5,Community Care,seasonal spike expected
FL,2026-04-18,4,Riverstone Medical,telehealth ok
MT,2026-04-18,3,Northside Health,
MT,2026-04-18,3,Riverstone Medical,seasonal spike expected
MT,2026-04-18,1,Downtown Clinic,seasonal spike expected
NE,2026-04-18,4,Downtown Clinic,
NE,2026-04-18,5,Lakeview Clinic,seasonal spike expected
NE,2026-04-18,2,Community Care,seasonal spike expected
CT,2026-04-18,2,Downtown Clinic,seasonal spike expected
CT,2026-04-18,4,Lakeview Clinic,
CT,2026-04-18,4,Riverstone Medical,telehealth ok
AL,2026-04-18,4,Northside Health,telehealth ok
AL,2026-04-18,4,Lakeview Clinic,telehealth ok
AL,2026-04-18,3,Community Care,
MD,2026-04-18,2,Riverstone Medical,telehealth ok
MD,2026-04-18,1,Northside Health,telehealth ok
MD,2026-04-18,4,Downtown Clinic,
ID,2026-04-18,1,Downtown Clinic,seasonal spike expected
ID,2026-04-18,3,Riverstone Medical,seasonal spike expected
ID,2026-04-18,1,Community Care,
ND,2026-04-18,5,Community Care,telehealth ok
ND,2026-04-18,1,Northside Health,seasonal spike expected
ND,2026-04-18,3,Riverstone Medical,telehealth ok
KS,2026-04-18,1,Northside Health,seasonal spike expected
KS,2026-04-18,2,Riverstone Medical,seasonal spike expected
KS,2026-04-18,1,Lakeview Clinic,seasonal spike expected
VT,2026-04-18,3,Downtown Clinic,seasonal spike expected
VT,2026-04-18,1,Riverstone Medical,telehealth ok
VT,2026-04-18,2,Northside Health,
MI,2026-04-18,2,Northside Health,seasonal spike expected
MI,2026-04-18,5,Downtown Clinic,seasonal spike expected
MI,2026-04-18,1,Riverstone Medical,seasonal spike expected
NY,2026-04-18,5,Downtown Clinic,
NY,2026-04-18,5,Northside Health,
NY,2026-04-18,5,Riverstone Medical,
UT,2026-04-18,3,Riverstone Medical,seasonal spike expected
UT,2026-04-18,1,Northside Health,seasonal spike expected
UT,2026-04-18,2,Downtown Clinic,telehealth ok
TX,2026-04-18,2,Downtown Clinic,
TX,2026-04-18,2,Riverstone Medical,
TX,2026-04-18,5,Northside Health,
LA,2026-04-18,4,Lakeview Clinic,
LA,2026-04-18,4,Community Care,telehealth ok
LA,2026-04-18,4,Northside Health,telehealth ok
WV,2026-04-18,5,Downtown Clinic,telehealth ok
WV,2026-04-18,4,Community Care,seasonal spike expected
WV,2026-04-18,1,Riverstone Medical,telehealth ok
NJ,2026-04-18,3,Downtown Clinic,seasonal spike expected
NJ,2026-04-18,2,Northside Health,telehealth ok
NJ,2026-04-18,5,Riverstone Medical,seasonal spike expected
NM,2026-04-18,4,Northside Health,
NM,2026-04-18,3,Community Care,seasonal spike expected
NM,2026-04-18,5,Lakeview Clinic,telehealth ok
MN,2026-04-18,2,Community Care,seasonal spike expected
MN,2026-04-18,3,Downtown Clinic,
MN,2026-04-18,2,Riverstone Medical,telehealth ok
MS,2026-04-18,1,Northside Health,telehealth ok
MS,2026-04-18,2,Lakeview Clinic,telehealth ok
MS,2026-04-18,4,Downtown Clinic,
VA,2026-04-18,1,Riverstone Medical,
VA,2026-04-18,1,Lakeview Clinic,telehealth ok
VA,2026-04-18,3,Community Care,
AR,2026-04-18,5,Riverstone Medical,telehealth ok
AR,2026-04-18,2,Northside Health,seasonal spike expected
AR,2026-04-18,3,Lakeview Clinic,seasonal spike expected
WY,2026-04-19,3,Riverstone Medical,
WY,2026-04-19,5,Lakeview Clinic,
WY,2026-04-19,3,Northside Health,
OR,2026-04-19,3,Northside Health,
OR,2026-04-19,4,Downtown Clinic,seasonal spike expected
OR,2026-04-19,1,Community Care,seasonal spike expected
CA,2026-04-19,4,Lakeview Clinic,seasonal spike expected
CA,2026-04-19,3,Northside Health,
CA,2026-04-19,2,Downtown Clinic,telehealth ok
GA,2026-04-19,2,Riverstone Medical,telehealth ok
GA,2026-04-19,3,Lakeview Clinic,
GA,2026-04-19,2,Northside Health,seasonal spike expected
AK,2026-04-19,1,Northside Health,seasonal spike expected
AK,2026-04-19,4,Lakeview Clinic,telehealth ok
AK,2026-04-19,2,Riverstone Medical,telehealth ok
HI,2026-04-19,1,Riverstone Medical,seasonal spike expected
HI,2026-04-19,2,Community Care,telehealth ok
HI,2026-04-19,4,Downtown Clinic,
PA,2026-04-19,2,Northside Health,telehealth ok
PA,2026-04-19,4,Downtown Clinic,
PA,2026-04-19,5,Lakeview Clinic,seasonal spike expected
AZ,2026-04-19,3,Downtown Clinic,telehealth ok
AZ,2026-04-19,1,Northside Health,
AZ,2026-04-19,2,Lakeview Clinic,seasonal spike expected
RI,2026-04-19,5,Downtown Clinic,
RI,2026-04-19,1,Lakeview Clinic,telehealth ok
RI,2026-04-19,5,Northside Health,seasonal spike expected
NC,2026-04-19,5,Lakeview Clinic,seasonal spike expected
NC,2026-04-19,4,Riverstone Medical,telehealth ok
NC,2026-04-19,5,Downtown Clinic,seasonal spike expected
TN,2026-04-19,1,Northside Health,seasonal spike expected
TN,2026-04-19,5,Lakeview Clinic,seasonal spike expected
TN,2026-04-19,2,Downtown Clinic,seasonal spike expected
IL,2026-04-19,3,Riverstone Medical,seasonal spike expected
IL,2026-04-19,5,Community Care,telehealth ok
IL,2026-04-19,3,Lakeview Clinic,telehealth ok
NH,2026-04-19,3,Community Care,
NH,2026-04-19,4,Downtown Clinic,seasonal spike expected
NH,2026-04-19,4,Riverstone Medical,
FL,2026-04-19,2,Community Care,telehealth ok
FL,2026-04-19,2,Lakeview Clinic,telehealth ok
FL,2026-04-19,6,Riverstone Medical,
MT,2026-04-19,5,Northside Health,
MT,2026-04-19,3,Riverstone Medical,
MT,2026-04-19,2,Lakeview Clinic,seasonal spike expected
NE,2026-04-19,1,Community Care,
NE,2026-04-19,4,Lakeview Clinic,telehealth ok
NE,2026-04-19,1,Northside Health,seasonal spike expected
CT,2026-04-19,5,Northside Health,seasonal spike expected
CT,2026-04-19,4,Lakeview Clinic,seasonal spike expected
CT,2026-04-19,5,Riverstone Medical,telehealth ok
AL,2026-04-19,2,Northside Health,telehealth ok
AL,2026-04-19,2,Downtown Clinic,seasonal spike expected
AL,2026-04-19,2,Lakeview Clinic,seasonal spike expected
MD,2026-04-19,4,Lakeview Clinic,seasonal spike expected
MD,2026-04-19,3,Northside Health,
MD,2026-04-19,5,Community Care,
ID,2026-04-19,1,Northside Health,
ID,2026-04-19,1,Downtown Clinic,seasonal spike expected
ID,2026-04-19,3,Community Care,
ND,2026-04-19,2,Community Care,telehealth ok
ND,2026-04-19,1,Downtown Clinic,seasonal spike expected
ND,2026-04-19,5,Northside Health,seasonal spike expected
KS,2026-04-19,5,Northside Health,seasonal spike expected
KS,2026-04-19,5,Community Care,seasonal spike expected
KS,2026-04-19,3,Lakeview Clinic,
VT,2026-04-19,5,Lakeview Clinic,telehealth ok
VT,2026-04-19,5,Riverstone Medical,
VT,2026-04-19,5,Community Care,telehealth ok
MI,2026-04-19,2,Downtown Clinic,seasonal spike expected
MI,2026-04-19,5,Community Care,
MI,2026-04-19,4,Riverstone Medical,telehealth ok
NY,2026-04-19,6,Lakeview Clinic,seasonal spike expected
NY,2026-04-19,6,Community Care,seasonal spike expected
NY,2026-04-19,2,Northside Health,seasonal spike expected
UT,2026-04-19,3,Community Care,telehealth ok
UT,2026-04-19,3,Downtown Clinic,seasonal spike expected
UT,2026-04-19,1,Riverstone Medical,telehealth ok
TX,2026-04-19,4,Northside Health,
TX,2026-04-19,2,Riverstone Medical,seasonal spike expected
TX,2026-04-19,3,Downtown Clinic,seasonal spike expected
LA,2026-04-19,1,Downtown Clinic,
LA,2026-04-19,3,Community Care,telehealth ok
LA,2026-04-19,2,Lakeview Clinic,
WV,2026-04-19,2,Lakeview Clinic,telehealth ok
WV,2026-04-19,4,Downtown Clinic,telehealth ok
WV,2026-04-19,5,Riverstone Medical,seasonal spike expected
NJ,2026-04-19,4,Community Care,
NJ,2026-04-19,1,Downtown Clinic,
NJ,2026-04-19,3,Riverstone Medical,seasonal spike expected
NM,2026-04-19,2,Riverstone Medical,telehealth ok
NM,2026-04-19,3,Northside Health,seasonal spike expected
NM,2026-04-19,5,Lakeview Clinic,telehealth ok
MN,2026-04-19,5,Riverstone Medical,
MN,2026-04-19,2,Downtown Clinic,telehealth ok
MN,2026-04-19,2,Community Care,
MS,2026-04-19,4,Community Care,
MS,2026-04-19,3,Lakeview Clinic,seasonal spike expected
MS,2026-04-19,1,Northside Health,
VA,2026-04-19,5,Riverstone Medical,telehealth ok
VA,2026-04-19,3,Lakeview Clinic,
VA,2026-04-19,3,Downtown Clinic,seasonal spike expected
AR,2026-04-19,1,Northside Health,
AR,2026-04-19,3,Downtown Clinic,
AR,2026-04-19,4,Riverstone Medical,
WY,2026-04-20,4,Lakeview Clinic,seasonal spike expected
WY,2026-04-20,6,Downtown Clinic,
WY,2026-04-20,2,Community Care,
OR,2026-04-20,4,Lakeview Clinic,seasonal spike expected
OR,2026-04-20,6,Northside Health,
OR,2026-04-20,3,Community Care,seasonal spike expected
CA,2026-04-20,6,Northside Health,
CA,2026-04-20,7,Downtown Clinic,seasonal spike expected
CA,2026-04-20,7,Community Care,seasonal spike expected
GA,2026-04-20,5,Northside Health,
GA,2026-04-20,4,Riverstone Medical,telehealth ok
GA,2026-04-20,6,Downtown Clinic,telehealth ok
AK,2026-04-20,3,Lakeview Clinic,telehealth ok
AK,2026-04-20,6,Community Care,seasonal spike expected
AK,2026-04-20,4,Northside Health,telehealth ok
HI,2026-04-20,5,Northside Health,telehealth ok
HI,2026-04-20,6,Community Care,
HI,2026-04-20,4,Lakeview Clinic,
PA,2026-04-20,4,Downtown Clinic,seasonal spike expected
PA,2026-04-20,4,Riverstone Medical,seasonal spike expected
PA,2026-04-20,3,Community Care,telehealth ok
AZ,2026-04-20,5,Community Care,seasonal spike expected
AZ,2026-04-20,6,Downtown Clinic,
AZ,2026-04-20,4,Lakeview Clinic,
RI,2026-04-20,4,Lakeview Clinic,
RI,2026-04-20,5,Riverstone Medical,
RI,2026-04-20,2,Community Care,seasonal spike expected
NC,2026-04-20,3,Community Care,
NC,2026-04-20,6,Northside Health,seasonal spike expected
NC,2026-04-20,6,Lakeview Clinic,
TN,2026-04-20,5,Riverstone Medical,seasonal spike expected
TN,2026-04-20,4,Lakeview Clinic,telehealth ok
TN,2026-04-20,4,Community Care,telehealth ok
IL,2026-04-20,5,Downtown Clinic,
IL,2026-04-20,5,Northside Health,telehealth ok
IL,2026-04-20,4,Lakeview Clinic,seasonal spike expected
NH,2026-04-20,6,Community Care,
NH,2026-04-20,4,Northside Health,
NH,2026-04-20,5,Lakeview Clinic,
FL,2026-04-20,6,Lakeview Clinic,seasonal spike expected
FL,2026-04-20,4,Northside Health,seasonal spike expected
FL,2026-04-20,6,Community Care,seasonal spike expected
MT,2026-04-20,4,Northside Health,
MT,2026-04-20,3,Downtown Clinic,seasonal spike expected
MT,2026-04-20,5,Lakeview Clinic,seasonal spike expected
NE,2026-04-20,6,Riverstone Medical,
NE,2026-04-20,3,Community Care,telehealth ok
NE,2026-04-20,6,Lakeview Clinic,telehealth ok
CT,2026-04-20,4,Community Care,seasonal spike expected
CT,2026-04-20,3,Downtown Clinic,telehealth ok
CT,2026-04-20,3,Northside Health,telehealth ok
AL,2026-04-20,2,Community Care,telehealth ok
AL,2026-04-20,5,Riverstone Medical,seasonal spike expected
AL,2026-04-20,5,Northside Health,telehealth ok
MD,2026-04-20,6,Community Care,
MD,2026-04-20,6,Riverstone Medical,seasonal spike expected
MD,2026-04-20,3,Lakeview Clinic,seasonal spike expected
ID,2026-04-20,2,Northside Health,seasonal spike expected
ID,2026-04-20,2,Community Care,seasonal spike expected
ID,2026-04-20,4,Downtown Clinic,telehealth ok
ND,2026-04-20,2,Downtown Clinic,telehealth ok
ND,2026-04-20,3,Lakeview Clinic,
ND,2026-04-20,6,Riverstone Medical,
KS,2026-04-20,6,Community Care,seasonal spike expected
KS,2026-04-20,2,Northside Health,telehealth ok
KS,2026-04-20,5,Lakeview Clinic,seasonal spike expected
VT,2026-04-20,4,Riverstone Medical,
VT,2026-04-20,3,Lakeview Clinic,telehealth ok
VT,2026-04-20,2,Community Care,seasonal spike expected
MI,2026-04-20,3,Community Care,telehealth ok
MI,2026-04-20,4,Northside Health,
MI,2026-04-20,5,Downtown Clinic,telehealth ok
NY,2026-04-20,7,Downtown Clinic,seasonal spike expected
NY,2026-04-20,6,Lakeview Clinic,seasonal spike expected
NY,2026-04-20,7,Northside Health,telehealth ok
UT,2026-04-20,2,Riverstone Medical,telehealth ok
UT,2026-04-20,6,Community Care,telehealth ok
UT,2026-04-20,6,Downtown Clinic,
TX,2026-04-20,7,Community Care,telehealth ok
TX,2026-04-20,6,Riverstone Medical,
TX,2026-04-20,4,Lakeview Clinic,seasonal spike expected
LA,2026-04-20,2,Northside Health,telehealth ok
LA,2026-04-20,2,Lakeview Clinic,seasonal spike expected
LA,2026-04-20,3,Community Care,telehealth ok
WV,2026-04-20,5,Downtown Clinic,
WV,2026-04-20,6,Lakeview Clinic,seasonal spike expected
WV,2026-04-20,4,Community Care,seasonal spike expected
NJ,2026-04-20,3,Riverstone Medical,seasonal spike expected
NJ,2026-04-20,4,Lakeview Clinic,seasonal spike expected
NJ,2026-04-20,4,Northside Health,
NM,2026-04-20,2,Community Care,telehealth ok
NM,2026-04-20,2,Lakeview Clinic,
NM,2026-04-20,3,Riverstone Medical,
MN,2026-04-20,5,Riverstone Medical,seasonal spike expected
MN,2026-04-20,2,Lakeview Clinic,seasonal spike expected
MN,2026-04-20,4,Community Care,telehealth ok
MS,2026-04-20,2,Community Care,
MS,2026-04-20,6,Downtown Clinic,
MS,2026-04-20,6,Riverstone Medical,
VA,2026-04-20,5,Lakeview Clinic,telehealth ok
VA,2026-04-20,5,Northside Health,
VA,2026-04-20,4,Downtown Clinic,
AR,2026-04-20,2,Downtown Clinic,seasonal spike expected
AR,2026-04-20,4,Riverstone Medical,
AR,2026-04-20,2,Community Care,telehealth ok
WY,2026-04-21,5,Riverstone Medical,seasonal spike expected
WY,2026-04-21,4,Lakeview Clinic,seasonal spike expected
WY,2026-04-21,6,Community Care,telehealth ok
OR,2026-04-21,2,Lakeview Clinic,telehealth ok
OR,2026-04-21,4,Downtown Clinic,
OR,2026-04-21,4,Community Care,telehealth ok
CA,2026-04-21,3,Northside Health,telehealth ok
CA,2026-04-21,6,Downtown Clinic,
CA,2026-04-21,7,Community Care,seasonal spike expected
GA,2026-04-21,3,Downtown Clinic,seasonal spike expected
GA,2026-04-21,2,Riverstone Medical,
GA,2026-04-21,2,Lakeview Clinic,
AK,2026-04-21,3,Downtown Clinic,telehealth ok
AK,2026-04-21,5,Riverstone Medical,telehealth ok
AK,2026-04-21,5,Community Care,telehealth ok
HI,2026-04-21,4,Downtown Clinic,telehealth ok
HI,2026-04-21,3,Lakeview Clinic,seasonal spike expected
HI,2026-04-21,2,Community Care,seasonal spike expected
PA,2026-04-21,3,Northside Health,seasonal spike expected
PA,2026-04-21,3,Downtown Clinic,
PA,2026-04-21,4,Riverstone Medical,telehealth ok
AZ,2026-04-21,4,Lakeview Clinic,seasonal spike expected
AZ,2026-04-21,6,Northside Health,
AZ,2026-04-21,2,Riverstone Medical,
RI,2026-04-21,3,Downtown Clinic,telehealth ok
RI,2026-04-21,2,Riverstone Medical,telehealth ok
RI,2026-04-21,6,Lakeview Clinic,seasonal spike expected
NC,2026-04-21,2,Downtown Clinic,telehealth ok
NC,2026-04-21,5,Northside Health,
NC,2026-04-21,3,Riverstone Medical,telehealth ok
TN,2026-04-21,5,Lakeview Clinic,telehealth ok
TN,2026-04-21,6,Northside Health,telehealth ok
TN,2026-04-21,2,Downtown Clinic,
IL,2026-04-21,5,Riverstone Medical,seasonal spike expected
IL,2026-04-21,3,Northside Health,
IL,2026-04-21,2,Downtown Clinic,
NH,2026-04-21,5,Northside Health,telehealth ok
NH,2026-04-21,6,Downtown Clinic,
NH,2026-04-21,5,Lakeview Clinic,
FL,2026-04-21,7,Downtown Clinic,telehealth ok
FL,2026-04-21,5,Lakeview Clinic,
FL,2026-04-21,4,Northside Health,seasonal spike expected
MT,2026-04-21,6,Northside Health,telehealth ok
MT,2026-04-21,2,Downtown Clinic,
MT,2026-04-21,4,Lakeview Clinic,telehealth ok
NE,2026-04-21,4,Riverstone Medical,seasonal spike expected
NE,2026-04-21,2,Community Care,telehealth ok
NE,2026-04-21,4,Lakeview Clinic,seasonal spike expected
CT,2026-04-21,6,Community Care,
CT,2026-04-21,3,Downtown Clinic,telehealth ok
CT,2026-04-21,3,Northside Health,telehealth ok
AL,2026-04-21,2,Lakeview Clinic,seasonal spike expected
AL,2026-04-21,2,Riverstone Medical,
AL,2026-04-21,5,Northside Health,
MD,2026-04-21,2,Downtown Clinic,seasonal spike expected
MD,2026-04-21,6,Community Care,telehealth ok
MD,2026-04-21,4,Riverstone Medical,
ID,2026-04-21,3,Downtown Clinic,telehealth ok
ID,2026-04-21,6,Community Care,
ID,2026-04-21,5,Riverstone Medical,seasonal spike expected
ND,2026-04-21,6,Riverstone Medical,seasonal spike expected
ND,2026-04-21,3,Lakeview Clinic,seasonal spike expected
ND,2026-04-21,3,Downtown Clinic,telehealth ok
KS,2026-04-21,5,Northside Health,telehealth ok
KS,2026-04-21,6,Lakeview Clinic,
KS,2026-04-21,6,Riverstone Medical,
VT,2026-04-21,6,Community Care,
VT,2026-04-21,3,Lakeview Clinic,telehealth ok
VT,2026-04-21,5,Northside Health,
MI,2026-04-21,5,Riverstone Medical,seasonal spike expected
MI,2026-04-21,6,Community Care,
MI,2026-04-21,2,Lakeview Clinic,telehealth ok
NY,2026-04-21,3,Lakeview Clinic,telehealth ok
NY,2026-04-21,3,Downtown Clinic,telehealth ok
NY,2026-04-21,4,Northside Health,telehealth ok
UT,2026-04-21,2,Community Care,seasonal spike expected
UT,2026-04-21,6,Riverstone Medical,telehealth ok
UT,2026-04-21,5,Northside Health,
TX,2026-04-21,6,Community Care,
TX,2026-04-21,5,Northside Health,
TX,2026-04-21,3,Lakeview Clinic,telehealth ok
LA,2026-04-21,3,Riverstone Medical,telehealth ok
LA,2026-04-21,4,Lakeview Clinic,telehealth ok
LA,2026-04-21,3,Community Care,seasonal spike expected
WV,2026-04-21,4,Riverstone Medical,telehealth ok
WV,2026-04-21,5,Community Care,
WV,2026-04-21,5,Downtown Clinic,
NJ,2026-04-21,5,Community Care,
NJ,2026-04-21,4,Lakeview Clinic,
NJ,2026-04-21,5,Northside Health,
NM,2026-04-21,3,Riverstone Medical,telehealth ok
NM,2026-04-21,5,Downtown Clinic,
NM,2026-04-21,2,Northside Health,telehealth ok
MN,2026-04-21,6,Lakeview Clinic,seasonal spike expected
MN,2026-04-21,6,Community Care,telehealth ok
MN,2026-04-21,3,Northside Health,
MS,2026-04-21,6,Community Care,telehealth ok
MS,2026-04-21,2,Riverstone Medical,telehealth ok
MS,2026-04-21,2,Downtown Clinic,telehealth ok
VA,2026-04-21,5,Northside Health,
VA,2026-04-21,3,Community Care,seasonal spike expected
VA,2026-04-21,4,Riverstone Medical,seasonal spike expected
AR,2026-04-21,3,Community Care,seasonal spike expected
AR,2026-04-21,2,Lakeview Clinic,telehealth ok
AR,2026-04-21,3,Northside Health,telehealth ok
WY,2026-04-22,2,Lakeview Clinic,seasonal spike expected
WY,2026-04-22,2,Northside Health,seasonal spike expected
WY,2026-04-22,3,Riverstone Medical,
OR,2026-04-22,5,Community Care,telehealth ok
OR,2026-04-22,3,Lakeview Clinic,
OR,2026-04-22,4,Northside Health,seasonal spike expected
CA,2026-04-22,3,Riverstone Medical,seasonal spike expected
CA,2026-04-22,6,Lakeview Clinic,telehealth ok
CA,2026-04-22,6,Downtown Clinic,telehealth ok
GA,2026-04-22,6,Northside Health,telehealth ok
GA,2026-04-22,3,Downtown Clinic,
GA,2026-04-22,4,Riverstone Medical,
AK,2026-04-22,4,Riverstone Medical,seasonal spike expected
AK,2026-04-22,5,Community Care,
AK,2026-04-22,5,Downtown Clinic,
HI,2026-04-22,4,Community Care,telehealth ok
HI,2026-04-22,5,Lakeview Clinic,seasonal spike expected
HI,2026-04-22,2,Northside Health,telehealth ok
PA,2026-04-22,6,Riverstone Medical,seasonal spike expected
PA,2026-04-22,4,Downtown Clinic,
PA,2026-04-22,5,Lakeview Clinic,telehealth ok
AZ,2026-04-22,3,Northside Health,seasonal spike expected
AZ,2026-04-22,5,Riverstone Medical,telehealth ok
AZ,2026-04-22,5,Downtown Clinic,telehealth ok
RI,2026-04-22,5,Lakeview Clinic,
RI,2026-04-22,3,Community Care,seasonal spike expected
RI,2026-04-22,3,Riverstone Medical,
NC,2026-04-22,2,Riverstone Medical,telehealth ok
NC,2026-04-22,2,Northside Health,
NC,2026-04-22,5,Lakeview Clinic,telehealth ok
TN,2026-04-22,4,Community Care,seasonal spike expected
TN,2026-04-22,5,Downtown Clinic,
TN,2026-04-22,2,Lakeview Clinic,telehealth ok
IL,2026-04-22,3,Northside Health,seasonal spike expected
IL,2026-04-22,2,Riverstone Medical,seasonal spike expected
IL,2026-04-22,3,Community Care,
NH,2026-04-22,5,Northside Health,
NH,2026-04-22,5,Lakeview Clinic,
NH,2026-04-22,4,Community Care,
FL,2026-04-22,4,Lakeview Clinic,seasonal spike expected
FL,2026-04-22,6,Riverstone Medical,telehealth ok
FL,2026-04-22,5,Northside Health,
MT,2026-04-22,2,Northside Health,seasonal spike expected
MT,2026-04-22,4,Lakeview Clinic,
MT,2026-04-22,3,Community Care,seasonal spike expected
NE,2026-04-22,2,Northside Health,seasonal spike expected
NE,2026-04-22,5,Downtown Clinic,seasonal spike expected
NE,2026-04-22,4,Riverstone Medical,seasonal spike expected
CT,2026-04-22,3,Downtown Clinic,seasonal spike expected
CT,2026-04-22,4,Lakeview Clinic,
CT,2026-04-22,5,Riverstone Medical,seasonal spike expected
AL,2026-04-22,6,Downtown Clinic,telehealth ok
AL,2026-04-22,4,Riverstone Medical,
AL,2026-04-22,2,Lakeview Clinic,
MD,2026-04-22,5,Downtown Clinic,telehealth ok
MD,2026-04-22,2,Riverstone Medical,seasonal spike expected
MD,2026-04-22,6,Community Care,seasonal spike expected
ID,2026-04-22,3,Downtown Clinic,telehealth ok
ID,2026-04-22,2,Riverstone Medical,seasonal spike expected
ID,2026-04-22,4,Lakeview Clinic,telehealth ok
ND,2026-04-22,6,Northside Health,telehealth ok
ND,2026-04-22,5,Lakeview Clinic,
ND,2026-04-22,6,Riverstone Medical,telehealth ok
KS,2026-04-22,5,Community Care,telehealth ok
KS,2026-04-22,5,Northside Health,seasonal spike expected
KS,2026-04-22,5,Lakeview Clinic,seasonal spike expected
VT,2026-04-22,3,Lakeview Clinic,telehealth ok
VT,2026-04-22,6,Riverstone Medical,
VT,2026-04-22,5,Downtown Clinic,seasonal spike expected
MI,2026-04-22,4,Northside Health,
MI,2026-04-22,2,Downtown Clinic,seasonal spike expected
MI,2026-04-22,5,Riverstone Medical,telehealth ok
NY,2026-04-22,5,Downtown Clinic,
NY,2026-04-22,7,Northside Health,
NY,2026-04-22,3,Lakeview Clinic,telehealth ok
UT,2026-04-22,2,Northside Health,seasonal spike expected
UT,2026-04-22,3,Downtown Clinic,telehealth ok
UT,2026-04-22,5,Lakeview Clinic,seasonal spike expected
TX,2026-04-22,7,Riverstone Medical,telehealth ok
TX,2026-04-22,5,Lakeview Clinic,
TX,2026-04-22,4,Northside Health,
LA,2026-04-22,2,Riverstone Medical,seasonal spike expected
LA,2026-04-22,3,Community Care,telehealth ok
LA,2026-04-22,3,Lakeview Clinic,seasonal spike expected
WV,2026-04-22,2,Lakeview Clinic,
WV,2026-04-22,6,Riverstone Medical,telehealth ok
WV,2026-04-22,4,Northside Health,
NJ,2026-04-22,5,Northside Health,
NJ,2026-04-22,6,Downtown Clinic,
NJ,2026-04-22,4,Community Care,telehealth ok
NM,2026-04-22,5,Northside Health,seasonal spike expected
NM,2026-04-22,5,Lakeview Clinic,telehealth ok
NM,2026-04-22,2,Community Care,
MN,2026-04-22,4,Lakeview Clinic,
MN,2026-04-22,4,Northside Health,telehealth ok
MN,2026-04-22,6,Community Care,
MS,2026-04-22,2,Lakeview Clinic,seasonal spike expected
MS,2026-04-22,3,Community Care,
MS,2026-04-22,5,Riverstone Medical,seasonal spike expected
VA,2026-04-22,4,Northside Health,
VA,2026-04-22,3,Lakeview Clinic,seasonal spike expected
VA,2026-04-22,4,Downtown Clinic,telehealth ok
AR,2026-04-22,2,Riverstone Medical,telehealth ok
AR,2026-04-22,6,Lakeview Clinic,telehealth ok
AR,2026-04-22,2,Downtown Clinic,telehealth ok
WY,2026-04-23,6,Northside Health,
WY,2026-04-23,4,Downtown Clinic,
WY,2026-04-23,3,Community Care,
OR,2026-04-23,2,Community Care,seasonal spike expected
OR,2026-04-23,3,Downtown Clinic,telehealth ok
OR,2026-04-23,5,Lakeview Clinic,
CA,2026-04-23,4,Community Care,
CA,2026-04-23,6,Downtown Clinic,seasonal spike expected
CA,2026-04-23,7,Lakeview Clinic,seasonal spike expected
GA,2026-04-23,6,Downtown Clinic,seasonal spike expected
GA,2026-04-23,6,Community Care,seasonal spike expected
GA,2026-04-23,3,Lakeview Clinic,telehealth ok
AK,2026-04-23,6,Northside Health,telehealth ok
AK,2026-04-23,6,Community Care,seasonal spike expected
AK,2026-04-23,6,Riverstone Medical,
HI,2026-04-23,2,Community Care,seasonal spike expected
HI,2026-04-23,2,Downtown Clinic,telehealth ok
HI,2026-04-23,5,Lakeview Clinic,telehealth ok
PA,2026-04-23,2,Riverstone Medical,telehealth ok
PA,2026-04-23,2,Lakeview Clinic,
PA,2026-04-23,6,Community Care,seasonal spike expected
AZ,2026-04-23,4,Riverstone Medical,seasonal spike expected
AZ,2026-04-23,2,Community Care,
AZ,2026-04-23,6,Lakeview Clinic,
RI,2026-04-23,3,Riverstone Medical,telehealth ok
RI,2026-04-23,5,Lakeview Clinic,
RI,2026-04-23,3,Community Care,
NC,2026-04-23,6,Lakeview Clinic,
NC,2026-04-23,2,Downtown Clinic,
NC,2026-04-23,4,Northside Health,telehealth ok
TN,2026-04-23,4,Northside Health,seasonal spike expected
TN,2026-04-23,4,Riverstone Medical,
TN,2026-04-23,4,Lakeview Clinic,telehealth ok
IL,2026-04-23,2,Riverstone Medical,seasonal spike expected
IL,2026-04-23,6,Community Care,telehealth ok
IL,2026-04-23,5,Northside Health,
NH,2026-04-23,2,Lakeview Clinic,telehealth ok
NH,2026-04-23,6,Riverstone Medical,
NH,2026-04-23,3,Community Care,seasonal spike expected
FL,2026-04-23,6,Riverstone Medical,
FL,2026-04-23,5,Community Care,
FL,2026-04-23,5,Lakeview Clinic,seasonal spike expected
MT,2026-04-23,5,Northside Health,telehealth ok
MT,2026-04-23,5,Community Care,telehealth ok
MT,2026-04-23,4,Lakeview Clinic,telehealth ok
NE,2026-04-23,3,Riverstone Medical,seasonal spike expected
NE,2026-04-23,2,Lakeview Clinic,telehealth ok
NE,2026-04-23,3,Community Care,seasonal spike expected
CT,2026-04-23,6,Downtown Clinic,
CT,2026-04-23,3,Riverstone Medical,telehealth ok
CT,2026-04-23,2,Community Care,telehealth ok
AL,2026-04-23,2,Lakeview Clinic,telehealth ok
AL,2026-04-23,2,Northside Health,
AL,2026-04-23,5,Downtown Clinic,
MD,2026-04-23,3,Northside Health,telehealth ok
MD,2026-04-23,4,Lakeview Clinic,telehealth ok
MD,2026-04-23,6,Community Care,
ID,2026-04-23,6,Northside Health,telehealth ok
ID,2026-04-23,2,Community Care,seasonal spike expected
ID,2026-04-23,2,Downtown Clinic,telehealth ok
ND,2026-04-23,5,Northside Health,seasonal spike expected
ND,2026-04-23,4,Downtown Clinic,telehealth ok
ND,2026-04-23,3,Riverstone Medical,
KS,2026-04-23,2,Community Care,
KS,2026-04-23,5,Downtown Clinic,seasonal spike expected
KS,2026-04-23,2,Riverstone Medical,telehealth ok
VT,2026-04-23,2,Northside Health,
VT,2026-04-23,3,Riverstone Medical,
VT,2026-04-23,3,Lakeview Clinic,seasonal spike expected
MI,2026-04-23,6,Northside Health,
MI,2026-04-23,6,Riverstone Medical,
MI,2026-04-23,2,Downtown Clinic,telehealth ok
NY,2026-04-23,3,Northside Health,telehealth ok
NY,2026-04-23,7,Riverstone Medical,seasonal spike expected
NY,2026-04-23,5,Community Care,telehealth ok
UT,2026-04-23,2,Downtown Clinic,
UT,2026-04-23,3,Lakeview Clinic,seasonal spike expected
UT,2026-04-23,4,Northside Health,seasonal spike expected
TX,2026-04-23,5,Lakeview Clinic,seasonal spike expected
TX,2026-04-23,3,Northside Health,telehealth ok
TX,2026-04-23,3,Riverstone Medical,seasonal spike expected
LA,2026-04-23,4,Northside Health,telehealth ok
LA,2026-04-23,3,Riverstone Medical,seasonal spike expected
LA,2026-04-23,5,Downtown Clinic,telehealth ok
WV,2026-04-23,3,Lakeview Clinic,
WV,2026-04-23,6,Community Care,telehealth ok
WV,2026-04-23,5,Riverstone Medical,
NJ,2026-04-23,6,Lakeview Clinic,telehealth ok
NJ,2026-04-23,3,Downtown Clinic,
NJ,2026-04-23,3,Riverstone Medical,seasonal spike expected
NM,2026-04-23,2,Downtown Clinic,telehealth ok
NM,2026-04-23,2,Northside Health,telehealth ok
NM,2026-04-23,5,Community Care,seasonal spike expected
MN,2026-04-23,2,Northside Health,seasonal spike expected
MN,2026-04-23,2,Downtown Clinic,telehealth ok
MN,2026-04-23,3,Lakeview Clinic,telehealth ok
MS,2026-04-23,6,Riverstone Medical,telehealth ok
MS,2026-04-23,2,Northside Health,
MS,2026-04-23,2,Lakeview Clinic,
VA,2026-04-23,5,Northside Health,seasonal spike expected
VA,2026-04-23,2,Lakeview Clinic,seasonal spike expected
VA,2026-04-23,2,Community Care,telehealth ok
AR,2026-04-23,6,Downtown Clinic,
AR,2026-04-23,4,Riverstone Medical,seasonal spike expected
AR,2026-04-23,5,Northside Health,telehealth ok
WY,2026-04-24,6,Lakeview Clinic,
WY,2026-04-24,3,Community Care,
WY,2026-04-24,4,Northside Health,seasonal spike expected
OR,2026-04-24,4,Riverstone Medical,telehealth ok
OR,2026-04-24,2,Downtown Clinic,seasonal spike expected
OR,2026-04-24,3,Community Care,telehealth ok
CA,2026-04-24,7,Northside Health,telehealth ok
CA,2026-04-24,6,Lakeview Clinic,seasonal spike expected
CA,2026-04-24,7,Downtown Clinic,seasonal spike expected
GA,2026-04-24,6,Downtown Clinic,
GA,2026-04-24,4,Northside Health,seasonal spike expected
GA,2026-04-24,5,Riverstone Medical,telehealth ok
AK,2026-04-24,4,Lakeview Clinic,
AK,2026-04-24,2,Riverstone Medical,
AK,2026-04-24,6,Downtown Clinic,telehealth ok
HI,2026-04-24,2,Riverstone Medical,seasonal spike expected
HI,2026-04-24,5,Northside Health,telehealth ok
HI,2026-04-24,3,Lakeview Clinic,
PA,2026-04-24,5,Northside Health,telehealth ok
PA,2026-04-24,4,Lakeview Clinic,seasonal spike expected
PA,2026-04-24,2,Riverstone Medical,
AZ,2026-04-24,5,Downtown Clinic,telehealth ok
AZ,2026-04-24,3,Community Care,seasonal spike expected
AZ,2026-04-24,2,Northside Health,
RI,2026-04-24,5,Community Care,seasonal spike expected
RI,2026-04-24,5,Downtown Clinic,telehealth ok
RI,2026-04-24,4,Lakeview Clinic,seasonal spike expected
NC,2026-04-24,2,Riverstone Medical,
NC,2026-04-24,6,Downtown Clinic,telehealth ok
NC,2026-04-24,2,Community Care,seasonal spike expected
TN,2026-04-24,6,Community Care,seasonal spike expected
TN,2026-04-24,5,Downtown Clinic,
TN,2026-04-24,5,Northside Health,
IL,2026-04-24,5,Lakeview Clinic,
IL,2026-04-24,5,Riverstone Medical,
IL,2026-04-24,6,Community Care,
NH,2026-04-24,2,Riverstone Medical,seasonal spike expected
NH,2026-04-24,5,Downtown Clinic,seasonal spike expected
NH,2026-04-24,4,Lakeview Clinic,seasonal spike expected
FL,2026-04-24,3,Lakeview Clinic,seasonal spike expected
FL,2026-04-24,3,Downtown Clinic,
FL,2026-04-24,4,Northside Health,
MT,2026-04-24,3,Riverstone Medical,
MT,2026-04-24,5,Downtown Clinic,seasonal spike expected
MT,2026-04-24,5,Northside Health,seasonal spike expected
NE,2026-04-24,4,Riverstone Medical,telehealth ok
NE,2026-04-24,4,Northside Health,
NE,2026-04-24,2,Community Care,
CT,2026-04-24,6,Riverstone Medical,
CT,2026-04-24,3,Northside Health,seasonal spike expected
CT,2026-04-24,2,Community Care,
AL,2026-04-24,3,Northside Health,seasonal spike expected
AL,2026-04-24,2,Lakeview Clinic,telehealth ok
AL,2026-04-24,4,Riverstone Medical,seasonal spike expected
MD,2026-04-24,2,Riverstone Medical,telehealth ok
MD,2026-04-24,2,Downtown Clinic,telehealth ok
MD,2026-04-24,3,Northside Health,seasonal spike expected
ID,2026-04-24,6,Downtown Clinic,
ID,2026-04-24,2,Northside Health,seasonal spike expected
ID,2026-04-24,5,Community Care,seasonal spike expected
ND,2026-04-24,2,Downtown Clinic,seasonal spike expected
ND,2026-04-24,3,Northside Health,seasonal spike expected
ND,2026-04-24,2,Community Care,telehealth ok
KS,2026-04-24,4,Community Care,seasonal spike expected
KS,2026-04-24,3,Riverstone Medical,seasonal spike expected
KS,2026-04-24,3,Northside Health,
VT,2026-04-24,5,Downtown Clinic,seasonal spike expected
VT,2026-04-24,4,Community Care,telehealth ok
VT,2026-04-24,4,Riverstone Medical,telehealth ok
MI,2026-04-24,3,Downtown Clinic,seasonal spike expected
MI,2026-04-24,3,Lakeview Clinic,
MI,2026-04-24,3,Northside Health,
NY,2026-04-24,5,Downtown Clinic,telehealth ok
NY,2026-04-24,7,Northside Health,seasonal spike expected
NY,2026-04-24,6,Riverstone Medical,seasonal spike expected
UT,2026-04-24,6,Riverstone Medical,seasonal spike expected
UT,2026-04-24,4,Downtown Clinic,seasonal spike expected
UT,2026-04-24,3,Community Care,seasonal spike expected
TX,2026-04-24,5,Riverstone Medical,seasonal spike expected
TX,2026-04-24,5,Downtown Clinic,
TX,2026-04-24,4,Community Care,telehealth ok
LA,2026-04-24,3,Downtown Clinic,seasonal spike expected
LA,2026-04-24,5,Lakeview Clinic,
LA,2026-04-24,3,Riverstone Medical,
WV,2026-04-24,3,Riverstone Medical,
WV,2026-04-24,4,Lakeview Clinic,seasonal spike expected
WV,2026-04-24,6,Northside Health,telehealth ok
NJ,2026-04-24,6,Riverstone Medical,telehealth ok
NJ,2026-04-24,2,Northside Health,telehealth ok
NJ,2026-04-24,5,Downtown Clinic,seasonal spike expected
NM,2026-04-24,3,Lakeview Clinic,seasonal spike expected
NM,2026-04-24,5,Community Care,seasonal spike expected
NM,2026-04-24,2,Riverstone Medical,seasonal spike expected
MN,2026-04-24,3,Downtown Clinic,telehealth ok
MN,2026-04-24,4,Riverstone Medical,seasonal spike expected
MN,2026-04-24,5,Community Care,
MS,2026-04-24,4,Downtown Clinic,seasonal spike expected
MS,2026-04-24,4,Lakeview Clinic,
MS,2026-04-24,3,Northside Health,seasonal spike expected
VA,2026-04-24,2,Downtown Clinic,telehealth ok
VA,2026-04-24,6,Northside Health,
VA,2026-04-24,3,Riverstone Medical,seasonal spike expected
AR,2026-04-24,6,Lakeview Clinic,
AR,2026-04-24,3,Northside Health,
AR,2026-04-24,4,Downtown Clinic,
WY,2026-04-25,2,Community Care,telehealth ok
WY,2026-04-25,1,Northside Health,
WY,2026-04-25,4,Downtown Clinic,seasonal spike expected
OR,2026-04-25,2,Community Care,seasonal spike expected
OR,2026-04-25,1,Lakeview Clinic,
OR,2026-04-25,5,Northside Health,
CA,2026-04-25,6,Riverstone Medical,seasonal spike expected
CA,2026-04-25,3,Community Care,telehealth ok
CA,2026-04-25,2,Lakeview Clinic,seasonal spike expected
GA,2026-04-25,5,Riverstone Medical,seasonal spike expected
GA,2026-04-25,1,Northside Health,telehealth ok
GA,2026-04-25,5,Community Care,
AK,2026-04-25,3,Community Care,
AK,2026-04-25,3,Northside Health,seasonal spike expected
AK,2026-04-25,5,Downtown Clinic,telehealth ok
HI,2026-04-25,3,Downtown Clinic,seasonal spike expected
HI,2026-04-25,2,Northside Health,seasonal spike expected
HI,2026-04-25,3,Riverstone Medical,seasonal spike expected
PA,2026-04-25,4,Community Care,seasonal spike expected
PA,2026-04-25,3,Downtown Clinic,telehealth ok
PA,2026-04-25,5,Riverstone Medical,telehealth ok
AZ,2026-04-25,5,Lakeview Clinic,seasonal spike expected
AZ,2026-04-25,1,Riverstone Medical,
AZ,2026-04-25,4,Northside Health,telehealth ok
RI,2026-04-25,1,Northside Health,
RI,2026-04-25,2,Community Care,telehealth ok
RI,2026-04-25,5,Riverstone Medical,telehealth ok
NC,2026-04-25,4,Community Care,telehealth ok
NC,2026-04-25,1,Northside Health,
NC,2026-04-25,5,Lakeview Clinic,
TN,2026-04-25,3,Downtown Clinic,telehealth ok
TN,2026-04-25,1,Community Care,seasonal spike expected
TN,2026-04-25,5,Riverstone Medical,seasonal spike expected
IL,2026-04-25,4,Lakeview Clinic,telehealth ok
IL,2026-04-25,2,Northside Health,seasonal spike expected
IL,2026-04-25,5,Community Care,seasonal spike expected
NH,2026-04-25,5,Lakeview Clinic,seasonal spike expected
NH,2026-04-25,3,Community Care,seasonal spike expected
NH,2026-04-25,4,Riverstone Medical,
FL,2026-04-25,6,Lakeview Clinic,telehealth ok
FL,2026-04-25,3,Northside Health,telehealth ok
FL,2026-04-25,6,Downtown Clinic,seasonal spike expected
MT,2026-04-25,4,Lakeview Clinic,telehealth ok
MT,2026-04-25,1,Downtown Clinic,
MT,2026-04-25,4,Community Care,telehealth ok
NE,2026-04-25,5,Downtown Clinic,seasonal spike expected
NE,2026-04-25,4,Lakeview Clinic,
NE,2026-04-25,4,Northside Health,telehealth ok
CT,2026-04-25,5,Downtown Clinic,telehealth ok
CT,2026-04-25,3,Riverstone Medical,seasonal spike expected
CT,2026-04-25,2,Community Care,telehealth ok
AL,2026-04-25,4,Northside Health,seasonal spike expected
AL,2026-04-25,2,Community Care,
AL,2026-04-25,5,Lakeview Clinic,telehealth ok
MD,2026-04-25,2,Downtown Clinic,seasonal spike expected
MD,2026-04-25,3,Riverstone Medical,seasonal spike expected
MD,2026-04-25,5,Lakeview Clinic,seasonal spike expected
ID,2026-04-25,5,Community Care,seasonal spike expected
ID,2026-04-25,3,Downtown Clinic,seasonal spike expected
ID,2026-04-25,4,Northside Health,seasonal spike expected
ND,2026-04-25,1,Lakeview Clinic,seasonal spike expected
ND,2026-04-25,2,Downtown Clinic,
ND,2026-04-25,1,Riverstone Medical,seasonal spike expected
KS,2026-04-25,4,Riverstone Medical,
KS,2026-04-25,2,Downtown Clinic,telehealth ok
KS,2026-04-25,3,Lakeview Clinic,seasonal spike expected
VT,2026-04-25,5,Lakeview Clinic,
VT,2026-04-25,5,Northside Health,
VT,2026-04-25,3,Community Care,
MI,2026-04-25,2,Downtown Clinic,telehealth ok
MI,2026-04-25,3,Community Care,
MI,2026-04-25,4,Northside Health,
NY,2026-04-25,3,Northside Health,telehealth ok
NY,2026-04-25,3,Lakeview Clinic,
NY,2026-04-25,6,Community Care,telehealth ok
UT,2026-04-25,4,Riverstone Medical,seasonal spike expected
UT,2026-04-25,4,Community Care,seasonal spike expected
UT,2026-04-25,2,Lakeview Clinic,seasonal spike expected
TX,2026-04-25,3,Riverstone Medical,
TX,2026-04-25,2,Lakeview Clinic,telehealth ok
TX,2026-04-25,4,Community Care,telehealth ok
LA,2026-04-25,5,Downtown Clinic,
LA,2026-04-25,3,Riverstone Medical,telehealth ok
LA,2026-04-25,2,Northside Health,telehealth ok
WV,2026-04-25,3,Northside Health,
WV,2026-04-25,4,Downtown Clinic,
WV,2026-04-25,2,Lakeview Clinic,
NJ,2026-04-25,1,Lakeview Clinic,telehealth ok
NJ,2026-04-25,4,Downtown Clinic,
NJ,2026-04-25,4,Riverstone Medical,telehealth ok
NM,2026-04-25,3,Riverstone Medical,
NM,2026-04-25,1,Downtown Clinic,telehealth ok
NM,2026-04-25,3,Northside Health,seasonal spike expected
MN,2026-04-25,2,Community Care,
MN,2026-04-25,5,Riverstone Medical,telehealth ok
MN,2026-04-25,1,Northside Health,
MS,2026-04-25,5,Northside Health,
MS,2026-04-25,5,Downtown Clinic,
MS,2026-04-25,2,Lakeview Clinic,telehealth ok
VA,2026-04-25,5,Community Care,telehealth ok
VA,2026-04-25,3,Downtown Clinic,seasonal spike expected
VA,2026-04-25,4,Lakeview Clinic,seasonal spike expected
AR,2026-04-25,4,Lakeview Clinic,seasonal spike expected
AR,2026-04-25,5,Community Care,
AR,2026-04-25,4,Downtown Clinic,telehealth ok
WY,2026-04-26,5,Riverstone Medical,
WY,2026-04-26,3,Northside Health,seasonal spike expected
WY,2026-04-26,3,Lakeview Clinic,
OR,2026-04-26,1,Community Care,telehealth ok
OR,2026-04-26,5,Downtown Clinic,seasonal spike expected
OR,2026-04-26,4,Lakeview Clinic,telehealth ok
CA,2026-04-26,3,Downtown Clinic,
CA,2026-04-26,6,Lakeview Clinic,seasonal spike expected
CA,2026-04-26,5,Riverstone Medical,
GA,2026-04-26,2,Downtown Clinic,
GA,2026-04-26,3,Community Care,
GA,2026-04-26,1,Northside Health,telehealth ok
AK,2026-04-26,5,Riverstone Medical,
AK,2026-04-26,4,Downtown Clinic,
AK,2026-04-26,5,Community Care,
HI,2026-04-26,3,Lakeview Clinic,seasonal spike expected
HI,2026-04-26,1,Riverstone Medical,
HI,2026-04-26,1,Community Care,
PA,2026-04-26,4,Lakeview Clinic,
PA,2026-04-26,3,Riverstone Medical,seasonal spike expected
PA,2026-04-26,4,Northside Health,seasonal spike expected
AZ,2026-04-26,4,Downtown Clinic,seasonal spike expected
AZ,2026-04-26,5,Lakeview Clinic,
AZ,2026-04-26,4,Riverstone Medical,seasonal spike expected
RI,2026-04-26,1,Riverstone Medical,
RI,2026-04-26,2,Lakeview Clinic,seasonal spike expected
RI,2026-04-26,4,Northside Health,
NC,2026-04-26,2,Northside Health,telehealth ok
NC,2026-04-26,3,Lakeview Clinic,telehealth ok
NC,2026-04-26,4,Community Care,telehealth ok
TN,2026-04-26,1,Riverstone Medical,
TN,2026-04-26,5,Community Care,
TN,2026-04-26,3,Downtown Clinic,seasonal spike expected
IL,2026-04-26,2,Downtown Clinic,
IL,2026-04-26,3,Riverstone Medical,seasonal spike expected
IL,2026-04-26,5,Community Care,
NH,2026-04-26,2,Lakeview Clinic,
NH,2026-04-26,3,Northside Health,
NH,2026-04-26,1,Riverstone Medical,seasonal spike expected
FL,2026-04-26,5,Northside Health,telehealth ok
FL,2026-04-26,4,Downtown Clinic,
FL,2026-04-26,4,Riverstone Medical,
MT,2026-04-26,1,Northside Health,
MT,2026-04-26,2,Community Care,telehealth ok
MT,2026-04-26,3,Lakeview Clinic,
NE,2026-04-26,2,Downtown Clinic,seasonal spike expected
NE,2026-04-26,1,Riverstone Medical,
NE,2026-04-26,4,Community Care,seasonal spike expected
CT,2026-04-26,4,Lakeview Clinic,
CT,2026-04-26,3,Downtown Clinic,telehealth ok
CT,2026-04-26,4,Community Care,telehealth ok
AL,2026-04-26,1,Northside Health,seasonal spike expected
AL,2026-04-26,5,Community Care,seasonal spike expected
AL,2026-04-26,5,Downtown Clinic,seasonal spike expected
MD,2026-04-26,3,Northside Health,telehealth ok
MD,2026-04-26,5,Community Care,
MD,2026-04-26,2,Riverstone Medical,seasonal spike expected
ID,2026-04-26,4,Downtown Clinic,seasonal spike expected
ID,2026-04-26,4,Lakeview Clinic,
ID,2026-04-26,2,Riverstone Medical,seasonal spike expected
ND,2026-04-26,5,Northside Health,
ND,2026-04-26,4,Downtown Clinic,telehealth ok
ND,2026-04-26,1,Community Care,
KS,2026-04-26,5,Riverstone Medical,
KS,2026-04-26,1,Northside Health,
KS,2026-04-26,1,Community Care,
VT,2026-04-26,2,Lakeview Clinic,seasonal spike expected
VT,2026-04-26,1,Community Care,telehealth ok
VT,2026-04-26,2,Riverstone Medical,seasonal spike expected
MI,2026-04-26,4,Riverstone Medical,seasonal spike expected
MI,2026-04-26,4,Lakeview Clinic,seasonal spike expected
MI,2026-04-26,2,Downtown Clinic,
NY,2026-04-26,2,Downtown Clinic,
NY,2026-04-26,6,Northside Health,telehealth ok
NY,2026-04-26,5,Community Care,telehealth ok
UT,2026-04-26,3,Northside Health,seasonal spike expected
UT,2026-04-26,5,Riverstone Medical,telehealth ok
UT,2026-04-26,3,Downtown Clinic,telehealth ok
TX,2026-04-26,5,Riverstone Medical,telehealth ok
TX,2026-04-26,5,Northside Health,
TX,2026-04-26,6,Lakeview Clinic,telehealth ok
LA,2026-04-26,1,Northside Health,
LA,2026-04-26,2,Lakeview Clinic,telehealth ok
LA,2026-04-26,1,Riverstone Medical,telehealth ok
WV,2026-04-26,2,Northside Health,telehealth ok
WV,2026-04-26,4,Lakeview Clinic,seasonal spike expected
WV,2026-04-26,3,Downtown Clinic,seasonal spike expected
NJ,2026-04-26,4,Downtown Clinic,
NJ,2026-04-26,3,Northside Health,telehealth ok
NJ,2026-04-26,4,Community Care,
NM,2026-04-26,5,Downtown Clinic,
NM,2026-04-26,5,Community Care,seasonal spike expected
NM,2026-04-26,2,Lakeview Clinic,seasonal spike expected
MN,2026-04-26,1,Downtown Clinic,seasonal spike expected
MN,2026-04-26,3,Northside Health,telehealth ok
MN,2026-04-26,1,Community Care,seasonal spike expected
MS,2026-04-26,4,Northside Health,
MS,2026-04-26,2,Community Care,seasonal spike expected
MS,2026-04-26,4,Riverstone Medical,seasonal spike expected
VA,2026-04-26,1,Lakeview Clinic,seasonal spike expected
VA,2026-04-26,1,Riverstone Medical,
VA,2026-04-26,2,Downtown Clinic,telehealth ok
AR,2026-04-26,1,Downtown Clinic,
AR,2026-04-26,2,Lakeview Clinic,seasonal spike expected
AR,2026-04-26,1,Northside Health,
WY,2026-04-27,3,Northside Health,
WY,2026-04-27,3,Community Care,seasonal spike expected
WY,2026-04-27,4,Riverstone Medical,seasonal spike expected
OR,2026-04-27,5,Lakeview Clinic,
OR,2026-04-27,4,Riverstone Medical,
OR,2026-04-27,4,Community Care,telehealth ok
CA,2026-04-27,7,Lakeview Clinic,seasonal spike expected
CA,2026-04-27,6,Riverstone Medical,seasonal spike expected
CA,2026-04-27,3,Downtown Clinic,
GA,2026-04-27,5,Downtown Clinic,telehealth ok
GA,2026-04-27,6,Community Care,
GA,2026-04-27,3,Northside Health,
AK,2026-04-27,6,Downtown Clinic,seasonal spike expected
AK,2026-04-27,6,Riverstone Medical,
AK,2026-04-27,2,Northside Health,seasonal spike expected
HI,2026-04-27,6,Downtown Clinic,telehealth ok
HI,2026-04-27,4,Riverstone Medical,
HI,2026-04-27,2,Community Care,seasonal spike expected
PA,2026-04-27,2,Northside Health,
PA,2026-04-27,2,Community Care,
PA,2026-04-27,6,Riverstone Medical,telehealth ok
AZ,2026-04-27,3,Riverstone Medical,telehealth ok
AZ,2026-04-27,2,Northside Health,seasonal spike expected
AZ,2026-04-27,4,Downtown Clinic,seasonal spike expected
RI,2026-04-27,5,Lakeview Clinic,
RI,2026-04-27,6,Community Care,telehealth ok
RI,2026-04-27,6,Riverstone Medical,telehealth ok
NC,2026-04-27,6,Northside Health,telehealth ok
NC,2026-04-27,6,Community Care,telehealth ok
NC,2026-04-27,4,Downtown Clinic,telehealth ok
TN,2026-04-27,6,Northside Health,telehealth ok
TN,2026-04-27,6,Community Care,
TN,2026-04-27,5,Riverstone Medical,seasonal spike expected
IL,2026-04-27,3,Downtown Clinic,telehealth ok
IL,2026-04-27,4,Riverstone Medical,seasonal spike expected
IL,2026-04-27,4,Northside Health,
NH,2026-04-27,4,Lakeview Clinic,seasonal spike expected
NH,2026-04-27,2,Community Care,seasonal spike expected
NH,2026-04-27,2,Downtown Clinic,
FL,2026-04-27,5,Community Care,telehealth ok
FL,2026-04-27,3,Northside Health,telehealth ok
FL,2026-04-27,7,Lakeview Clinic,
MT,2026-04-27,4,Community Care,
MT,2026-04-27,5,Downtown Clinic,seasonal spike expected
MT,2026-04-27,6,Riverstone Medical,seasonal spike expected
NE,2026-04-27,5,Community Care,
NE,2026-04-27,6,Riverstone Medical,seasonal spike expected
NE,2026-04-27,2,Lakeview Clinic,
CT,2026-04-27,5,Community Care,
CT,2026-04-27,3,Northside Health,telehealth ok
CT,2026-04-27,5,Downtown Clinic,seasonal spike expected
AL,2026-04-27,4,Northside Health,telehealth ok
AL,2026-04-27,2,Community Care,
AL,2026-04-27,3,Downtown Clinic,seasonal spike expected
MD,2026-04-27,4,Community Care,seasonal spike expected
MD,2026-04-27,2,Riverstone Medical,seasonal spike expected
MD,2026-04-27,6,Northside Health,seasonal spike expected
ID,2026-04-27,3,Lakeview Clinic,seasonal spike expected
ID,2026-04-27,5,Northside Health,seasonal spike expected
ID,2026-04-27,5,Riverstone Medical,telehealth ok
ND,2026-04-27,5,Northside Health,
ND,2026-04-27,4,Lakeview Clinic,seasonal spike expected
ND,2026-04-27,2,Downtown Clinic,telehealth ok
KS,2026-04-27,4,Northside Health,telehealth ok
KS,2026-04-27,4,Community Care,
KS,2026-04-27,2,Lakeview Clinic,
VT,2026-04-27,4,Lakeview Clinic,telehealth ok
VT,2026-04-27,2,Riverstone Medical,seasonal spike expected
VT,2026-04-27,5,Northside Health,
MI,2026-04-27,5,Community Care,seasonal spike expected
MI,2026-04-27,2,Northside Health,telehealth ok
MI,2026-04-27,6,Riverstone Medical,seasonal spike expected
NY,2026-04-27,6,Lakeview Clinic,
NY,2026-04-27,7,Downtown Clinic,seasonal spike expected
NY,2026-04-27,6,Riverstone Medical,seasonal spike expected
UT,2026-04-27,5,Community Care,seasonal spike expected
UT,2026-04-27,6,Downtown Clinic,
UT,2026-04-27,6,Riverstone Medical,
TX,2026-04-27,4,Community Care,
TX,2026-04-27,4,Lakeview Clinic,telehealth ok
TX,2026-04-27,4,Northside Health,seasonal spike expected
LA,2026-04-27,5,Community Care,seasonal spike expected
LA,2026-04-27,5,Lakeview Clinic,telehealth ok
LA,2026-04-27,2,Riverstone Medical,
WV,2026-04-27,5,Northside Health,telehealth ok
WV,2026-04-27,6,Riverstone Medical,telehealth ok
WV,2026-04-27,3,Community Care,seasonal spike expected
NJ,2026-04-27,2,Community Care,telehealth ok
NJ,2026-04-27,2,Northside Health,telehealth ok
NJ,2026-04-27,2,Downtown Clinic,
NM,2026-04-27,5,Northside Health,telehealth ok
NM,2026-04-27,3,Downtown Clinic,
NM,2026-04-27,4,Community Care,seasonal spike expected
MN,2026-04-27,5,Northside Health,
MN,2026-04-27,2,Lakeview Clinic,
MN,2026-04-27,6,Community Care,telehealth ok
MS,2026-04-27,2,Lakeview Clinic,
MS,2026-04-27,2,Riverstone Medical,seasonal spike expected
MS,2026-04-27,5,Community Care,
VA,2026-04-27,4,Downtown Clinic,telehealth ok
VA,2026-04-27,3,Lakeview Clinic,telehealth ok
VA,2026-04-27,5,Riverstone Medical,telehealth ok
AR,2026-04-27,6,Riverstone Medical,telehealth ok
AR,2026-04-27,5,Northside Health,telehealth ok
AR,2026-04-27,4,Community Care,telehealth ok
WY,2026-04-28,4,Northside Health,telehealth ok
WY,2026-04-28,2,Community Care,seasonal spike expected
WY,2026-04-28,4,Lakeview Clinic,seasonal spike expected
OR,2026-04-28,2,Downtown Clinic,telehealth ok
OR,2026-04-28,6,Northside Health,telehealth ok
OR,2026-04-28,2,Riverstone Medical,seasonal spike expected
CA,2026-04-28,7,Lakeview Clinic,seasonal spike expected
CA,2026-04-28,6,Downtown Clinic,seasonal spike expected
CA,2026-04-28,5,Community Care,
GA,2026-04-28,4,Northside Health,telehealth ok
GA,2026-04-28,6,Community Care,
GA,2026-04-28,4,Downtown Clinic,
AK,2026-04-28,5,Riverstone Medical,seasonal spike expected
AK,2026-04-28,3,Downtown Clinic,seasonal spike expected
AK,2026-04-28,2,Lakeview Clinic,
HI,2026-04-28,2,Community Care,telehealth ok
HI,2026-04-28,4,Riverstone Medical,
HI,2026-04-28,3,Northside Health,
PA,2026-04-28,5,Riverstone Medical,
PA,2026-04-28,2,Lakeview Clinic,
PA,2026-04-28,4,Community Care,seasonal spike expected
AZ,2026-04-28,2,Lakeview Clinic,telehealth ok
AZ,2026-04-28,2,Downtown Clinic,seasonal spike expected
AZ,2026-04-28,5,Riverstone Medical,seasonal spike expected
RI,2026-04-28,4,Community Care,telehealth ok
RI,2026-04-28,3,Northside Health,telehealth ok
RI,2026-04-28,3,Downtown Clinic,telehealth ok
NC,2026-04-28,5,Downtown Clinic,seasonal spike expected
NC,2026-04-28,2,Riverstone Medical,
NC,2026-04-28,6,Northside Health,telehealth ok
TN,2026-04-28,5,Northside Health,telehealth ok
TN,2026-04-28,2,Downtown Clinic,
TN,2026-04-28,2,Community Care,
IL,2026-04-28,2,Community Care,
IL,2026-04-28,6,Riverstone Medical,
IL,2026-04-28,2,Northside Health,telehealth ok
NH,2026-04-28,4,Lakeview Clinic,telehealth ok
NH,2026-04-28,4,Northside Health,seasonal spike expected
NH,2026-04-28,3,Downtown Clinic,
FL,2026-04-28,5,Downtown Clinic,
FL,2026-04-28,7,Riverstone Medical,telehealth ok
FL,2026-04-28,7,Community Care,telehealth ok
MT,2026-04-28,6,Northside Health,seasonal spike expected
MT,2026-04-28,2,Downtown Clinic,
MT,2026-04-28,4,Riverstone Medical,
NE,2026-04-28,3,Downtown Clinic,
NE,2026-04-28,6,Lakeview Clinic,seasonal spike expected
NE,2026-04-28,4,Riverstone Medical,seasonal spike expected
CT,2026-04-28,5,Northside Health,seasonal spike expected
CT,2026-04-28,2,Downtown Clinic,telehealth ok
CT,2026-04-28,4,Lakeview Clinic,telehealth ok
AL,2026-04-28,2,Northside Health,seasonal spike expected
AL,2026-04-28,4,Lakeview Clinic,telehealth ok
AL,2026-04-28,6,Riverstone Medical,telehealth ok
MD,2026-04-28,6,Lakeview Clinic,seasonal spike expected
MD,2026-04-28,5,Northside Health,
MD,2026-04-28,2,Riverstone Medical,seasonal spike expected
ID,2026-04-28,6,Lakeview Clinic,seasonal spike expected
ID,2026-04-28,4,Riverstone Medical,seasonal spike expected
ID,2026-04-28,5,Community Care,telehealth ok
ND,2026-04-28,2,Lakeview Clinic,seasonal spike expected
ND,2026-04-28,5,Community Care,telehealth ok
ND,2026-04-28,5,Northside Health,
KS,2026-04-28,5,Community Care,
KS,2026-04-28,2,Downtown Clinic,telehealth ok
KS,2026-04-28,5,Northside Health,seasonal spike expected
VT,2026-04-28,6,Community Care,
VT,2026-04-28,5,Northside Health,seasonal spike expected
VT,2026-04-28,3,Riverstone Medical,seasonal spike expected
MI,2026-04-28,2,Northside Health,
MI,2026-04-28,4,Lakeview Clinic,telehealth ok
MI,2026-04-28,4,Community Care,seasonal spike expected
NY,2026-04-28,5,Downtown Clinic,
NY,2026-04-28,7,Riverstone Medical,
NY,2026-04-28,4,Northside Health,telehealth ok
UT,2026-04-28,3,Riverstone Medical,seasonal spike expected
UT,2026-04-28,4,Lakeview Clinic,
UT,2026-04-28,2,Community Care,seasonal spike expected
TX,2026-04-28,7,Riverstone Medical,
TX,2026-04-28,7,Community Care,seasonal spike expected
TX,2026-04-28,5,Downtown Clinic,seasonal spike expected
LA,2026-04-28,6,Downtown Clinic,
LA,2026-04-28,3,Lakeview Clinic,seasonal spike expected
LA,2026-04-28,4,Community Care,seasonal spike expected
WV,2026-04-28,6,Community Care,
WV,2026-04-28,5,Northside Health,telehealth ok
WV,2026-04-28,2,Lakeview Clinic,
NJ,2026-04-28,3,Riverstone Medical,
NJ,2026-04-28,5,Northside Health,telehealth ok
NJ,2026-04-28,3,Downtown Clinic,
NM,2026-04-28,5,Downtown Clinic,seasonal spike expected
NM,2026-04-28,5,Northside Health,
NM,2026-04-28,3,Community Care,
MN,2026-04-28,2,Downtown Clinic,seasonal spike expected
MN,2026-04-28,2,Northside Health,seasonal spike expected
MN,2026-04-28,4,Riverstone Medical,telehealth ok
MS,2026-04-28,5,Downtown Clinic,telehealth ok
MS,2026-04-28,5,Riverstone Medical,seasonal spike expected
MS,2026-04-28,5,Community Care,
VA,2026-04-28,3,Community Care,seasonal spike expected
VA,2026-04-28,2,Downtown Clinic,telehealth ok
VA,2026-04-28,2,Riverstone Medical,
AR,2026-04-28,4,Riverstone Medical,seasonal spike expected
AR,2026-04-28,4,Northside Health,
AR,2026-04-28,5,Downtown Clinic,telehealth ok
WY,2026-04-29,3,Riverstone Medical,seasonal spike expected
WY,2026-04-29,3,Lakeview Clinic,
WY,2026-04-29,5,Northside Health,
OR,2026-04-29,4,Downtown Clinic,seasonal spike expected
OR,2026-04-29,4,Northside Health,
OR,2026-04-29,6,Riverstone Medical,
CA,2026-04-29,6,Community Care,telehealth ok
CA,2026-04-29,5,Downtown Clinic,
CA,2026-04-29,7,Lakeview Clinic,
GA,2026-04-29,2,Riverstone Medical,telehealth ok
GA,2026-04-29,6,Lakeview Clinic,seasonal spike expected
GA,2026-04-29,3,Downtown Clinic,telehealth ok
AK,2026-04-29,2,Riverstone Medical,telehealth ok
AK,2026-04-29,6,Community Care,telehealth ok
AK,2026-04-29,2,Northside Health,
HI,2026-04-29,6,Northside Health,telehealth ok
HI,2026-04-29,4,Riverstone Medical,telehealth ok
HI,2026-04-29,5,Downtown Clinic,telehealth ok
PA,2026-04-29,6,Northside Health,seasonal spike expected
PA,2026-04-29,3,Lakeview Clinic,seasonal spike expected
PA,2026-04-29,6,Downtown Clinic,telehealth ok
AZ,2026-04-29,2,Northside Health,seasonal spike expected
AZ,2026-04-29,5,Downtown Clinic,seasonal spike expected
AZ,2026-04-29,3,Community Care,seasonal spike expected
RI,2026-04-29,6,Northside Health,seasonal spike expected
RI,2026-04-29,3,Lakeview Clinic,telehealth ok
RI,2026-04-29,2,Community Care,telehealth ok
NC,2026-04-29,3,Lakeview Clinic,seasonal spike expected
NC,2026-04-29,4,Riverstone Medical,telehealth ok
NC,2026-04-29,3,Community Care,telehealth ok
TN,2026-04-29,2,Lakeview Clinic,telehealth ok
TN,2026-04-29,4,Community Care,
TN,2026-04-29,5,Northside Health,seasonal spike expected
IL,2026-04-29,2,Lakeview Clinic,
IL,2026-04-29,6,Riverstone Medical,
IL,2026-04-29,5,Downtown Clinic,seasonal spike expected
NH,2026-04-29,5,Downtown Clinic,
NH,2026-04-29,5,Riverstone Medical,telehealth ok
NH,2026-04-29,2,Northside Health,
FL,2026-04-29,3,Northside Health,
FL,2026-04-29,3,Community Care,telehealth ok
FL,2026-04-29,4,Lakeview Clinic,telehealth ok
MT,2026-04-29,5,Lakeview Clinic,seasonal spike expected
MT,2026-04-29,3,Community Care,
MT,2026-04-29,2,Northside Health,
NE,2026-04-29,3,Lakeview Clinic,seasonal spike expected
NE,2026-04-29,6,Community Care,telehealth ok
NE,2026-04-29,2,Downtown Clinic,telehealth ok
CT,2026-04-29,3,Downtown Clinic,seasonal spike expected
CT,2026-04-29,2,Community Care,seasonal spike expected
CT,2026-04-29,2,Riverstone Medical,telehealth ok
AL,2026-04-29,4,Northside Health,telehealth ok
AL,2026-04-29,6,Lakeview Clinic,telehealth ok
AL,2026-04-29,4,Community Care,
MD,2026-04-29,2,Lakeview Clinic,seasonal spike expected
MD,2026-04-29,3,Northside Health,telehealth ok
MD,2026-04-29,2,Community Care,telehealth ok
ID,2026-04-29,6,Downtown Clinic,seasonal spike expected
ID,2026-04-29,2,Northside Health,telehealth ok
ID,2026-04-29,2,Riverstone Medical,telehealth ok
ND,2026-04-29,3,Riverstone Medical,seasonal spike expected
ND,2026-04-29,3,Lakeview Clinic,telehealth ok
ND,2026-04-29,4,Northside Health,
KS,2026-04-29,5,Community Care,seasonal spike expected
KS,2026-04-29,3,Riverstone Medical,telehealth ok
KS,2026-04-29,4,Northside Health,seasonal spike expected
VT,2026-04-29,2,Downtown Clinic,
VT,2026-04-29,4,Riverstone Medical,telehealth ok
VT,2026-04-29,6,Community Care,seasonal spike expected
MI,2026-04-29,4,Riverstone Medical,seasonal spike expected
MI,2026-04-29,4,Lakeview Clinic,
MI,2026-04-29,4,Community Care,seasonal spike expected
NY,2026-04-29,6,Downtown Clinic,seasonal spike expected
NY,2026-04-29,3,Riverstone Medical,seasonal spike expected
NY,2026-04-29,4,Lakeview Clinic,seasonal spike expected
UT,2026-04-29,2,Downtown Clinic,telehealth ok
UT,2026-04-29,5,Northside Health,
UT,2026-04-29,4,Community Care,
TX,2026-04-29,6,Lakeview Clinic,
TX,2026-04-29,7,Northside Health,telehealth ok
TX,2026-04-29,7,Riverstone Medical,telehealth ok
LA,2026-04-29,6,Lakeview Clinic,telehealth ok
LA,2026-04-29,2,Riverstone Medical,seasonal spike expected
LA,2026-04-29,3,Community Care,
WV,2026-04-29,5,Community Care,
WV,2026-04-29,3,Downtown Clinic,seasonal spike expected
WV,2026-04-29,3,Northside Health,seasonal spike expected
NJ,2026-04-29,6,Northside Health,seasonal spike expected
NJ,2026-04-29,3,Community Care,
NJ,2026-04-29,3,Downtown Clinic,seasonal spike expected
NM,2026-04-29,4,Community Care,
NM,2026-04-29,6,Riverstone Medical,seasonal spike expected
NM,2026-04-29,2,Downtown Clinic,seasonal spike expected
MN,2026-04-29,5,Community Care,
MN,2026-04-29,2,Riverstone Medical,telehealth ok
MN,2026-04-29,4,Downtown Clinic,telehealth ok
MS,2026-04-29,5,Riverstone Medical,telehealth ok
MS,2026-04-29,6,Lakeview Clinic,telehealth ok
MS,2026-04-29,5,Community Care,
VA,2026-04-29,3,Community Care,telehealth ok
VA,2026-04-29,3,Riverstone Medical,
VA,2026-04-29,6,Downtown Clinic,seasonal spike expected
AR,2026-04-29,4,Downtown Clinic,
AR,2026-04-29,2,Community Care,
AR,2026-04-29,6,Lakeview Clinic,telehealth ok
WY,2026-04-30,6,Community Care,
WY,2026-04-30,8,Riverstone Medical,telehealth ok
WY,2026-04-30,6,Downtown Clinic,telehealth ok
OR,2026-04-30,8,Riverstone Medical,
OR,2026-04-30,5,Northside Health,seasonal spike expected
OR,2026-04-30,8,Downtown Clinic,seasonal spike expected
CA,2026-04-30,6,Community Care,seasonal spike expected
CA,2026-04-30,9,Northside Health,telehealth ok
CA,2026-04-30,5,Riverstone Medical,telehealth ok
GA,2026-04-30,8,Riverstone Medical,telehealth ok
GA,2026-04-30,5,Community Care,
GA,2026-04-30,6,Northside Health,
AK,2026-04-30,6,Riverstone Medical,telehealth ok
AK,2026-04-30,6,Lakeview Clinic,
AK,2026-04-30,8,Downtown Clinic,seasonal spike expected
HI,2026-04-30,6,Northside Health,telehealth ok
HI,2026-04-30,5,Downtown Clinic,seasonal spike expected
HI,2026-04-30,4,Riverstone Medical,telehealth ok
PA,2026-04-30,7,Northside Health,seasonal spike expected
PA,2026-04-30,8,Lakeview Clinic,telehealth ok
PA,2026-04-30,7,Downtown Clinic,
AZ,2026-04-30,6,Northside Health,
AZ,2026-04-30,6,Riverstone Medical,
AZ,2026-04-30,6,Lakeview Clinic,seasonal spike expected
RI,2026-04-30,5,Riverstone Medical,telehealth ok
RI,2026-04-30,4,Community Care,telehealth ok
RI,2026-04-30,5,Northside Health,
NC,2026-04-30,6,Lakeview Clinic,telehealth ok
NC,2026-04-30,4,Community Care,seasonal spike expected
NC,2026-04-30,6,Northside Health,
TN,2026-04-30,7,Downtown Clinic,telehealth ok
TN,2026-04-30,7,Community Care,
TN,2026-04-30,7,Riverstone Medical,
IL,2026-04-30,4,Northside Health,
IL,2026-04-30,4,Riverstone Medical,
IL,2026-04-30,8,Community Care,seasonal spike expected
NH,2026-04-30,5,Downtown Clinic,telehealth ok
NH,2026-04-30,7,Northside Health,
NH,2026-04-30,4,Lakeview Clinic,seasonal spike expected
FL,2026-04-30,7,Northside Health,seasonal spike expected
FL,2026-04-30,5,Downtown Clinic,seasonal spike expected
FL,2026-04-30,8,Community Care,telehealth ok
MT,2026-04-30,4,Community Care,seasonal spike expected
MT,2026-04-30,4,Northside Health,telehealth ok
MT,2026-04-30,8,Riverstone Medical,telehealth ok
NE,2026-04-30,8,Community Care,
NE,2026-04-30,4,Riverstone Medical,telehealth ok
NE,2026-04-30,8,Downtown Clinic,
CT,2026-04-30,5,Community Care,telehealth ok
CT,2026-04-30,6,Downtown Clinic,telehealth ok
CT,2026-04-30,5,Riverstone Medical,
AL,2026-04-30,5,Riverstone Medical,telehealth ok
AL,2026-04-30,8,Lakeview Clinic,seasonal spike expected
AL,2026-04-30,7,Downtown Clinic,telehealth ok
MD,2026-04-30,6,Northside Health,seasonal spike expected
MD,2026-04-30,4,Community Care,
MD,2026-04-30,7,Riverstone Medical,telehealth ok
ID,2026-04-30,6,Community Care,
ID,2026-04-30,4,Downtown Clinic,telehealth ok
ID,2026-04-30,5,Riverstone Medical,telehealth ok
ND,2026-04-30,7,Downtown Clinic,
ND,2026-04-30,7,Northside Health,telehealth ok
ND,2026-04-30,6,Community Care,seasonal spike expected
KS,2026-04-30,7,Lakeview Clinic,
KS,2026-04-30,6,Riverstone Medical,seasonal spike expected
KS,2026-04-30,4,Northside Health,telehealth ok
VT,2026-04-30,6,Community Care,
VT,2026-04-30,6,Northside Health,
VT,2026-04-30,7,Lakeview Clinic,
MI,2026-04-30,7,Northside Health,telehealth ok
MI,2026-04-30,4,Riverstone Medical,telehealth ok
MI,2026-04-30,6,Community Care,telehealth ok
NY,2026-04-30,5,Downtown Clinic,seasonal spike expected
NY,2026-04-30,6,Lakeview Clinic,seasonal spike expected
NY,2026-04-30,8,Northside Health,telehealth ok
UT,2026-04-30,6,Riverstone Medical,seasonal spike expected
UT,2026-04-30,4,Downtown Clinic,telehealth ok
UT,2026-04-30,6,Northside Health,telehealth ok
TX,2026-04-30,8,Downtown Clinic,seasonal spike expected
TX,2026-04-30,7,Lakeview Clinic,seasonal spike expected
TX,2026-04-30,6,Northside Health,telehealth ok
LA,2026-04-30,8,Northside Health,seasonal spike expected
LA,2026-04-30,5,Community Care,telehealth ok
LA,2026-04-30,6,Riverstone Medical,
WV,2026-04-30,6,Lakeview Clinic,seasonal spike expected
WV,2026-04-30,7,Community Care,telehealth ok
WV,2026-04-30,6,Riverstone Medical,telehealth ok
NJ,2026-04-30,8,Downtown Clinic,seasonal spike expected
NJ,2026-04-30,6,Northside Health,seasonal spike expected
NJ,2026-04-30,6,Riverstone Medical,telehealth ok
NM,2026-04-30,4,Northside Health,telehealth ok
NM,2026-04-30,6,Lakeview Clinic,
NM,2026-04-30,6,Riverstone Medical,telehealth ok
MN,2026-04-30,7,Riverstone Medical,telehealth ok
MN,2026-04-30,7,Northside Health,telehealth ok
MN,2026-04-30,8,Downtown Clinic,telehealth ok
MS,2026-04-30,5,Northside Health,seasonal spike expected
MS,2026-04-30,6,Downtown Clinic,seasonal spike expected
MS,2026-04-30,8,Lakeview Clinic,telehealth ok
VA,2026-04-30,4,Northside Health,
VA,2026-04-30,8,Community Care,telehealth ok
VA,2026-04-30,7,Riverstone Medical,
AR,2026-04-30,8,Downtown Clinic,
AR,2026-04-30,6,Lakeview Clinic,telehealth ok
AR,2026-04-30,4,Northside Health,telehealth ok
WY,2026-05-01,4,Lakeview Clinic,
WY,2026-05-01,6,Downtown Clinic,
WY,2026-05-01,3,Northside Health,
OR,2026-05-01,4,Lakeview Clinic,telehealth ok
OR,2026-05-01,2,Riverstone Medical,
OR,2026-05-01,5,Downtown Clinic,seasonal spike expected
CA,2026-05-01,6,Lakeview Clinic,seasonal spike expected
CA,2026-05-01,4,Riverstone Medical,seasonal spike expected
CA,2026-05-01,7,Downtown Clinic,seasonal spike expected
GA,2026-05-01,4,Lakeview Clinic,seasonal spike expected
GA,2026-05-01,2,Community Care,telehealth ok
GA,2026-05-01,3,Riverstone Medical,
AK,2026-05-01,5,Lakeview Clinic,
AK,2026-05-01,4,Downtown Clinic,
AK,2026-05-01,5,Community Care,telehealth ok
HI,2026-05-01,6,Downtown Clinic,
HI,2026-05-01,3,Northside Health,
HI,2026-05-01,5,Lakeview Clinic,seasonal spike expected
PA,2026-05-01,3,Lakeview Clinic,
PA,2026-05-01,2,Community Care,
PA,2026-05-01,2,Riverstone Medical,telehealth ok
AZ,2026-05-01,4,Downtown Clinic,seasonal spike expected
AZ,2026-05-01,5,Community Care,
AZ,2026-05-01,4,Riverstone Medical,
RI,2026-05-01,6,Downtown Clinic,telehealth ok
RI,2026-05-01,6,Lakeview Clinic,telehealth ok
RI,2026-05-01,6,Northside Health,
NC,2026-05-01,4,Downtown Clinic,
NC,2026-05-01,2,Lakeview Clinic,
NC,2026-05-01,6,Northside Health,seasonal spike expected
TN,2026-05-01,3,Riverstone Medical,
TN,2026-05-01,3,Northside Health,
TN,2026-05-01,3,Downtown Clinic,
IL,2026-05-01,5,Community Care,seasonal spike expected
IL,2026-05-01,2,Downtown Clinic,seasonal spike expected
IL,2026-05-01,3,Northside Health,
NH,2026-05-01,5,Riverstone Medical,
NH,2026-05-01,2,Lakeview Clinic,
NH,2026-05-01,3,Northside Health,seasonal spike expected
FL,2026-05-01,4,Downtown Clinic,telehealth ok
FL,2026-05-01,6,Riverstone Medical,seasonal spike expected
FL,2026-05-01,5,Northside Health,seasonal spike expected
MT,2026-05-01,6,Community Care,seasonal spike expected
MT,2026-05-01,2,Northside Health,telehealth ok
MT,2026-05-01,3,Lakeview Clinic,seasonal spike expected
NE,2026-05-01,3,Riverstone Medical,telehealth ok
NE,2026-05-01,4,Community Care,seasonal spike expected
NE,2026-05-01,2,Lakeview Clinic,telehealth ok
CT,2026-05-01,6,Downtown Clinic,
CT,2026-05-01,5,Riverstone Medical,
CT,2026-05-01,3,Lakeview Clinic,telehealth ok
AL,2026-05-01,3,Lakeview Clinic,seasonal spike expected
AL,2026-05-01,4,Riverstone Medical,telehealth ok
AL,2026-05-01,6,Northside Health,
MD,2026-05-01,3,Northside Health,telehealth ok
MD,2026-05-01,5,Lakeview Clinic,telehealth ok
MD,2026-05-01,6,Downtown Clinic,
ID,2026-05-01,4,Northside Health,seasonal spike expected
ID,2026-05-01,6,Community Care,telehealth ok
ID,2026-05-01,6,Lakeview Clinic,seasonal spike expected
ND,2026-05-01,4,Northside Health,telehealth ok
ND,2026-05-01,5,Community Care,seasonal spike expected
ND,2026-05-01,2,Downtown Clinic,seasonal spike expected
KS,2026-05-01,4,Community Care,seasonal spike expected
KS,2026-05-01,2,Lakeview Clinic,telehealth ok
KS,2026-05-01,3,Northside Health,telehealth ok
VT,2026-05-01,4,Lakeview Clinic,telehealth ok
VT,2026-05-01,5,Downtown Clinic,telehealth ok
VT,2026-05-01,2,Northside Health,seasonal spike expected
MI,2026-05-01,6,Community Care,
MI,2026-05-01,5,Riverstone Medical,telehealth ok
MI,2026-05-01,2,Lakeview Clinic,
NY,2026-05-01,6,Downtown Clinic,seasonal spike expected
NY,2026-05-01,3,Riverstone Medical,seasonal spike expected
NY,2026-05-01,3,Community Care,telehealth ok
UT,2026-05-01,3,Lakeview Clinic,
UT,2026-05-01,2,Riverstone Medical,
UT,2026-05-01,6,Community Care,
TX,2026-05-01,7,Lakeview Clinic,
TX,2026-05-01,7,Community Care,
TX,2026-05-01,6,Northside Health,
LA,2026-05-01,2,Riverstone Medical,seasonal spike expected
LA,2026-05-01,6,Northside Health,
LA,2026-05-01,3,Lakeview Clinic,
WV,2026-05-01,3,Lakeview Clinic,telehealth ok
WV,2026-05-01,2,Riverstone Medical,
WV,2026-05-01,4,Northside Health,
NJ,2026-05-01,2,Downtown Clinic,telehealth ok
NJ,2026-05-01,6,Riverstone Medical,telehealth ok
NJ,2026-05-01,2,Lakeview Clinic,
NM,2026-05-01,5,Northside Health,
NM,2026-05-01,6,Community Care,seasonal spike expected
NM,2026-05-01,3,Downtown Clinic,
MN,2026-05-01,3,Lakeview Clinic,telehealth ok
MN,2026-05-01,4,Community Care,telehealth ok
MN,2026-05-01,2,Downtown Clinic,seasonal spike expected
MS,2026-05-01,4,Lakeview Clinic,
MS,2026-05-01,2,Northside Health,seasonal spike expected
MS,2026-05-01,5,Community Care,telehealth ok
VA,2026-05-01,2,Lakeview Clinic,
VA,2026-05-01,4,Northside Health,telehealth ok
VA,2026-05-01,4,Riverstone Medical,seasonal spike expected
AR,2026-05-01,4,Lakeview Clinic,telehealth ok
AR,2026-05-01,3,Northside Health,telehealth ok
AR,2026-05-01,6,Community Care,telehealth ok
WY,2026-05-02,4,Downtown Clinic,telehealth ok
WY,2026-05-02,5,Northside Health,seasonal spike expected
WY,2026-05-02,1,Community Care,
OR,2026-05-02,4,Community Care,
OR,2026-05-02,4,Riverstone Medical,telehealth ok
OR,2026-05-02,1,Northside Health,telehealth ok
CA,2026-05-02,2,Community Care,
CA,2026-05-02,4,Northside Health,
CA,2026-05-02,2,Downtown Clinic,telehealth ok
GA,2026-05-02,3,Downtown Clinic,telehealth ok
GA,2026-05-02,5,Riverstone Medical,
GA,2026-05-02,3,Community Care,seasonal spike expected
AK,2026-05-02,1,Riverstone Medical,seasonal spike expected
AK,2026-05-02,2,Downtown Clinic,seasonal spike expected
AK,2026-05-02,3,Community Care,telehealth ok
HI,2026-05-02,3,Riverstone Medical,telehealth ok
HI,2026-05-02,2,Lakeview Clinic,telehealth ok
HI,2026-05-02,5,Downtown Clinic,seasonal spike expected
PA,2026-05-02,2,Northside Health,telehealth ok
PA,2026-05-02,2,Community Care,
PA,2026-05-02,2,Lakeview Clinic,telehealth ok
AZ,2026-05-02,4,Riverstone Medical,telehealth ok
AZ,2026-05-02,4,Community Care,
AZ,2026-05-02,5,Downtown Clinic,
RI,2026-05-02,5,Riverstone Medical,
RI,2026-05-02,1,Downtown Clinic,
RI,2026-05-02,4,Lakeview Clinic,telehealth ok
NC,2026-05-02,4,Lakeview Clinic,seasonal spike expected
NC,2026-05-02,4,Riverstone Medical,seasonal spike expected
NC,2026-05-02,5,Northside Health,telehealth ok
TN,2026-05-02,2,Downtown Clinic,
TN,2026-05-02,4,Northside Health,seasonal spike expected
TN,2026-05-02,2,Riverstone Medical,seasonal spike expected
IL,2026-05-02,3,Community Care,
IL,2026-05-02,3,Downtown Clinic,telehealth ok
IL,2026-05-02,3,Riverstone Medical,seasonal spike expected
NH,2026-05-02,2,Lakeview Clinic,
NH,2026-05-02,1,Downtown Clinic,
NH,2026-05-02,5,Northside Health,seasonal spike expected
FL,2026-05-02,6,Community Care,seasonal spike expected
FL,2026-05-02,3,Lakeview Clinic,seasonal spike expected
FL,2026-05-02,3,Northside Health,
MT,2026-05-02,3,Riverstone Medical,
MT,2026-05-02,4,Downtown Clinic,seasonal spike expected
MT,2026-05-02,4,Community Care,seasonal spike expected
NE,2026-05-02,1,Lakeview Clinic,telehealth ok
NE,2026-05-02,1,Riverstone Medical,seasonal spike expected
NE,2026-05-02,3,Downtown Clinic,seasonal spike expected
CT,2026-05-02,3,Northside Health,seasonal spike expected
CT,2026-05-02,3,Riverstone Medical,seasonal spike expected
CT,2026-05-02,2,Lakeview Clinic,
AL,2026-05-02,4,Northside Health,telehealth ok
AL,2026-05-02,2,Lakeview Clinic,telehealth ok
AL,2026-05-02,1,Downtown Clinic,seasonal spike expected
MD,2026-05-02,5,Community Care,telehealth ok
MD,2026-05-02,1,Riverstone Medical,seasonal spike expected
MD,2026-05-02,2,Downtown Clinic,telehealth ok
ID,2026-05-02,5,Riverstone Medical,
ID,2026-05-02,1,Downtown Clinic,telehealth ok
ID,2026-05-02,5,Community Care,telehealth ok
ND,2026-05-02,4,Riverstone Medical,
ND,2026-05-02,4,Northside Health,telehealth ok
ND,2026-05-02,2,Lakeview Clinic,
KS,2026-05-02,2,Community Care,telehealth ok
KS,2026-05-02,1,Lakeview Clinic,seasonal spike expected
KS,2026-05-02,1,Northside Health,seasonal spike expected
VT,2026-05-02,4,Downtown Clinic,
VT,2026-05-02,5,Lakeview Clinic,seasonal spike expected
VT,2026-05-02,2,Northside Health,telehealth ok
MI,2026-05-02,2,Riverstone Medical,seasonal spike expected
MI,2026-05-02,4,Downtown Clinic,seasonal spike expected
MI,2026-05-02,1,Community Care,seasonal spike expected
NY,2026-05-02,4,Downtown Clinic,seasonal spike expected
NY,2026-05-02,3,Northside Health,telehealth ok
NY,2026-05-02,6,Lakeview Clinic,seasonal spike expected
UT,2026-05-02,2,Downtown Clinic,seasonal spike expected
UT,2026-05-02,1,Northside Health,telehealth ok
UT,2026-05-02,3,Community Care,seasonal spike expected
TX,2026-05-02,6,Community Care,telehealth ok
TX,2026-05-02,6,Riverstone Medical,seasonal spike expected
TX,2026-05-02,2,Lakeview Clinic,telehealth ok
LA,2026-05-02,5,Lakeview Clinic,telehealth ok
LA,2026-05-02,2,Northside Health,
LA,2026-05-02,3,Riverstone Medical,
WV,2026-05-02,4,Northside Health,seasonal spike expected
WV,2026-05-02,1,Downtown Clinic,seasonal spike expected
WV,2026-05-02,1,Riverstone Medical,seasonal spike expected
NJ,2026-05-02,2,Lakeview Clinic,telehealth ok
NJ,2026-05-02,4,Northside Health,telehealth ok
NJ,2026-05-02,3,Community Care,
NM,2026-05-02,5,Community Care,telehealth ok
NM,2026-05-02,2,Lakeview Clinic,seasonal spike expected
NM,2026-05-02,3,Northside Health,seasonal spike expected
MN,2026-05-02,1,Community Care,
MN,2026-05-02,1,Northside Health,telehealth ok
MN,2026-05-02,3,Riverstone Medical,
MS,2026-05-02,5,Community Care,telehealth ok
MS,2026-05-02,2,Lakeview Clinic,
MS,2026-05-02,1,Downtown Clinic,
VA,2026-05-02,3,Downtown Clinic,seasonal spike expected
VA,2026-05-02,5,Community Care,
VA,2026-05-02,2,Lakeview Clinic,seasonal spike expected
AR,2026-05-02,1,Lakeview Clinic,seasonal spike expected
AR,2026-05-02,5,Riverstone Medical,telehealth ok
AR,2026-05-02,4,Community Care,telehealth ok
WY,2026-05-03,3,Riverstone Medical,seasonal spike expected
WY,2026-05-03,3,Lakeview Clinic,seasonal spike expected
WY,2026-05-03,2,Community Care,
OR,2026-05-03,1,Riverstone Medical,telehealth ok
OR,2026-05-03,2,Downtown Clinic,telehealth ok
OR,2026-05-03,1,Lakeview Clinic,telehealth ok
CA,2026-05-03,4,Lakeview Clinic,
CA,2026-05-03,2,Riverstone Medical,telehealth ok
CA,2026-05-03,2,Downtown Clinic,seasonal spike expected
GA,2026-05-03,1,Riverstone Medical,telehealth ok
GA,2026-05-03,1,Community Care,seasonal spike expected
GA,2026-05-03,3,Lakeview Clinic,
AK,2026-05-03,4,Northside Health,
AK,2026-05-03,1,Lakeview Clinic,seasonal spike expected
AK,2026-05-03,4,Downtown Clinic,seasonal spike expected
HI,2026-05-03,5,Northside Health,telehealth ok
HI,2026-05-03,4,Lakeview Clinic,telehealth ok
HI,2026-05-03,2,Community Care,telehealth ok
PA,2026-05-03,2,Downtown Clinic,seasonal spike expected
PA,2026-05-03,5,Lakeview Clinic,seasonal spike expected
PA,2026-05-03,3,Community Care,telehealth ok
AZ,2026-05-03,5,Northside Health,seasonal spike expected
AZ,2026-05-03,3,Downtown Clinic,telehealth ok
AZ,2026-05-03,3,Lakeview Clinic,telehealth ok
RI,2026-05-03,5,Downtown Clinic,
RI,2026-05-03,3,Riverstone Medical,seasonal spike expected
RI,2026-05-03,3,Community Care,seasonal spike expected
NC,2026-05-03,3,Community Care,seasonal spike expected
NC,2026-05-03,3,Riverstone Medical,
NC,2026-05-03,4,Northside Health,
TN,2026-05-03,5,Community Care,
TN,2026-05-03,2,Lakeview Clinic,telehealth ok
TN,2026-05-03,5,Riverstone Medical,telehealth ok
IL,2026-05-03,2,Northside Health,seasonal spike expected
IL,2026-05-03,2,Community Care,
IL,2026-05-03,1,Lakeview Clinic,telehealth ok
NH,2026-05-03,1,Riverstone Medical,seasonal spike expected
NH,2026-05-03,3,Northside Health,seasonal spike expected
NH,2026-05-03,5,Downtown Clinic,telehealth ok
FL,2026-05-03,3,Riverstone Medical,
FL,2026-05-03,4,Downtown Clinic,telehealth ok
FL,2026-05-03,2,Lakeview Clinic,seasonal spike expected
MT,2026-05-03,3,Community Care,seasonal spike expected
MT,2026-05-03,2,Lakeview Clinic,
MT,2026-05-03,2,Downtown Clinic,
NE,2026-05-03,3,Lakeview Clinic,telehealth ok
NE,2026-05-03,3,Riverstone Medical,
NE,2026-05-03,2,Community Care,telehealth ok
CT,2026-05-03,3,Northside Health,seasonal spike expected
CT,2026-05-03,5,Downtown Clinic,seasonal spike expected
CT,2026-05-03,4,Community Care,seasonal spike expected
AL,2026-05-03,5,Riverstone Medical,seasonal spike expected
AL,2026-05-03,2,Lakeview Clinic,seasonal spike expected
AL,2026-05-03,4,Downtown Clinic,
MD,2026-05-03,4,Lakeview Clinic,telehealth ok
MD,2026-05-03,2,Northside Health,seasonal spike expected
MD,2026-05-03,4,Community Care,telehealth ok
ID,2026-05-03,1,Community Care,telehealth ok
ID,2026-05-03,1,Downtown Clinic,seasonal spike expected
ID,2026-05-03,1,Northside Health,seasonal spike expected
ND,2026-05-03,2,Northside Health,
ND,2026-05-03,4,Lakeview Clinic,seasonal spike expected
ND,2026-05-03,5,Riverstone Medical,seasonal spike expected
KS,2026-05-03,3,Northside Health,
KS,2026-05-03,4,Riverstone Medical,seasonal spike expected
KS,2026-05-03,1,Lakeview Clinic,
VT,2026-05-03,3,Downtown Clinic,
VT,2026-05-03,5,Riverstone Medical,
VT,2026-05-03,2,Community Care,
MI,2026-05-03,3,Lakeview Clinic,seasonal spike expected
MI,2026-05-03,4,Northside Health,telehealth ok
MI,2026-05-03,4,Downtown Clinic,seasonal spike expected
NY,2026-05-03,6,Lakeview Clinic,
NY,2026-05-03,6,Riverstone Medical,telehealth ok
NY,2026-05-03,3,Northside Health,
UT,2026-05-03,2,Community Care,
UT,2026-05-03,2,Downtown Clinic,seasonal spike expected
UT,2026-05-03,3,Lakeview Clinic,telehealth ok
TX,2026-05-03,2,Lakeview Clinic,
TX,2026-05-03,4,Northside Health,telehealth ok
TX,2026-05-03,2,Community Care,telehealth ok
LA,2026-05-03,3,Lakeview Clinic,
LA,2026-05-03,3,Downtown Clinic,
LA,2026-05-03,2,Northside Health,seasonal spike expected
WV,2026-05-03,3,Lakeview Clinic,seasonal spike expected
WV,2026-05-03,4,Riverstone Medical,telehealth ok
WV,2026-05-03,1,Community Care,seasonal spike expected
NJ,2026-05-03,5,Community Care,
NJ,2026-05-03,1,Northside Health,
NJ,2026-05-03,1,Downtown Clinic,seasonal spike expected
NM,2026-05-03,5,Riverstone Medical,
NM,2026-05-03,2,Downtown Clinic,seasonal spike expected
NM,2026-05-03,3,Community Care,seasonal spike expected
MN,2026-05-03,5,Lakeview Clinic,telehealth ok
MN,2026-05-03,4,Northside Health,
MN,2026-05-03,3,Riverstone Medical,
MS,2026-05-03,5,Northside Health,
MS,2026-05-03,3,Lakeview Clinic,seasonal spike expected
MS,2026-05-03,1,Downtown Clinic,seasonal spike expected
VA,2026-05-03,5,Riverstone Medical,seasonal spike expected
VA,2026-05-03,2,Northside Health,telehealth ok
VA,2026-05-03,4,Community Care,seasonal spike expected
AR,2026-05-03,2,Riverstone Medical,telehealth ok
AR,2026-05-03,5,Downtown Clinic,
AR,2026-05-03,4,Community Care,seasonal spike expected
WY,2026-05-04,2,Riverstone Medical,
WY,2026-05-04,6,Northside Health,telehealth ok
WY,2026-05-04,2,Lakeview Clinic,seasonal spike expected
OR,2026-05-04,2,Community Care,telehealth ok
OR,2026-05-04,5,Northside Health,telehealth ok
OR,2026-05-04,5,Riverstone Medical,seasonal spike expected
CA,2026-05-04,6,Northside Health,
CA,2026-05-04,5,Lakeview Clinic,seasonal spike expected
CA,2026-05-04,4,Community Care,telehealth ok
GA,2026-05-04,2,Northside Health,
GA,2026-05-04,5,Downtown Clinic,
GA,2026-05-04,3,Lakeview Clinic,telehealth ok
AK,2026-05-04,3,Northside Health,telehealth ok
AK,2026-05-04,3,Community Care,seasonal spike expected
AK,2026-05-04,3,Riverstone Medical,
HI,2026-05-04,5,Riverstone Medical,
HI,2026-05-04,4,Lakeview Clinic,seasonal spike expected
HI,2026-05-04,4,Community Care,
PA,2026-05-04,3,Northside Health,
PA,2026-05-04,5,Downtown Clinic,
PA,2026-05-04,4,Lakeview Clinic,telehealth ok
AZ,2026-05-04,5,Community Care,telehealth ok
AZ,2026-05-04,2,Northside Health,
AZ,2026-05-04,4,Lakeview Clinic,telehealth ok
RI,2026-05-04,4,Downtown Clinic,seasonal spike expected
RI,2026-05-04,6,Riverstone Medical,telehealth ok
RI,2026-05-04,2,Lakeview Clinic,
NC,2026-05-04,3,Lakeview Clinic,telehealth ok
NC,2026-05-04,5,Northside Health,telehealth ok
NC,2026-05-04,3,Riverstone Medical,telehealth ok
TN,2026-05-04,6,Downtown Clinic,
TN,2026-05-04,6,Community Care,
TN,2026-05-04,2,Lakeview Clinic,telehealth ok
IL,2026-05-04,3,Northside Health,seasonal spike expected
IL,2026-05-04,5,Lakeview Clinic,telehealth ok
IL,2026-05-04,5,Downtown Clinic,telehealth ok
NH,2026-05-04,2,Riverstone Medical,telehealth ok
NH,2026-05-04,5,Lakeview Clinic,seasonal spike expected
NH,2026-05-04,6,Community Care,seasonal spike expected
FL,2026-05-04,6,Downtown Clinic,seasonal spike expected
FL,2026-05-04,5,Lakeview Clinic,seasonal spike expected
FL,2026-05-04,5,Northside Health,seasonal spike expected
MT,2026-05-04,2,Northside Health,seasonal spike expected
MT,2026-05-04,4,Riverstone Medical,seasonal spike expected
MT,2026-05-04,5,Downtown Clinic,
NE,2026-05-04,3,Riverstone Medical,seasonal spike expected
NE,2026-05-04,4,Downtown Clinic,telehealth ok
NE,2026-05-04,6,Community Care,
CT,2026-05-04,3,Downtown Clinic,
CT,2026-05-04,6,Riverstone Medical,
CT,2026-05-04,3,Northside Health,
AL,2026-05-04,6,Riverstone Medical,telehealth ok
AL,2026-05-04,6,Lakeview Clinic,seasonal spike expected
AL,2026-05-04,5,Downtown Clinic,telehealth ok
MD,2026-05-04,4,Riverstone Medical,telehealth ok
MD,2026-05-04,2,Community Care,
MD,2026-05-04,5,Northside Health,telehealth ok
ID,2026-05-04,2,Northside Health,
ID,2026-05-04,6,Riverstone Medical,seasonal spike expected
ID,2026-05-04,2,Lakeview Clinic,seasonal spike expected
ND,2026-05-04,4,Downtown Clinic,
ND,2026-05-04,3,Community Care,telehealth ok
ND,2026-05-04,5,Lakeview Clinic,
KS,2026-05-04,4,Community Care,
KS,2026-05-04,3,Downtown Clinic,telehealth ok
KS,2026-05-04,5,Northside Health,
VT,2026-05-04,3,Lakeview Clinic,telehealth ok
VT,2026-05-04,3,Northside Health,
VT,2026-05-04,5,Downtown Clinic,
MI,2026-05-04,5,Community Care,seasonal spike expected
MI,2026-05-04,2,Riverstone Medical,seasonal spike expected
MI,2026-05-04,2,Downtown Clinic,seasonal spike expected
NY,2026-05-04,4,Lakeview Clinic,
NY,2026-05-04,7,Riverstone Medical,seasonal spike expected
NY,2026-05-04,5,Community Care,
UT,2026-05-04,2,Community Care,telehealth ok
UT,2026-05-04,3,Downtown Clinic,
UT,2026-05-04,5,Northside Health,
TX,2026-05-04,3,Northside Health,seasonal spike expected
TX,2026-05-04,7,Community Care,seasonal spike expected
TX,2026-05-04,4,Downtown Clinic,telehealth ok
LA,2026-05-04,4,Lakeview Clinic,
LA,2026-05-04,4,Riverstone Medical,
LA,2026-05-04,4,Community Care,seasonal spike expected
WV,2026-05-04,4,Riverstone Medical,seasonal spike expected
WV,2026-05-04,6,Downtown Clinic,seasonal spike expected
WV,2026-05-04,2,Lakeview Clinic,telehealth ok
NJ,2026-05-04,2,Community Care,
NJ,2026-05-04,2,Lakeview Clinic,
NJ,2026-05-04,5,Riverstone Medical,telehealth ok
NM,2026-05-04,3,Downtown Clinic,telehealth ok
NM,2026-05-04,3,Northside Health,
NM,2026-05-04,6,Community Care,seasonal spike expected
MN,2026-05-04,3,Lakeview Clinic,telehealth ok
MN,2026-05-04,3,Community Care,telehealth ok
MN,2026-05-04,2,Downtown Clinic,
MS,2026-05-04,2,Downtown Clinic,seasonal spike expected
MS,2026-05-04,2,Northside Health,seasonal spike expected
MS,2026-05-04,5,Riverstone Medical,seasonal spike expected
VA,2026-05-04,2,Lakeview Clinic,
VA,2026-05-04,5,Riverstone Medical,
VA,2026-05-04,2,Community Care,telehealth ok
AR,2026-05-04,6,Lakeview Clinic,
AR,2026-05-04,3,Northside Health,
AR,2026-05-04,5,Riverstone Medical,seasonal spike expected
WY,2026-05-05,3,Northside Health,telehealth ok
WY,2026-05-05,3,Lakeview Clinic,telehealth ok
WY,2026-05-05,3,Riverstone Medical,telehealth ok
OR,2026-05-05,3,Downtown Clinic,
OR,2026-05-05,5,Riverstone Medical,seasonal spike expected
OR,2026-05-05,2,Lakeview Clinic,telehealth ok
CA,2026-05-05,7,Northside Health,telehealth ok
CA,2026-05-05,3,Lakeview Clinic,telehealth ok
CA,2026-05-05,3,Riverstone Medical,
GA,2026-05-05,2,Riverstone Medical,telehealth ok
GA,2026-05-05,5,Northside Health,
GA,2026-05-05,6,Community Care,
AK,2026-05-05,2,Community Care,telehealth ok
AK,2026-05-05,5,Riverstone Medical,
AK,2026-05-05,6,Northside Health,seasonal spike expected
HI,2026-05-05,2,Lakeview Clinic,seasonal spike expected
HI,2026-05-05,4,Riverstone Medical,telehealth ok
HI,2026-05-05,4,Northside Health,telehealth ok
PA,2026-05-05,6,Downtown Clinic,telehealth ok
PA,2026-05-05,6,Lakeview Clinic,
PA,2026-05-05,6,Community Care,telehealth ok
AZ,2026-05-05,6,Lakeview Clinic,
AZ,2026-05-05,6,Community Care,telehealth ok
AZ,2026-05-05,2,Northside Health,telehealth ok
RI,2026-05-05,5,Lakeview Clinic,telehealth ok
RI,2026-05-05,6,Riverstone Medical,seasonal spike expected
RI,2026-05-05,6,Community Care,seasonal spike expected
NC,2026-05-05,4,Northside Health,telehealth ok
NC,2026-05-05,4,Lakeview Clinic,
NC,2026-05-05,6,Community Care,telehealth ok
TN,2026-05-05,4,Northside Health,telehealth ok
TN,2026-05-05,6,Downtown Clinic,seasonal spike expected
TN,2026-05-05,5,Lakeview Clinic,telehealth ok
IL,2026-05-05,3,Lakeview Clinic,
IL,2026-05-05,5,Community Care,
IL,2026-05-05,6,Riverstone Medical,seasonal spike expected
NH,2026-05-05,4,Northside Health,telehealth ok
NH,2026-05-05,3,Riverstone Medical,
NH,2026-05-05,5,Community Care,
FL,2026-05-05,7,Lakeview Clinic,seasonal spike expected
FL,2026-05-05,6,Community Care,seasonal spike expected
FL,2026-05-05,7,Downtown Clinic,
MT,2026-05-05,4,Riverstone Medical,telehealth ok
MT,2026-05-05,4,Downtown Clinic,telehealth ok
MT,2026-05-05,5,Community Care,telehealth ok
NE,2026-05-05,6,Riverstone Medical,seasonal spike expected
NE,2026-05-05,3,Lakeview Clinic,seasonal spike expected
NE,2026-05-05,4,Downtown Clinic,telehealth ok
CT,2026-05-05,4,Northside Health,telehealth ok
CT,2026-05-05,2,Riverstone Medical,telehealth ok
CT,2026-05-05,4,Lakeview Clinic,seasonal spike expected
AL,2026-05-05,5,Northside Health,
AL,2026-05-05,6,Riverstone Medical,telehealth ok
AL,2026-05-05,5,Lakeview Clinic,seasonal spike expected
MD,2026-05-05,3,Riverstone Medical,
MD,2026-05-05,3,Lakeview Clinic,telehealth ok
MD,2026-05-05,2,Community Care,seasonal spike expected
ID,2026-05-05,6,Riverstone Medical,telehealth ok
ID,2026-05-05,5,Northside Health,
ID,2026-05-05,3,Community Care,seasonal spike expected
ND,2026-05-05,2,Riverstone Medical,telehealth ok
ND,2026-05-05,4,Downtown Clinic,telehealth ok
ND,2026-05-05,5,Lakeview Clinic,telehealth ok
KS,2026-05-05,2,Downtown Clinic,telehealth ok
KS,2026-05-05,5,Riverstone Medical,telehealth ok
KS,2026-05-05,5,Community Care,
VT,2026-05-05,3,Downtown Clinic,telehealth ok
VT,2026-05-05,6,Lakeview Clinic,telehealth ok
VT,2026-05-05,6,Community Care,
MI,2026-05-05,4,Downtown Clinic,seasonal spike expected
MI,2026-05-05,5,Riverstone Medical,seasonal spike expected
MI,2026-05-05,5,Northside Health,seasonal spike expected
NY,2026-05-05,3,Riverstone Medical,telehealth ok
NY,2026-05-05,3,Northside Health,seasonal spike expected
NY,2026-05-05,4,Lakeview Clinic,seasonal spike expected
UT,2026-05-05,4,Northside Health,
UT,2026-05-05,2,Riverstone Medical,seasonal spike expected
UT,2026-05-05,5,Community Care,
TX,2026-05-05,3,Community Care,seasonal spike expected
TX,2026-05-05,3,Lakeview Clinic,
TX,2026-05-05,4,Downtown Clinic,
LA,2026-05-05,4,Downtown Clinic,seasonal spike expected
LA,2026-05-05,2,Northside Health,seasonal spike expected
LA,2026-05-05,6,Community Care,seasonal spike expected
WV,2026-05-05,6,Riverstone Medical,
WV,2026-05-05,2,Lakeview Clinic,seasonal spike expected
WV,2026-05-05,4,Community Care,seasonal spike expected
NJ,2026-05-05,4,Downtown Clinic,seasonal spike expected
NJ,2026-05-05,5,Lakeview Clinic,seasonal spike expected
NJ,2026-05-05,2,Northside Health,telehealth ok
NM,2026-05-05,2,Lakeview Clinic,seasonal spike expected
NM,2026-05-05,5,Community Care,seasonal spike expected
NM,2026-05-05,2,Downtown Clinic,
MN,2026-05-05,5,Lakeview Clinic,telehealth ok
MN,2026-05-05,5,Community Care,
MN,2026-05-05,2,Riverstone Medical,telehealth ok
MS,2026-05-05,6,Riverstone Medical,
MS,2026-05-05,4,Lakeview Clinic,telehealth ok
MS,2026-05-05,5,Community Care,telehealth ok
VA,2026-05-05,2,Northside Health,
VA,2026-05-05,2,Lakeview Clinic,telehealth ok
VA,2026-05-05,6,Community Care,
AR,2026-05-05,2,Downtown Clinic,seasonal spike expected
AR,2026-05-05,4,Northside Health,
AR,2026-05-05,5,Community Care,telehealth ok
WY,2026-05-06,3,Community Care,
WY,2026-05-06,5,Lakeview Clinic,seasonal spike expected
WY,2026-05-06,4,Downtown Clinic,telehealth ok
OR,2026-05-06,5,Lakeview Clinic,telehealth ok
OR,2026-05-06,4,Northside Health,telehealth ok
OR,2026-05-06,2,Downtown Clinic,telehealth ok
CA,2026-05-06,5,Downtown Clinic,telehealth ok
CA,2026-05-06,5,Community Care,
CA,2026-05-06,5,Lakeview Clinic,
GA,2026-05-06,4,Downtown Clinic,telehealth ok
GA,2026-05-06,3,Community Care,telehealth ok
GA,2026-05-06,2,Northside Health,telehealth ok
AK,2026-05-06,4,Lakeview Clinic,telehealth ok
AK,2026-05-06,2,Community Care,seasonal spike expected
AK,2026-05-06,6,Riverstone Medical,
HI,2026-05-06,6,Northside Health,seasonal spike expected
HI,2026-05-06,4,Lakeview Clinic,seasonal spike expected
HI,2026-05-06,6,Community Care,telehealth ok
PA,2026-05-06,2,Downtown Clinic,
PA,2026-05-06,2,Riverstone Medical,
PA,2026-05-06,5,Community Care,telehealth ok
AZ,2026-05-06,6,Lakeview Clinic,
AZ,2026-05-06,4,Community Care,telehealth ok
AZ,2026-05-06,6,Northside Health,
RI,2026-05-06,6,Riverstone Medical,telehealth ok
RI,2026-05-06,6,Lakeview Clinic,telehealth ok
RI,2026-05-06,2,Downtown Clinic,seasonal spike expected
NC,2026-05-06,6,Riverstone Medical,telehealth ok
NC,2026-05-06,2,Northside Health,seasonal spike expected
NC,2026-05-06,3,Community Care,telehealth ok
TN,2026-05-06,6,Downtown Clinic,
TN,2026-05-06,3,Northside Health,telehealth ok
TN,2026-05-06,2,Riverstone Medical,
IL,2026-05-06,4,Northside Health,seasonal spike expected
IL,2026-05-06,2,Lakeview Clinic,
IL,2026-05-06,6,Downtown Clinic,
NH,2026-05-06,3,Northside Health,
NH,2026-05-06,4,Lakeview Clinic,
NH,2026-05-06,5,Downtown Clinic,telehealth ok
FL,2026-05-06,4,Riverstone Medical,
FL,2026-05-06,5,Community Care,telehealth ok
FL,2026-05-06,6,Downtown Clinic,telehealth ok
MT,2026-05-06,2,Community Care,telehealth ok
MT,2026-05-06,5,Lakeview Clinic,
MT,2026-05-06,4,Riverstone Medical,seasonal spike expected
NE,2026-05-06,2,Community Care,
NE,2026-05-06,2,Lakeview Clinic,
NE,2026-05-06,4,Northside Health,seasonal spike expected
CT,2026-05-06,4,Riverstone Medical,telehealth ok
CT,2026-05-06,6,Lakeview Clinic,telehealth ok
CT,2026-05-06,4,Northside Health,
AL,2026-05-06,2,Downtown Clinic,seasonal spike expected
AL,2026-05-06,6,Community Care,telehealth ok
AL,2026-05-06,2,Riverstone Medical,
MD,2026-05-06,5,Downtown Clinic,seasonal spike expected
MD,2026-05-06,4,Northside Health,seasonal spike expected
MD,2026-05-06,6,Riverstone Medical,telehealth ok
ID,2026-05-06,4,Riverstone Medical,
ID,2026-05-06,5,Lakeview Clinic,telehealth ok
ID,2026-05-06,3,Northside Health,
ND,2026-05-06,3,Riverstone Medical,seasonal spike expected
ND,2026-05-06,3,Downtown Clinic,telehealth ok
ND,2026-05-06,4,Northside Health,seasonal spike expected
KS,2026-05-06,3,Riverstone Medical,
KS,2026-05-06,5,Downtown Clinic,seasonal spike expected
KS,2026-05-06,4,Community Care,telehealth ok
VT,2026-05-06,4,Community Care,telehealth ok
VT,2026-05-06,6,Northside Health,seasonal spike expected
VT,2026-05-06,3,Downtown Clinic,telehealth ok
MI,2026-05-06,2,Riverstone Medical,telehealth ok
MI,2026-05-06,4,Lakeview Clinic,seasonal spike expected
MI,2026-05-06,4,Northside Health,
NY,2026-05-06,6,Community Care,
NY,2026-05-06,5,Riverstone Medical,
NY,2026-05-06,4,Lakeview Clinic,
UT,2026-05-06,2,Lakeview Clinic,seasonal spike expected
UT,2026-05-06,6,Community Care,telehealth ok
UT,2026-05-06,2,Downtown Clinic,seasonal spike expected
TX,2026-05-06,5,Northside Health,telehealth ok
TX,2026-05-06,5,Downtown Clinic,
TX,2026-05-06,7,Lakeview Clinic,telehealth ok
LA,2026-05-06,3,Lakeview Clinic,
LA,2026-05-06,6,Northside Health,telehealth ok
LA,2026-05-06,3,Riverstone Medical,telehealth ok
WV,2026-05-06,4,Northside Health,
WV,2026-05-06,6,Community Care,seasonal spike expected
WV,2026-05-06,3,Riverstone Medical,seasonal spike expected
NJ,2026-05-06,4,Downtown Clinic,
NJ,2026-05-06,5,Lakeview Clinic,telehealth ok
NJ,2026-05-06,5,Northside Health,seasonal spike expected
NM,2026-05-06,3,Riverstone Medical,
NM,2026-05-06,6,Downtown Clinic,seasonal spike expected
NM,2026-05-06,2,Community Care,
MN,2026-05-06,4,Northside Health,seasonal spike expected
MN,2026-05-06,6,Downtown Clinic,telehealth ok
MN,2026-05-06,6,Riverstone Medical,seasonal spike expected
MS,2026-05-06,3,Downtown Clinic,
MS,2026-05-06,3,Community Care,seasonal spike expected
MS,2026-05-06,5,Lakeview Clinic,telehealth ok
VA,2026-05-06,3,Downtown Clinic,
VA,2026-05-06,5,Northside Health,
VA,2026-05-06,3,Lakeview Clinic,
AR,2026-05-06,5,Lakeview Clinic,
AR,2026-05-06,3,Community Care,seasonal spike expected
AR,2026-05-06,2,Riverstone Medical,telehealth ok
WY,2026-05-07,6,Lakeview Clinic,
WY,2026-05-07,6,Community Care,seasonal spike expected
WY,2026-05-07,5,Riverstone Medical,seasonal spike expected
OR,2026-05-07,5,Riverstone Medical,telehealth ok
OR,2026-05-07,5,Northside Health,
OR,2026-05-07,4,Downtown Clinic,
CA,2026-05-07,6,Riverstone Medical,telehealth ok
CA,2026-05-07,6,Downtown Clinic,seasonal spike expected
CA,2026-05-07,6,Lakeview Clinic,
GA,2026-05-07,4,Lakeview Clinic,
GA,2026-05-07,4,Community Care,
GA,2026-05-07,2,Riverstone Medical,seasonal spike expected
AK,2026-05-07,3,Riverstone Medical,telehealth ok
AK,2026-05-07,3,Downtown Clinic,seasonal spike expected
AK,2026-05-07,6,Community Care,telehealth ok
HI,2026-05-07,2,Community Care,
HI,2026-05-07,5,Northside Health,seasonal spike expected
HI,2026-05-07,5,Lakeview Clinic,
PA,2026-05-07,3,Downtown Clinic,seasonal spike expected
PA,2026-05-07,3,Community Care,seasonal spike expected
PA,2026-05-07,6,Lakeview Clinic,
AZ,2026-05-07,2,Northside Health,
AZ,2026-05-07,4,Lakeview Clinic,telehealth ok
AZ,2026-05-07,6,Downtown Clinic,seasonal spike expected
RI,2026-05-07,5,Riverstone Medical,telehealth ok
RI,2026-05-07,2,Northside Health,
RI,2026-05-07,3,Downtown Clinic,seasonal spike expected
NC,2026-05-07,5,Riverstone Medical,telehealth ok
NC,2026-05-07,3,Lakeview Clinic,
NC,2026-05-07,3,Community Care,
TN,2026-05-07,5,Downtown Clinic,seasonal spike expected
TN,2026-05-07,5,Riverstone Medical,seasonal spike expected
TN,2026-05-07,5,Community Care,seasonal spike expected
IL,2026-05-07,2,Lakeview Clinic,
IL,2026-05-07,6,Downtown Clinic,seasonal spike expected
IL,2026-05-07,6,Riverstone Medical,seasonal spike expected
NH,2026-05-07,5,Community Care,telehealth ok
NH,2026-05-07,3,Lakeview Clinic,
NH,2026-05-07,2,Downtown Clinic,
FL,2026-05-07,7,Downtown Clinic,seasonal spike expected
FL,2026-05-07,6,Lakeview Clinic,seasonal spike expected
FL,2026-05-07,4,Northside Health,telehealth ok
MT,2026-05-07,2,Community Care,
MT,2026-05-07,4,Northside Health,seasonal spike expected
MT,2026-05-07,6,Riverstone Medical,seasonal spike expected
NE,2026-05-07,6,Downtown Clinic,
NE,2026-05-07,2,Community Care,seasonal spike expected
NE,2026-05-07,4,Riverstone Medical,seasonal spike expected
CT,2026-05-07,5,Riverstone Medical,telehealth ok
CT,2026-05-07,4,Northside Health,
CT,2026-05-07,5,Downtown Clinic,telehealth ok
AL,2026-05-07,6,Community Care,seasonal spike expected
AL,2026-05-07,5,Northside Health,
AL,2026-05-07,2,Lakeview Clinic,
MD,2026-05-07,2,Downtown Clinic,
MD,2026-05-07,5,Northside Health,
MD,2026-05-07,2,Lakeview Clinic,telehealth ok
ID,2026-05-07,2,Riverstone Medical,seasonal spike expected
ID,2026-05-07,4,Downtown Clinic,seasonal spike expected
ID,2026-05-07,5,Community Care,
ND,2026-05-07,2,Community Care,telehealth ok
ND,2026-05-07,2,Lakeview Clinic,telehealth ok
ND,2026-05-07,6,Northside Health,
KS,2026-05-07,2,Lakeview Clinic,telehealth ok
KS,2026-05-07,5,Riverstone Medical,telehealth ok
KS,2026-05-07,6,Community Care,telehealth ok
VT,2026-05-07,5,Downtown Clinic,telehealth ok
VT,2026-05-07,4,Northside Health,
VT,2026-05-07,2,Lakeview Clinic,seasonal spike expected
MI,2026-05-07,2,Riverstone Medical,
MI,2026-05-07,5,Community Care,seasonal spike expected
MI,2026-05-07,6,Northside Health,telehealth ok
NY,2026-05-07,5,Downtown Clinic,seasonal spike expected
NY,2026-05-07,7,Riverstone Medical,telehealth ok
NY,2026-05-07,4,Community Care,seasonal spike expected
UT,2026-05-07,6,Downtown Clinic,
UT,2026-05-07,4,Lakeview Clinic,
UT,2026-05-07,4,Riverstone Medical,seasonal spike expected
TX,2026-05-07,6,Downtown Clinic,telehealth ok
TX,2026-05-07,7,Lakeview Clinic,telehealth ok
TX,2026-05-07,3,Community Care,telehealth ok
LA,2026-05-07,3,Northside Health,telehealth ok
LA,2026-05-07,3,Community Care,seasonal spike expected
LA,2026-05-07,3,Downtown Clinic,
WV,2026-05-07,2,Northside Health,
WV,2026-05-07,5,Riverstone Medical,
WV,2026-05-07,5,Lakeview Clinic,
NJ,2026-05-07,4,Community Care,seasonal spike expected
NJ,2026-05-07,2,Downtown Clinic,
NJ,2026-05-07,6,Lakeview Clinic,
NM,2026-05-07,4,Riverstone Medical,
NM,2026-05-07,6,Community Care,
NM,2026-05-07,5,Lakeview Clinic,
MN,2026-05-07,2,Riverstone Medical,telehealth ok
MN,2026-05-07,4,Community Care,telehealth ok
MN,2026-05-07,3,Lakeview Clinic,telehealth ok
MS,2026-05-07,3,Northside Health,telehealth ok
MS,2026-05-07,4,Community Care,seasonal spike expected
MS,2026-05-07,3,Downtown Clinic,seasonal spike expected
VA,2026-05-07,3,Downtown Clinic,
VA,2026-05-07,5,Lakeview Clinic,telehealth ok
VA,2026-05-07,6,Riverstone Medical,
AR,2026-05-07,6,Riverstone Medical,
AR,2026-05-07,5,Community Care,seasonal spike expected
AR,2026-05-07,4,Downtown Clinic,
WY,2026-05-08,4,Northside Health,
WY,2026-05-08,4,Riverstone Medical,telehealth ok
WY,2026-05-08,6,Downtown Clinic,
OR,2026-05-08,3,Riverstone Medical,telehealth ok
OR,2026-05-08,4,Lakeview Clinic,telehealth ok
OR,2026-05-08,6,Northside Health,seasonal spike expected
CA,2026-05-08,5,Lakeview Clinic,seasonal spike expected
CA,2026-05-08,7,Community Care,seasonal spike expected
CA,2026-05-08,4,Northside Health,telehealth ok
GA,2026-05-08,3,Community Care,
GA,2026-05-08,5,Riverstone Medical,seasonal spike expected
GA,2026-05-08,3,Downtown Clinic,seasonal spike expected
AK,2026-05-08,6,Lakeview Clinic,telehealth ok
AK,2026-05-08,4,Downtown Clinic,telehealth ok
AK,2026-05-08,6,Riverstone Medical,telehealth ok
HI,2026-05-08,6,Riverstone Medical,seasonal spike expected
HI,2026-05-08,2,Northside Health,seasonal spike expected
HI,2026-05-08,2,Community Care,
PA,2026-05-08,5,Community Care,seasonal spike expected
PA,2026-05-08,4,Lakeview Clinic,telehealth ok
PA,2026-05-08,6,Riverstone Medical,
AZ,2026-05-08,2,Downtown Clinic,
AZ,2026-05-08,2,Lakeview Clinic,seasonal spike expected
AZ,2026-05-08,6,Riverstone Medical,seasonal spike expected
RI,2026-05-08,3,Riverstone Medical,seasonal spike expected
RI,2026-05-08,3,Northside Health,seasonal spike expected
RI,2026-05-08,5,Lakeview Clinic,
NC,2026-05-08,2,Riverstone Medical,
NC,2026-05-08,3,Lakeview Clinic,
NC,2026-05-08,2,Downtown Clinic,telehealth ok
TN,2026-05-08,5,Riverstone Medical,seasonal spike expected
TN,2026-05-08,3,Community Care,
TN,2026-05-08,3,Downtown Clinic,
IL,2026-05-08,3,Downtown Clinic,telehealth ok
IL,2026-05-08,5,Community Care,telehealth ok
IL,2026-05-08,3,Northside Health,telehealth ok
NH,2026-05-08,4,Community Care,seasonal spike expected
NH,2026-05-08,5,Northside Health,
NH,2026-05-08,6,Downtown Clinic,telehealth ok
FL,2026-05-08,3,Northside Health,
FL,2026-05-08,3,Downtown Clinic,telehealth ok
FL,2026-05-08,5,Lakeview Clinic,seasonal spike expected
MT,2026-05-08,3,Northside Health,telehealth ok
MT,2026-05-08,2,Riverstone Medical,seasonal spike expected
MT,2026-05-08,5,Downtown Clinic,seasonal spike expected
NE,2026-05-08,5,Northside Health,seasonal spike expected
NE,2026-05-08,2,Lakeview Clinic,seasonal spike expected
NE,2026-05-08,3,Riverstone Medical,
CT,2026-05-08,5,Community Care,seasonal spike expected
CT,2026-05-08,4,Downtown Clinic,seasonal spike expected
CT,2026-05-08,4,Riverstone Medical,
AL,2026-05-08,4,Community Care,seasonal spike expected
AL,2026-05-08,6,Lakeview Clinic,seasonal spike expected
AL,2026-05-08,4,Northside Health,
MD,2026-05-08,2,Downtown Clinic,seasonal spike expected
MD,2026-05-08,3,Community Care,
MD,2026-05-08,2,Lakeview Clinic,telehealth ok
ID,2026-05-08,2,Riverstone Medical,seasonal spike expected
ID,2026-05-08,6,Community Care,
ID,2026-05-08,3,Downtown Clinic,seasonal spike expected
ND,2026-05-08,6,Lakeview Clinic,
ND,2026-05-08,3,Community Care,telehealth ok
ND,2026-05-08,6,Riverstone Medical,telehealth ok
KS,2026-05-08,2,Downtown Clinic,telehealth ok
KS,2026-05-08,3,Northside Health,
KS,2026-05-08,4,Riverstone Medical,
VT,2026-05-08,3,Riverstone Medical,seasonal spike expected
VT,2026-05-08,6,Northside Health,seasonal spike expected
VT,2026-05-08,2,Downtown Clinic,seasonal spike expected
MI,2026-05-08,5,Riverstone Medical,telehealth ok
MI,2026-05-08,4,Lakeview Clinic,
MI,2026-05-08,6,Downtown Clinic,telehealth ok
NY,2026-05-08,5,Community Care,
NY,2026-05-08,7,Northside Health,
NY,2026-05-08,5,Downtown Clinic,seasonal spike expected
UT,2026-05-08,5,Northside Health,telehealth ok
UT,2026-05-08,4,Community Care,seasonal spike expected
UT,2026-05-08,2,Riverstone Medical,seasonal spike expected
TX,2026-05-08,4,Downtown Clinic,telehealth ok
TX,2026-05-08,5,Riverstone Medical,telehealth ok
TX,2026-05-08,6,Community Care,telehealth ok
LA,2026-05-08,6,Lakeview Clinic,seasonal spike expected
LA,2026-05-08,6,Northside Health,
LA,2026-05-08,4,Downtown Clinic,seasonal spike expected
WV,2026-05-08,4,Downtown Clinic,telehealth ok
WV,2026-05-08,5,Community Care,telehealth ok
WV,2026-05-08,2,Riverstone Medical,
NJ,2026-05-08,3,Riverstone Medical,telehealth ok
NJ,2026-05-08,2,Northside Health,telehealth ok
NJ,2026-05-08,3,Lakeview Clinic,seasonal spike expected
NM,2026-05-08,3,Northside Health,
NM,2026-05-08,6,Downtown Clinic,telehealth ok
NM,2026-05-08,2,Lakeview Clinic,
MN,2026-05-08,2,Northside Health,seasonal spike expected
MN,2026-05-08,2,Riverstone Medical,
MN,2026-05-08,3,Lakeview Clinic,seasonal spike expected
MS,2026-05-08,5,Lakeview Clinic,
MS,2026-05-08,3,Downtown Clinic,telehealth ok
MS,2026-05-08,5,Community Care,seasonal spike expected
VA,2026-05-08,3,Downtown Clinic,seasonal spike expected
VA,2026-05-08,5,Lakeview Clinic,
VA,2026-05-08,6,Northside Health,telehealth ok
AR,2026-05-08,4,Northside Health,telehealth ok
AR,2026-05-08,4,Lakeview Clinic,telehealth ok
AR,2026-05-08,5,Community Care,telehealth ok
WY,2026-05-09,4,Northside Health,telehealth ok
WY,2026-05-09,3,Community Care,telehealth ok
WY,2026-05-09,1,Lakeview Clinic,telehealth ok
OR,2026-05-09,5,Lakeview Clinic,telehealth ok
OR,2026-05-09,1,Downtown Clinic,seasonal spike expected
OR,2026-05-09,3,Northside Health,telehealth ok
CA,2026-05-09,2,Lakeview Clinic,
CA,2026-05-09,3,Community Care,telehealth ok
CA,2026-05-09,2,Downtown Clinic,telehealth ok
GA,2026-05-09,5,Community Care,
GA,2026-05-09,2,Northside Health,seasonal spike expected
GA,2026-05-09,2,Lakeview Clinic,telehealth ok
AK,2026-05-09,1,Lakeview Clinic,seasonal spike expected
AK,2026-05-09,4,Riverstone Medical,
AK,2026-05-09,5,Downtown Clinic,seasonal spike expected
HI,2026-05-09,4,Riverstone Medical,telehealth ok
HI,2026-05-09,3,Northside Health,telehealth ok
HI,2026-05-09,5,Downtown Clinic,seasonal spike expected
PA,2026-05-09,2,Riverstone Medical,
PA,2026-05-09,5,Lakeview Clinic,seasonal spike expected
PA,2026-05-09,4,Community Care,telehealth ok
AZ,2026-05-09,2,Riverstone Medical,
AZ,2026-05-09,2,Lakeview Clinic,seasonal spike expected
AZ,2026-05-09,4,Community Care,telehealth ok
RI,2026-05-09,2,Northside Health,seasonal spike expected
RI,2026-05-09,3,Lakeview Clinic,seasonal spike expected
RI,2026-05-09,3,Community Care,seasonal spike expected
NC,2026-05-09,3,Northside Health,seasonal spike expected
NC,2026-05-09,2,Lakeview Clinic,
NC,2026-05-09,5,Riverstone Medical,seasonal spike expected
TN,2026-05-09,3,Riverstone Medical,seasonal spike expected
TN,2026-05-09,3,Downtown Clinic,telehealth ok
TN,2026-05-09,5,Lakeview Clinic,
IL,2026-05-09,5,Lakeview Clinic,seasonal spike expected
IL,2026-05-09,2,Northside Health,
IL,2026-05-09,2,Riverstone Medical,telehealth ok
NH,2026-05-09,4,Lakeview Clinic,seasonal spike expected
NH,2026-05-09,3,Community Care,telehealth ok
NH,2026-05-09,4,Downtown Clinic,
FL,2026-05-09,2,Community Care,seasonal spike expected
FL,2026-05-09,2,Northside Health,
FL,2026-05-09,2,Downtown Clinic,telehealth ok
MT,2026-05-09,2,Riverstone Medical,telehealth ok
MT,2026-05-09,5,Community Care,seasonal spike expected
MT,2026-05-09,2,Downtown Clinic,
NE,2026-05-09,5,Lakeview Clinic,telehealth ok
NE,2026-05-09,4,Community Care,seasonal spike expected
NE,2026-05-09,1,Northside Health,telehealth ok
CT,2026-05-09,5,Riverstone Medical,seasonal spike expected
CT,2026-05-09,1,Northside Health,telehealth ok
CT,2026-05-09,4,Downtown Clinic,
AL,2026-05-09,2,Lakeview Clinic,telehealth ok
AL,2026-05-09,1,Community Care,telehealth ok
AL,2026-05-09,5,Riverstone Medical,
MD,2026-05-09,3,Lakeview Clinic,
MD,2026-05-09,3,Northside Health,seasonal spike expected
MD,2026-05-09,2,Community Care,telehealth ok
ID,2026-05-09,5,Riverstone Medical,telehealth ok
ID,2026-05-09,2,Community Care,seasonal spike expected
ID,2026-05-09,3,Northside Health,seasonal spike expected
ND,2026-05-09,4,Downtown Clinic,seasonal spike expected
ND,2026-05-09,3,Northside Health,seasonal spike expected
ND,2026-05-09,3,Community Care,
KS,2026-05-09,1,Riverstone Medical,
KS,2026-05-09,5,Northside Health,telehealth ok
KS,2026-05-09,1,Downtown Clinic,
VT,2026-05-09,1,Northside Health,
VT,2026-05-09,2,Downtown Clinic,seasonal spike expected
VT,2026-05-09,2,Lakeview Clinic,telehealth ok
MI,2026-05-09,5,Lakeview Clinic,seasonal spike expected
MI,2026-05-09,4,Downtown Clinic,seasonal spike expected
MI,2026-05-09,1,Community Care,seasonal spike expected
NY,2026-05-09,3,Community Care,
NY,2026-05-09,2,Downtown Clinic,telehealth ok
NY,2026-05-09,4,Riverstone Medical,
UT,2026-05-09,4,Lakeview Clinic,telehealth ok
UT,2026-05-09,2,Riverstone Medical,telehealth ok
UT,2026-05-09,4,Downtown Clinic,
TX,2026-05-09,3,Lakeview Clinic,telehealth ok
TX,2026-05-09,5,Riverstone Medical,telehealth ok
TX,2026-05-09,6,Community Care,seasonal spike expected
LA,2026-05-09,2,Community Care,seasonal spike expected
LA,2026-05-09,3,Northside Health,
LA,2026-05-09,5,Downtown Clinic,telehealth ok
WV,2026-05-09,2,Northside Health,
WV,2026-05-09,5,Lakeview Clinic,telehealth ok
WV,2026-05-09,2,Downtown Clinic,telehealth ok
NJ,2026-05-09,4,Riverstone Medical,
NJ,2026-05-09,5,Northside Health,seasonal spike expected
NJ,2026-05-09,2,Community Care,seasonal spike expected
NM,2026-05-09,3,Lakeview Clinic,
NM,2026-05-09,5,Community Care,seasonal spike expected
NM,2026-05-09,5,Downtown Clinic,seasonal spike expected
MN,2026-05-09,5,Lakeview Clinic,seasonal spike expected
MN,2026-05-09,2,Northside Health,seasonal spike expected
MN,2026-05-09,4,Riverstone Medical,telehealth ok
MS,2026-05-09,3,Lakeview Clinic,seasonal spike expected
MS,2026-05-09,2,Northside Health,telehealth ok
MS,2026-05-09,3,Riverstone Medical,
VA,2026-05-09,2,Downtown Clinic,telehealth ok
VA,2026-05-09,1,Riverstone Medical,telehealth ok
VA,2026-05-09,3,Community Care,
AR,2026-05-09,5,Riverstone Medical,
AR,2026-05-09,1,Lakeview Clinic,
AR,2026-05-09,3,Northside Health,
WY,2026-05-10,2,Riverstone Medical,seasonal spike expected
WY,2026-05-10,3,Lakeview Clinic,telehealth ok
WY,2026-05-10,1,Northside Health,seasonal spike expected
OR,2026-05-10,2,Northside Health,telehealth ok
OR,2026-05-10,1,Lakeview Clinic,telehealth ok
OR,2026-05-10,4,Downtown Clinic,seasonal spike expected
CA,2026-05-10,5,Community Care,
CA,2026-05-10,2,Lakeview Clinic,telehealth ok
CA,2026-05-10,6,Northside Health,seasonal spike expected
GA,2026-05-10,4,Northside Health,telehealth ok
GA,2026-05-10,5,Riverstone Medical,seasonal spike expected
GA,2026-05-10,3,Downtown Clinic,
AK,2026-05-10,3,Riverstone Medical,
AK,2026-05-10,4,Community Care,seasonal spike expected
AK,2026-05-10,3,Downtown Clinic,
HI,2026-05-10,4,Northside Health,telehealth ok
HI,2026-05-10,1,Downtown Clinic,seasonal spike expected
HI,2026-05-10,4,Riverstone Medical,seasonal spike expected
PA,2026-05-10,4,Northside Health,telehealth ok
PA,2026-05-10,3,Community Care,
PA,2026-05-10,3,Lakeview Clinic,
AZ,2026-05-10,4,Northside Health,
AZ,2026-05-10,2,Community Care,telehealth ok
AZ,2026-05-10,2,Lakeview Clinic,
RI,2026-05-10,2,Northside Health,seasonal spike expected
RI,2026-05-10,1,Lakeview Clinic,seasonal spike expected
RI,2026-05-10,3,Downtown Clinic,telehealth ok
NC,2026-05-10,2,Riverstone Medical,seasonal spike expected
NC,2026-05-10,5,Downtown Clinic,seasonal spike expected
NC,2026-05-10,1,Community Care,seasonal spike expected
TN,2026-05-10,3,Downtown Clinic,
TN,2026-05-10,1,Northside Health,
TN,2026-05-10,3,Community Care,telehealth ok
IL,2026-05-10,5,Downtown Clinic,telehealth ok
IL,2026-05-10,2,Riverstone Medical,telehealth ok
IL,2026-05-10,3,Lakeview Clinic,telehealth ok
NH,2026-05-10,4,Community Care,
NH,2026-05-10,4,Northside Health,seasonal spike expected
NH,2026-05-10,3,Downtown Clinic,seasonal spike expected
FL,2026-05-10,3,Lakeview Clinic,seasonal spike expected
FL,2026-05-10,5,Downtown Clinic,telehealth ok
FL,2026-05-10,5,Northside Health,telehealth ok
MT,2026-05-10,5,Community Care,telehealth ok
MT,2026-05-10,4,Downtown Clinic,
MT,2026-05-10,1,Lakeview Clinic,telehealth ok
NE,2026-05-10,5,Riverstone Medical,telehealth ok
NE,2026-05-10,3,Northside Health,
NE,2026-05-10,5,Community Care,seasonal spike expected
CT,2026-05-10,3,Riverstone Medical,telehealth ok
CT,2026-05-10,4,Northside Health,
CT,2026-05-10,1,Lakeview Clinic,
AL,2026-05-10,2,Lakeview Clinic,telehealth ok
AL,2026-05-10,4,Community Care,
AL,2026-05-10,2,Downtown Clinic,
MD,2026-05-10,2,Community Care,seasonal spike expected
MD,2026-05-10,5,Lakeview Clinic,
MD,2026-05-10,5,Northside Health,
ID,2026-05-10,1,Downtown Clinic,telehealth ok
ID,2026-05-10,4,Northside Health,telehealth ok
ID,2026-05-10,2,Community Care,telehealth ok
ND,2026-05-10,4,Northside Health,telehealth ok
ND,2026-05-10,2,Riverstone Medical,seasonal spike expected
ND,2026-05-10,1,Community Care,telehealth ok
KS,2026-05-10,5,Riverstone Medical,seasonal spike expected
KS,2026-05-10,5,Downtown Clinic,
KS,2026-05-10,2,Lakeview Clinic,telehealth ok
VT,2026-05-10,2,Northside Health,seasonal spike expected
VT,2026-05-10,3,Riverstone Medical,telehealth ok
VT,2026-05-10,2,Downtown Clinic,
MI,2026-05-10,5,Northside Health,
MI,2026-05-10,4,Downtown Clinic,telehealth ok
MI,2026-05-10,5,Riverstone Medical,telehealth ok
NY,2026-05-10,6,Downtown Clinic,
NY,2026-05-10,6,Northside Health,telehealth ok
NY,2026-05-10,5,Riverstone Medical,telehealth ok
UT,2026-05-10,4,Riverstone Medical,
UT,2026-05-10,4,Northside Health,
UT,2026-05-10,2,Lakeview Clinic,
TX,2026-05-10,6,Downtown Clinic,
TX,2026-05-10,6,Community Care,seasonal spike expected
TX,2026-05-10,5,Riverstone Medical,seasonal spike expected
LA,2026-05-10,3,Downtown Clinic,telehealth ok
LA,2026-05-10,2,Riverstone Medical,seasonal spike expected
LA,2026-05-10,2,Northside Health,seasonal spike expected
WV,2026-05-10,5,Community Care,seasonal spike expected
WV,2026-05-10,1,Riverstone Medical,telehealth ok
WV,2026-05-10,1,Downtown Clinic,telehealth ok
NJ,2026-05-10,2,Riverstone Medical,telehealth ok
NJ,2026-05-10,4,Community Care,
NJ,2026-05-10,1,Downtown Clinic,telehealth ok
NM,2026-05-10,4,Northside Health,seasonal spike expected
NM,2026-05-10,2,Community Care,telehealth ok
NM,2026-05-10,2,Lakeview Clinic,telehealth ok
MN,2026-05-10,4,Community Care,telehealth ok
MN,2026-05-10,5,Lakeview Clinic,seasonal spike expected
MN,2026-05-10,2,Northside Health,telehealth ok
MS,2026-05-10,4,Community Care,seasonal spike expected
MS,2026-05-10,2,Lakeview Clinic,telehealth ok
MS,2026-05-10,5,Riverstone Medical,seasonal spike expected
VA,2026-05-10,4,Community Care,
VA,2026-05-10,5,Northside Health,telehealth ok
VA,2026-05-10,2,Lakeview Clinic,telehealth ok
AR,2026-05-10,5,Downtown Clinic,
AR,2026-05-10,4,Northside Health,telehealth ok
AR,2026-05-10,3,Community Care,
WY,2026-05-11,5,Lakeview Clinic,
WY,2026-05-11,4,Community Care,telehealth ok
WY,2026-05-11,5,Riverstone Medical,seasonal spike expected
OR,2026-05-11,2,Community Care,telehealth ok
OR,2026-05-11,5,Lakeview Clinic,seasonal spike expected
OR,2026-05-11,5,Downtown Clinic,seasonal spike expected
CA,2026-05-11,6,Lakeview Clinic,
CA,2026-05-11,3,Northside Health,telehealth ok
CA,2026-05-11,6,Downtown Clinic,
GA,2026-05-11,5,Downtown Clinic,
GA,2026-05-11,5,Riverstone Medical,seasonal spike expected
GA,2026-05-11,6,Community Care,telehealth ok
AK,2026-05-11,6,Riverstone Medical,seasonal spike expected
AK,2026-05-11,5,Lakeview Clinic,telehealth ok
AK,2026-05-11,3,Downtown Clinic,
HI,2026-05-11,3,Riverstone Medical,seasonal spike expected
HI,2026-05-11,5,Community Care,seasonal spike expected
HI,2026-05-11,2,Downtown Clinic,
PA,2026-05-11,5,Community Care,telehealth ok
PA,2026-05-11,4,Lakeview Clinic,telehealth ok
PA,2026-05-11,6,Northside Health,
AZ,2026-05-11,2,Downtown Clinic,seasonal spike expected
AZ,2026-05-11,3,Northside Health,
AZ,2026-05-11,6,Riverstone Medical,telehealth ok
RI,2026-05-11,3,Northside Health,
RI,2026-05-11,4,Riverstone Medical,
RI,2026-05-11,5,Downtown Clinic,telehealth ok
NC,2026-05-11,6,Riverstone Medical,
NC,2026-05-11,4,Northside Health,
NC,2026-05-11,2,Downtown Clinic,
TN,2026-05-11,4,Downtown Clinic,
TN,2026-05-11,5,Lakeview Clinic,seasonal spike expected
TN,2026-05-11,4,Northside Health,telehealth ok
IL,2026-05-11,2,Riverstone Medical,seasonal spike expected
IL,2026-05-11,6,Lakeview Clinic,seasonal spike expected
IL,2026-05-11,3,Downtown Clinic,
NH,2026-05-11,5,Downtown Clinic,
NH,2026-05-11,5,Community Care,seasonal spike expected
NH,2026-05-11,5,Lakeview Clinic,telehealth ok
FL,2026-05-11,5,Lakeview Clinic,telehealth ok
FL,2026-05-11,5,Downtown Clinic,telehealth ok
FL,2026-05-11,6,Riverstone Medical,
MT,2026-05-11,6,Downtown Clinic,seasonal spike expected
MT,2026-05-11,4,Lakeview Clinic,telehealth ok
MT,2026-05-11,2,Riverstone Medical,
NE,2026-05-11,6,Downtown Clinic,telehealth ok
NE,2026-05-11,5,Community Care,
NE,2026-05-11,6,Lakeview Clinic,
CT,2026-05-11,6,Downtown Clinic,seasonal spike expected
CT,2026-05-11,5,Riverstone Medical,
CT,2026-05-11,5,Community Care,telehealth ok
AL,2026-05-11,6,Riverstone Medical,
AL,2026-05-11,4,Downtown Clinic,telehealth ok
AL,2026-05-11,4,Community Care,seasonal spike expected
MD,2026-05-11,3,Riverstone Medical,seasonal spike expected
MD,2026-05-11,6,Lakeview Clinic,seasonal spike expected
MD,2026-05-11,2,Northside Health,telehealth ok
ID,2026-05-11,3,Riverstone Medical,
ID,2026-05-11,5,Northside Health,seasonal spike expected
ID,2026-05-11,3,Lakeview Clinic,telehealth ok
ND,2026-05-11,2,Community Care,seasonal spike expected
ND,2026-05-11,5,Lakeview Clinic,
ND,2026-05-11,2,Riverstone Medical,telehealth ok
KS,2026-05-11,6,Northside Health,telehealth ok
KS,2026-05-11,4,Downtown Clinic,telehealth ok
KS,2026-05-11,3,Community Care,
VT,2026-05-11,3,Northside Health,
VT,2026-05-11,3,Lakeview Clinic,
VT,2026-05-11,2,Downtown Clinic,
MI,2026-05-11,6,Riverstone Medical,telehealth ok
MI,2026-05-11,5,Lakeview Clinic,seasonal spike expected
MI,2026-05-11,4,Downtown Clinic,
NY,2026-05-11,5,Lakeview Clinic,seasonal spike expected
NY,2026-05-11,7,Riverstone Medical,seasonal spike expected
NY,2026-05-11,6,Northside Health,seasonal spike expected
UT,2026-05-11,3,Lakeview Clinic,seasonal spike expected
UT,2026-05-11,3,Community Care,telehealth ok
UT,2026-05-11,3,Northside Health,telehealth ok
TX,2026-05-11,6,Lakeview Clinic,telehealth ok
TX,2026-05-11,5,Downtown Clinic,
TX,2026-05-11,3,Riverstone Medical,
LA,2026-05-11,2,Lakeview Clinic,telehealth ok
LA,2026-05-11,4,Riverstone Medical,telehealth ok
LA,2026-05-11,3,Downtown Clinic,seasonal spike expected
WV,2026-05-11,3,Community Care,telehealth ok
WV,2026-05-11,2,Downtown Clinic,telehealth ok
WV,2026-05-11,4,Lakeview Clinic,seasonal spike expected
NJ,2026-05-11,4,Northside Health,
NJ,2026-05-11,3,Downtown Clinic,seasonal spike expected
NJ,2026-05-11,6,Riverstone Medical,
NM,2026-05-11,3,Riverstone Medical,seasonal spike expected
NM,2026-05-11,3,Lakeview Clinic,
NM,2026-05-11,5,Community Care,telehealth ok
MN,2026-05-11,5,Northside Health,seasonal spike expected
MN,2026-05-11,4,Community Care,seasonal spike expected
MN,2026-05-11,3,Lakeview Clinic,
MS,2026-05-11,5,Riverstone Medical,telehealth ok
MS,2026-05-11,6,Northside Health,seasonal spike expected
MS,2026-05-11,2,Lakeview Clinic,telehealth ok
VA,2026-05-11,6,Community Care,
VA,2026-05-11,3,Downtown Clinic,seasonal spike expected
VA,2026-05-11,4,Northside Health,
AR,2026-05-11,2,Downtown Clinic,
AR,2026-05-11,2,Lakeview Clinic,telehealth ok
AR,2026-05-11,6,Northside Health,seasonal spike expected
WY,2026-05-12,5,Community Care,seasonal spike expected
WY,2026-05-12,4,Downtown Clinic,telehealth ok
WY,2026-05-12,2,Northside Health,telehealth ok
OR,2026-05-12,3,Community Care,telehealth ok
OR,2026-05-12,6,Lakeview Clinic,
OR,2026-05-12,3,Northside Health,
CA,2026-05-12,4,Riverstone Medical,seasonal spike expected
CA,2026-05-12,7,Community Care,telehealth ok
CA,2026-05-12,4,Northside Health,seasonal spike expected
GA,2026-05-12,3,Downtown Clinic,
GA,2026-05-12,5,Northside Health,
GA,2026-05-12,5,Lakeview Clinic,telehealth ok
AK,2026-05-12,4,Downtown Clinic,
AK,2026-05-12,6,Riverstone Medical,telehealth ok
AK,2026-05-12,5,Northside Health,telehealth ok
HI,2026-05-12,5,Northside Health,seasonal spike expected
HI,2026-05-12,4,Lakeview Clinic,seasonal spike expected
HI,2026-05-12,3,Downtown Clinic,
PA,2026-05-12,4,Lakeview Clinic,seasonal spike expected
PA,2026-05-12,5,Northside Health,telehealth ok
PA,2026-05-12,4,Riverstone Medical,telehealth ok
AZ,2026-05-12,6,Downtown Clinic,seasonal spike expected
AZ,2026-05-12,2,Riverstone Medical,
AZ,2026-05-12,6,Lakeview Clinic,seasonal spike expected
RI,2026-05-12,4,Lakeview Clinic,telehealth ok
RI,2026-05-12,3,Riverstone Medical,seasonal spike expected
RI,2026-05-12,6,Community Care,seasonal spike expected
NC,2026-05-12,5,Community Care,seasonal spike expected
NC,2026-05-12,4,Riverstone Medical,seasonal spike expected
NC,2026-05-12,2,Northside Health,telehealth ok
TN,2026-05-12,4,Northside Health,seasonal spike expected
TN,2026-05-12,5,Lakeview Clinic,seasonal spike expected
TN,2026-05-12,6,Community Care,seasonal spike expected
IL,2026-05-12,5,Northside Health,
IL,2026-05-12,3,Downtown Clinic,telehealth ok
IL,2026-05-12,3,Lakeview Clinic,telehealth ok
NH,2026-05-12,3,Lakeview Clinic,seasonal spike expected
NH,2026-05-12,5,Riverstone Medical,telehealth ok
NH,2026-05-12,3,Downtown Clinic,telehealth ok
FL,2026-05-12,4,Riverstone Medical,telehealth ok
FL,2026-05-12,5,Lakeview Clinic,
FL,2026-05-12,4,Community Care,seasonal spike expected
MT,2026-05-12,2,Downtown Clinic,seasonal spike expected
MT,2026-05-12,6,Community Care,
MT,2026-05-12,6,Northside Health,
NE,2026-05-12,6,Lakeview Clinic,seasonal spike expected
NE,2026-05-12,4,Northside Health,
NE,2026-05-12,5,Riverstone Medical,
CT,2026-05-12,6,Community Care,telehealth ok
CT,2026-05-12,3,Riverstone Medical,seasonal spike expected
CT,2026-05-12,3,Downtown Clinic,
AL,2026-05-12,6,Northside Health,seasonal spike expected
AL,2026-05-12,6,Downtown Clinic,telehealth ok
AL,2026-05-12,3,Lakeview Clinic,telehealth ok
MD,2026-05-12,6,Community Care,seasonal spike expected
MD,2026-05-12,3,Riverstone Medical,
MD,2026-05-12,5,Northside Health,telehealth ok
ID,2026-05-12,3,Lakeview Clinic,seasonal spike expected
ID,2026-05-12,2,Northside Health,telehealth ok
ID,2026-05-12,6,Downtown Clinic,seasonal spike expected
ND,2026-05-12,2,Northside Health,telehealth ok
ND,2026-05-12,6,Downtown Clinic,
ND,2026-05-12,3,Riverstone Medical,
KS,2026-05-12,4,Riverstone Medical,seasonal spike expected
KS,2026-05-12,3,Northside Health,
KS,2026-05-12,3,Community Care,
VT,2026-05-12,3,Downtown Clinic,telehealth ok
VT,2026-05-12,2,Community Care,seasonal spike expected
VT,2026-05-12,3,Riverstone Medical,seasonal spike expected
MI,2026-05-12,3,Lakeview Clinic,
MI,2026-05-12,3,Community Care,
MI,2026-05-12,2,Riverstone Medical,telehealth ok
NY,2026-05-12,7,Riverstone Medical,
NY,2026-05-12,7,Downtown Clinic,
NY,2026-05-12,5,Lakeview Clinic,telehealth ok
UT,2026-05-12,3,Community Care,
UT,2026-05-12,4,Riverstone Medical,
UT,2026-05-12,5,Lakeview Clinic,seasonal spike expected
TX,2026-05-12,6,Riverstone Medical,seasonal spike expected
TX,2026-05-12,7,Northside Health,telehealth ok
TX,2026-05-12,6,Lakeview Clinic,telehealth ok
LA,2026-05-12,5,Riverstone Medical,telehealth ok
LA,2026-05-12,5,Downtown Clinic,telehealth ok
LA,2026-05-12,4,Community Care,telehealth ok
WV,2026-05-12,5,Riverstone Medical,seasonal spike expected
WV,2026-05-12,3,Northside Health,
WV,2026-05-12,3,Community Care,
NJ,2026-05-12,4,Lakeview Clinic,seasonal spike expected
NJ,2026-05-12,6,Community Care,telehealth ok
NJ,2026-05-12,2,Riverstone Medical,telehealth ok
NM,2026-05-12,3,Downtown Clinic,seasonal spike expected
NM,2026-05-12,6,Northside Health,
NM,2026-05-12,3,Community Care,telehealth ok
MN,2026-05-12,5,Riverstone Medical,telehealth ok
MN,2026-05-12,5,Community Care,
MN,2026-05-12,5,Lakeview Clinic,telehealth ok
MS,2026-05-12,6,Community Care,seasonal spike expected
MS,2026-05-12,5,Northside Health,seasonal spike expected
MS,2026-05-12,2,Downtown Clinic,
VA,2026-05-12,3,Northside Health,seasonal spike expected
VA,2026-05-12,5,Downtown Clinic,
VA,2026-05-12,4,Riverstone Medical,seasonal spike expected
AR,2026-05-12,3,Community Care,seasonal spike expected
AR,2026-05-12,4,Lakeview Clinic,seasonal spike expected
AR,2026-05-12,5,Riverstone Medical,telehealth ok
WY,2026-05-13,5,Northside Health,
WY,2026-05-13,4,Lakeview Clinic,seasonal spike expected
WY,2026-05-13,2,Riverstone Medical,telehealth ok
OR,2026-05-13,5,Downtown Clinic,
OR,2026-05-13,3,Riverstone Medical,telehealth ok
OR,2026-05-13,5,Lakeview Clinic,telehealth ok
CA,2026-05-13,6,Riverstone Medical,
CA,2026-05-13,3,Downtown Clinic,
CA,2026-05-13,7,Lakeview Clinic,seasonal spike expected
GA,2026-05-13,2,Downtown Clinic,
GA,2026-05-13,2,Community Care,telehealth ok
GA,2026-05-13,6,Riverstone Medical,telehealth ok
AK,2026-05-13,2,Downtown Clinic,seasonal spike expected
AK,2026-05-13,5,Riverstone Medical,telehealth ok
AK,2026-05-13,3,Northside Health,telehealth ok
HI,2026-05-13,5,Community Care,telehealth ok
HI,2026-05-13,4,Northside Health,
HI,2026-05-13,6,Riverstone Medical,telehealth ok
PA,2026-05-13,6,Community Care,seasonal spike expected
PA,2026-05-13,2,Riverstone Medical,
PA,2026-05-13,4,Northside Health,telehealth ok
AZ,2026-05-13,2,Lakeview Clinic,seasonal spike expected
AZ,2026-05-13,4,Northside Health,
AZ,2026-05-13,6,Riverstone Medical,telehealth ok
RI,2026-05-13,2,Lakeview Clinic,telehealth ok
RI,2026-05-13,5,Northside Health,
RI,2026-05-13,5,Riverstone Medical,seasonal spike expected
NC,2026-05-13,4,Northside Health,seasonal spike expected
NC,2026-05-13,5,Downtown Clinic,seasonal spike expected
NC,2026-05-13,6,Lakeview Clinic,telehealth ok
TN,2026-05-13,6,Lakeview Clinic,
TN,2026-05-13,6,Northside Health,seasonal spike expected
TN,2026-05-13,6,Riverstone Medical,telehealth ok
IL,2026-05-13,3,Northside Health,telehealth ok
IL,2026-05-13,6,Lakeview Clinic,
IL,2026-05-13,2,Downtown Clinic,telehealth ok
NH,2026-05-13,4,Community Care,seasonal spike expected
NH,2026-05-13,4,Lakeview Clinic,
NH,2026-05-13,4,Downtown Clinic,telehealth ok
FL,2026-05-13,4,Northside Health,seasonal spike expected
FL,2026-05-13,5,Riverstone Medical,seasonal spike expected
FL,2026-05-13,3,Community Care,
MT,2026-05-13,2,Downtown Clinic,seasonal spike expected
MT,2026-05-13,3,Lakeview Clinic,telehealth ok
MT,2026-05-13,6,Northside Health,telehealth ok
NE,2026-05-13,6,Lakeview Clinic,telehealth ok
NE,2026-05-13,6,Community Care,telehealth ok
NE,2026-05-13,4,Riverstone Medical,seasonal spike expected
CT,2026-05-13,2,Lakeview Clinic,telehealth ok
CT,2026-05-13,5,Northside Health,telehealth ok
CT,2026-05-13,3,Downtown Clinic,seasonal spike expected
AL,2026-05-13,5,Lakeview Clinic,seasonal spike expected
AL,2026-05-13,3,Northside Health,seasonal spike expected
AL,2026-05-13,2,Riverstone Medical,telehealth ok
MD,2026-05-13,5,Riverstone Medical,telehealth ok
MD,2026-05-13,5,Northside Health,
MD,2026-05-13,4,Lakeview Clinic,seasonal spike expected
ID,2026-05-13,6,Lakeview Clinic,telehealth ok
ID,2026-05-13,5,Northside Health,seasonal spike expected
ID,2026-05-13,4,Downtown Clinic,
ND,2026-05-13,5,Community Care,
ND,2026-05-13,4,Northside Health,
ND,2026-05-13,4,Lakeview Clinic,seasonal spike expected
KS,2026-05-13,2,Northside Health,telehealth ok
KS,2026-05-13,5,Lakeview Clinic,
KS,2026-05-13,6,Riverstone Medical,seasonal spike expected
VT,2026-05-13,4,Downtown Clinic,telehealth ok
VT,2026-05-13,3,Community Care,telehealth ok
VT,2026-05-13,2,Riverstone Medical,
MI,2026-05-13,2,Downtown Clinic,telehealth ok
MI,2026-05-13,2,Lakeview Clinic,seasonal spike expected
MI,2026-05-13,5,Northside Health,seasonal spike expected
NY,2026-05-13,6,Downtown Clinic,telehealth ok
NY,2026-05-13,4,Riverstone Medical,telehealth ok
NY,2026-05-13,3,Lakeview Clinic,seasonal spike expected
UT,2026-05-13,5,Community Care,seasonal spike expected
UT,2026-05-13,4,Downtown Clinic,seasonal spike expected
UT,2026-05-13,5,Lakeview Clinic,telehealth ok
TX,2026-05-13,6,Downtown Clinic,telehealth ok
TX,2026-05-13,7,Riverstone Medical,seasonal spike expected
TX,2026-05-13,3,Lakeview Clinic,seasonal spike expected
LA,2026-05-13,5,Community Care,
LA,2026-05-13,5,Riverstone Medical,seasonal spike expected
LA,2026-05-13,5,Downtown Clinic,telehealth ok
WV,2026-05-13,3,Riverstone Medical,
WV,2026-05-13,2,Lakeview Clinic,
WV,2026-05-13,3,Downtown Clinic,
NJ,2026-05-13,3,Lakeview Clinic,seasonal spike expected
NJ,2026-05-13,4,Downtown Clinic,telehealth ok
NJ,2026-05-13,3,Community Care,seasonal spike expected
NM,2026-05-13,2,Community Care,seasonal spike expected
NM,2026-05-13,4,Lakeview Clinic,seasonal spike expected
NM,2026-05-13,4,Northside Health,seasonal spike expected
MN,2026-05-13,2,Riverstone Medical,
MN,2026-05-13,5,Community Care,
MN,2026-05-13,4,Lakeview Clinic,seasonal spike expected
MS,2026-05-13,5,Downtown Clinic,telehealth ok
MS,2026-05-13,4,Community Care,
MS,2026-05-13,6,Riverstone Medical,
VA,2026-05-13,3,Community Care,seasonal spike expected
VA,2026-05-13,6,Lakeview Clinic,seasonal spike expected
VA,2026-05-13,4,Riverstone Medical,seasonal spike expected
AR,2026-05-13,3,Northside Health,
AR,2026-05-13,5,Downtown Clinic,
AR,2026-05-13,4,Community Care,seasonal spike expected
WY,2026-05-14,3,Riverstone Medical,
WY,2026-05-14,2,Downtown Clinic,seasonal spike expected
WY,2026-05-14,3,Lakeview Clinic,telehealth ok
OR,2026-05-14,4,Northside Health,telehealth ok
OR,2026-05-14,2,Community Care,telehealth ok
OR,2026-05-14,5,Riverstone Medical,telehealth ok
CA,2026-05-14,6,Lakeview Clinic,seasonal spike expected
CA,2026-05-14,5,Community Care,
CA,2026-05-14,3,Downtown Clinic,seasonal spike expected
GA,2026-05-14,5,Riverstone Medical,seasonal spike expected
GA,2026-05-14,2,Downtown Clinic,telehealth ok
GA,2026-05-14,2,Northside Health,seasonal spike expected
AK,2026-05-14,4,Community Care,telehealth ok
AK,2026-05-14,6,Lakeview Clinic,seasonal spike expected
AK,2026-05-14,3,Downtown Clinic,
HI,2026-05-14,3,Downtown Clinic,
HI,2026-05-14,5,Community Care,seasonal spike expected
HI,2026-05-14,2,Northside Health,seasonal spike expected
PA,2026-05-14,4,Northside Health,
PA,2026-05-14,2,Lakeview Clinic,telehealth ok
PA,2026-05-14,3,Riverstone Medical,telehealth ok
AZ,2026-05-14,5,Northside Health,
AZ,2026-05-14,2,Lakeview Clinic,telehealth ok
AZ,2026-05-14,2,Downtown Clinic,
RI,2026-05-14,5,Lakeview Clinic,seasonal spike expected
RI,2026-05-14,3,Community Care,telehealth ok
RI,2026-05-14,5,Riverstone Medical,seasonal spike expected
NC,2026-05-14,3,Riverstone Medical,
NC,2026-05-14,5,Lakeview Clinic,telehealth ok
NC,2026-05-14,5,Downtown Clinic,
TN,2026-05-14,3,Lakeview Clinic,telehealth ok
TN,2026-05-14,2,Northside Health,telehealth ok
TN,2026-05-14,2,Riverstone Medical,telehealth ok
IL,2026-05-14,5,Northside Health,telehealth ok
IL,2026-05-14,2,Community Care,
IL,2026-05-14,4,Lakeview Clinic,seasonal spike expected
NH,2026-05-14,5,Community Care,
NH,2026-05-14,4,Northside Health,
NH,2026-05-14,3,Lakeview Clinic,
FL,2026-05-14,3,Riverstone Medical,
FL,2026-05-14,3,Downtown Clinic,
FL,2026-05-14,5,Lakeview Clinic,seasonal spike expected
MT,2026-05-14,3,Community Care,telehealth ok
MT,2026-05-14,6,Northside Health,telehealth ok
MT,2026-05-14,2,Downtown Clinic,telehealth ok
NE,2026-05-14,6,Community Care,
NE,2026-05-14,3,Riverstone Medical,
NE,2026-05-14,2,Northside Health,
CT,2026-05-14,3,Northside Health,telehealth ok
CT,2026-05-14,5,Lakeview Clinic,seasonal spike expected
CT,2026-05-14,5,Riverstone Medical,
AL,2026-05-14,6,Riverstone Medical,telehealth ok
AL,2026-05-14,2,Downtown Clinic,seasonal spike expected
AL,2026-05-14,4,Community Care,
MD,2026-05-14,2,Downtown Clinic,telehealth ok
MD,2026-05-14,3,Community Care,
MD,2026-05-14,6,Northside Health,seasonal spike expected
ID,2026-05-14,3,Riverstone Medical,telehealth ok
ID,2026-05-14,3,Community Care,telehealth ok
ID,2026-05-14,6,Lakeview Clinic,
ND,2026-05-14,4,Downtown Clinic,telehealth ok
ND,2026-05-14,3,Lakeview Clinic,telehealth ok
ND,2026-05-14,5,Community Care,seasonal spike expected
KS,2026-05-14,4,Northside Health,
KS,2026-05-14,5,Community Care,seasonal spike expected
KS,2026-05-14,4,Riverstone Medical,
VT,2026-05-14,6,Riverstone Medical,telehealth ok
VT,2026-05-14,3,Community Care,telehealth ok
VT,2026-05-14,6,Northside Health,seasonal spike expected
MI,2026-05-14,3,Northside Health,
MI,2026-05-14,4,Community Care,
MI,2026-05-14,6,Downtown Clinic,seasonal spike expected
NY,2026-05-14,4,Community Care,telehealth ok
NY,2026-05-14,3,Northside Health,telehealth ok
NY,2026-05-14,6,Riverstone Medical,
UT,2026-05-14,6,Lakeview Clinic,seasonal spike expected
UT,2026-05-14,6,Community Care,
UT,2026-05-14,4,Northside Health,seasonal spike expected
TX,2026-05-14,7,Riverstone Medical,seasonal spike expected
TX,2026-05-14,6,Community Care,
TX,2026-05-14,7,Lakeview Clinic,seasonal spike expected
LA,2026-05-14,3,Riverstone Medical,
LA,2026-05-14,5,Northside Health,telehealth ok
LA,2026-05-14,4,Downtown Clinic,seasonal spike expected
WV,2026-05-14,6,Downtown Clinic,seasonal spike expected
WV,2026-05-14,5,Northside Health,seasonal spike expected
WV,2026-05-14,3,Riverstone Medical,seasonal spike expected
NJ,2026-05-14,5,Community Care,
NJ,2026-05-14,5,Riverstone Medical,
NJ,2026-05-14,6,Lakeview Clinic,
NM,2026-05-14,4,Northside Health,seasonal spike expected
NM,2026-05-14,2,Community Care,telehealth ok
NM,2026-05-14,6,Lakeview Clinic,telehealth ok
MN,2026-05-14,6,Community Care,seasonal spike expected
MN,2026-05-14,6,Downtown Clinic,telehealth ok
MN,2026-05-14,3,Northside Health,telehealth ok
MS,2026-05-14,2,Riverstone Medical,
MS,2026-05-14,6,Downtown Clinic,telehealth ok
MS,2026-05-14,5,Northside Health,telehealth ok
VA,2026-05-14,3,Riverstone Medical,seasonal spike expected
VA,2026-05-14,5,Community Care,telehealth ok
VA,2026-05-14,2,Northside Health,telehealth ok
AR,2026-05-14,3,Northside Health,seasonal spike expected
AR,2026-05-14,5,Riverstone Medical,telehealth ok
AR,2026-05-14,4,Downtown Clinic,seasonal spike expected
WY,2026-05-15,6,Downtown Clinic,telehealth ok
WY,2026-05-15,3,Northside Health,
WY,2026-05-15,6,Community Care,seasonal spike expected
OR,2026-05-15,4,Lakeview Clinic,seasonal spike expected
OR,2026-05-15,3,Downtown Clinic,
OR,2026-05-15,4,Riverstone Medical,seasonal spike expected
CA,2026-05-15,7,Riverstone Medical,seasonal spike expected
CA,2026-05-15,4,Northside Health,telehealth ok
CA,2026-05-15,7,Community Care,seasonal spike expected
GA,2026-05-15,3,Northside Health,seasonal spike expected
GA,2026-05-15,2,Downtown Clinic,
GA,2026-05-15,2,Community Care,telehealth ok
AK,2026-05-15,4,Northside Health,seasonal spike expected
AK,2026-05-15,5,Riverstone Medical,telehealth ok
AK,2026-05-15,4,Downtown Clinic,
HI,2026-05-15,2,Riverstone Medical,telehealth ok
HI,2026-05-15,4,Downtown Clinic,telehealth ok
HI,2026-05-15,3,Community Care,
PA,2026-05-15,4,Lakeview Clinic,telehealth ok
PA,2026-05-15,4,Community Care,
PA,2026-05-15,5,Downtown Clinic,
AZ,2026-05-15,6,Downtown Clinic,telehealth ok
AZ,2026-05-15,4,Riverstone Medical,telehealth ok
AZ,2026-05-15,4,Community Care,
RI,2026-05-15,2,Lakeview Clinic,seasonal spike expected
RI,2026-05-15,6,Riverstone Medical,
RI,2026-05-15,2,Community Care,
NC,2026-05-15,2,Community Care,seasonal spike expected
NC,2026-05-15,6,Downtown Clinic,telehealth ok
NC,2026-05-15,6,Northside Health,seasonal spike expected
TN,2026-05-15,6,Northside Health,
TN,2026-05-15,4,Downtown Clinic,
TN,2026-05-15,6,Community Care,
IL,2026-05-15,5,Lakeview Clinic,
IL,2026-05-15,2,Northside Health,seasonal spike expected
IL,2026-05-15,5,Downtown Clinic,seasonal spike expected
NH,2026-05-15,3,Community Care,seasonal spike expected
NH,2026-05-15,3,Lakeview Clinic,telehealth ok
NH,2026-05-15,3,Riverstone Medical,telehealth ok
FL,2026-05-15,6,Community Care,seasonal spike expected
FL,2026-05-15,3,Downtown Clinic,telehealth ok
FL,2026-05-15,4,Lakeview Clinic,seasonal spike expected
MT,2026-05-15,3,Northside Health,telehealth ok
MT,2026-05-15,3,Downtown Clinic,seasonal spike expected
MT,2026-05-15,5,Riverstone Medical,telehealth ok
NE,2026-05-15,2,Riverstone Medical,telehealth ok
NE,2026-05-15,4,Downtown Clinic,telehealth ok
NE,2026-05-15,6,Community Care,
CT,2026-05-15,6,Riverstone Medical,telehealth ok
CT,2026-05-15,6,Lakeview Clinic,seasonal spike expected
CT,2026-05-15,3,Downtown Clinic,seasonal spike expected
AL,2026-05-15,2,Community Care,telehealth ok
AL,2026-05-15,2,Downtown Clinic,seasonal spike expected
AL,2026-05-15,5,Northside Health,seasonal spike expected
MD,2026-05-15,4,Lakeview Clinic,seasonal spike expected
MD,2026-05-15,4,Northside Health,
MD,2026-05-15,5,Community Care,seasonal spike expected
ID,2026-05-15,5,Lakeview Clinic,telehealth ok
ID,2026-05-15,3,Downtown Clinic,
ID,2026-05-15,2,Northside Health,
ND,2026-05-15,5,Community Care,telehealth ok
ND,2026-05-15,6,Riverstone Medical,
ND,2026-05-15,4,Downtown Clinic,
KS,2026-05-15,3,Northside Health,telehealth ok
KS,2026-05-15,3,Riverstone Medical,telehealth ok
KS,2026-05-15,6,Community Care,
VT,2026-05-15,6,Riverstone Medical,seasonal spike expected
VT,2026-05-15,4,Northside Health,seasonal spike expected
VT,2026-05-15,6,Community Care,telehealth ok
MI,2026-05-15,3,Community Care,
MI,2026-05-15,4,Riverstone Medical,
MI,2026-05-15,4,Downtown Clinic,telehealth ok
NY,2026-05-15,6,Riverstone Medical,telehealth ok
NY,2026-05-15,6,Lakeview Clinic,
NY,2026-05-15,4,Community Care,
UT,2026-05-15,4,Downtown Clinic,telehealth ok
UT,2026-05-15,2,Riverstone Medical,seasonal spike expected
UT,2026-05-15,2,Community Care,seasonal spike expected
TX,2026-05-15,7,Downtown Clinic,telehealth ok
TX,2026-05-15,4,Community Care,seasonal spike expected
TX,2026-05-15,7,Lakeview Clinic,
LA,2026-05-15,3,Downtown Clinic,seasonal spike expected
LA,2026-05-15,4,Community Care,seasonal spike expected
LA,2026-05-15,3,Lakeview Clinic,
WV,2026-05-15,3,Lakeview Clinic,
WV,2026-05-15,2,Riverstone Medical,seasonal spike expected
WV,2026-05-15,2,Downtown Clinic,
NJ,2026-05-15,4,Community Care,
NJ,2026-05-15,4,Lakeview Clinic,
NJ,2026-05-15,4,Northside Health,
NM,2026-05-15,4,Northside Health,seasonal spike expected
NM,2026-05-15,6,Riverstone Medical,
NM,2026-05-15,5,Downtown Clinic,telehealth ok
MN,2026-05-15,4,Northside Health,telehealth ok
MN,2026-05-15,4,Riverstone Medical,telehealth ok
MN,2026-05-15,3,Lakeview Clinic,
MS,2026-05-15,4,Community Care,seasonal spike expected
MS,2026-05-15,4,Northside Health,telehealth ok
MS,2026-05-15,5,Downtown Clinic,telehealth ok
VA,2026-05-15,2,Riverstone Medical,
VA,2026-05-15,6,Northside Health,
VA,2026-05-15,2,Lakeview Clinic,
AR,2026-05-15,5,Riverstone Medical,
AR,2026-05-15,4,Downtown Clinic,
AR,2026-05-15,3,Community Care,telehealth ok
WY,2026-05-16,3,Community Care,telehealth ok
WY,2026-05-16,1,Downtown Clinic,
WY,2026-05-16,5,Riverstone Medical,seasonal spike expected
OR,2026-05-16,2,Riverstone Medical,seasonal spike expected
OR,2026-05-16,5,Community Care,telehealth ok
OR,2026-05-16,4,Downtown Clinic,
CA,2026-05-16,5,Northside Health,seasonal spike expected
CA,2026-05-16,3,Downtown Clinic,
CA,2026-05-16,3,Lakeview Clinic,telehealth ok
GA,2026-05-16,1,Downtown Clinic,telehealth ok
GA,2026-05-16,1,Riverstone Medical,
GA,2026-05-16,1,Northside Health,
AK,2026-05-16,2,Riverstone Medical,
AK,2026-05-16,3,Northside Health,
AK,2026-05-16,2,Community Care,
HI,2026-05-16,3,Downtown Clinic,seasonal spike expected
HI,2026-05-16,3,Community Care,
HI,2026-05-16,2,Riverstone Medical,seasonal spike expected
PA,2026-05-16,5,Lakeview Clinic,seasonal spike expected
PA,2026-05-16,5,Community Care,seasonal spike expected
PA,2026-05-16,2,Northside Health,telehealth ok
AZ,2026-05-16,5,Downtown Clinic,seasonal spike expected
AZ,2026-05-16,3,Northside Health,telehealth ok
AZ,2026-05-16,2,Community Care,telehealth ok
RI,2026-05-16,2,Community Care,
RI,2026-05-16,4,Downtown Clinic,telehealth ok
RI,2026-05-16,3,Lakeview Clinic,
NC,2026-05-16,3,Riverstone Medical,
NC,2026-05-16,1,Lakeview Clinic,
NC,2026-05-16,4,Community Care,telehealth ok
TN,2026-05-16,2,Downtown Clinic,seasonal spike expected
TN,2026-05-16,4,Riverstone Medical,telehealth ok
TN,2026-05-16,5,Community Care,
IL,2026-05-16,5,Downtown Clinic,seasonal spike expected
IL,2026-05-16,1,Northside Health,seasonal spike expected
IL,2026-05-16,4,Riverstone Medical,seasonal spike expected
NH,2026-05-16,1,Community Care,
NH,2026-05-16,2,Northside Health,seasonal spike expected
NH,2026-05-16,3,Riverstone Medical,telehealth ok
FL,2026-05-16,5,Community Care,seasonal spike expected
FL,2026-05-16,4,Riverstone Medical,telehealth ok
FL,2026-05-16,6,Downtown Clinic,
MT,2026-05-16,4,Community Care,seasonal spike expected
MT,2026-05-16,2,Northside Health,seasonal spike expected
MT,2026-05-16,1,Downtown Clinic,seasonal spike expected
NE,2026-05-16,2,Northside Health,
NE,2026-05-16,3,Riverstone Medical,telehealth ok
NE,2026-05-16,4,Community Care,seasonal spike expected
CT,2026-05-16,3,Northside Health,
CT,2026-05-16,1,Downtown Clinic,
CT,2026-05-16,4,Community Care,seasonal spike expected
AL,2026-05-16,2,Downtown Clinic,seasonal spike expected
AL,2026-05-16,2,Riverstone Medical,seasonal spike expected
AL,2026-05-16,3,Lakeview Clinic,seasonal spike expected
MD,2026-05-16,5,Riverstone Medical,telehealth ok
MD,2026-05-16,1,Downtown Clinic,seasonal spike expected
MD,2026-05-16,5,Lakeview Clinic,telehealth ok
ID,2026-05-16,4,Downtown Clinic,telehealth ok
ID,2026-05-16,1,Riverstone Medical,telehealth ok
ID,2026-05-16,5,Northside Health,seasonal spike expected
ND,2026-05-16,2,Riverstone Medical,seasonal spike expected
ND,2026-05-16,1,Downtown Clinic,telehealth ok
ND,2026-05-16,4,Lakeview Clinic,seasonal spike expected
KS,2026-05-16,1,Riverstone Medical,
KS,2026-05-16,3,Community Care,seasonal spike expected
KS,2026-05-16,4,Downtown Clinic,telehealth ok
VT,2026-05-16,2,Riverstone Medical,
VT,2026-05-16,2,Lakeview Clinic,telehealth ok
VT,2026-05-16,1,Community Care,
MI,2026-05-16,2,Riverstone Medical,seasonal spike expected
MI,2026-05-16,5,Community Care,telehealth ok
MI,2026-05-16,1,Northside Health,
NY,2026-05-16,5,Downtown Clinic,telehealth ok
NY,2026-05-16,3,Lakeview Clinic,seasonal spike expected
NY,2026-05-16,6,Riverstone Medical,seasonal spike expected
UT,2026-05-16,3,Downtown Clinic,seasonal spike expected
UT,2026-05-16,3,Riverstone Medical,
UT,2026-05-16,4,Lakeview Clinic,telehealth ok
TX,2026-05-16,2,Lakeview Clinic,seasonal spike expected
TX,2026-05-16,5,Riverstone Medical,
TX,2026-05-16,5,Northside Health,telehealth ok
LA,2026-05-16,3,Northside Health,telehealth ok
LA,2026-05-16,3,Riverstone Medical,seasonal spike expected
LA,2026-05-16,1,Downtown Clinic,seasonal spike expected
WV,2026-05-16,5,Lakeview Clinic,
WV,2026-05-16,5,Community Care,seasonal spike expected
WV,2026-05-16,4,Northside Health,seasonal spike expected
NJ,2026-05-16,2,Riverstone Medical,telehealth ok
NJ,2026-05-16,5,Community Care,seasonal spike expected
NJ,2026-05-16,1,Northside Health,seasonal spike expected
NM,2026-05-16,5,Riverstone Medical,telehealth ok
NM,2026-05-16,2,Downtown Clinic,seasonal spike expected
NM,2026-05-16,5,Northside Health,telehealth ok
MN,2026-05-16,3,Lakeview Clinic,telehealth ok
MN,2026-05-16,3,Riverstone Medical,seasonal spike expected
MN,2026-05-16,5,Downtown Clinic,
MS,2026-05-16,1,Lakeview Clinic,seasonal spike expected
MS,2026-05-16,1,Downtown Clinic,
MS,2026-05-16,4,Riverstone Medical,telehealth ok
VA,2026-05-16,4,Riverstone Medical,
VA,2026-05-16,2,Lakeview Clinic,
VA,2026-05-16,2,Community Care,
AR,2026-05-16,2,Lakeview Clinic,
AR,2026-05-16,4,Northside Health,
AR,2026-05-16,3,Community Care,
WY,2026-05-17,3,Lakeview Clinic,telehealth ok
WY,2026-05-17,2,Community Care,
WY,2026-05-17,5,Riverstone Medical,seasonal spike expected
OR,2026-05-17,4,Lakeview Clinic,seasonal spike expected
OR,2026-05-17,1,Downtown Clinic,seasonal spike expected
OR,2026-05-17,1,Northside Health,
CA,2026-05-17,6,Riverstone Medical,telehealth ok
CA,2026-05-17,3,Lakeview Clinic,telehealth ok
CA,2026-05-17,6,Northside Health,seasonal spike expected
GA,2026-05-17,3,Northside Health,seasonal spike expected
GA,2026-05-17,2,Community Care,
GA,2026-05-17,5,Lakeview Clinic,telehealth ok
AK,2026-05-17,3,Northside Health,telehealth ok
AK,2026-05-17,2,Lakeview Clinic,seasonal spike expected
AK,2026-05-17,2,Downtown Clinic,
HI,2026-05-17,4,Downtown Clinic,seasonal spike expected
HI,2026-05-17,5,Community Care,telehealth ok
HI,2026-05-17,3,Riverstone Medical,
PA,2026-05-17,3,Community Care,seasonal spike expected
PA,2026-05-17,4,Downtown Clinic,
PA,2026-05-17,5,Riverstone Medical,seasonal spike expected
AZ,2026-05-17,4,Community Care,seasonal spike expected
AZ,2026-05-17,2,Riverstone Medical,
AZ,2026-05-17,2,Northside Health,
RI,2026-05-17,5,Downtown Clinic,
RI,2026-05-17,1,Lakeview Clinic,
RI,2026-05-17,5,Northside Health,telehealth ok
NC,2026-05-17,2,Downtown Clinic,
NC,2026-05-17,1,Northside Health,seasonal spike expected
NC,2026-05-17,2,Lakeview Clinic,seasonal spike expected
TN,2026-05-17,1,Riverstone Medical,telehealth ok
TN,2026-05-17,4,Community Care,seasonal spike expected
TN,2026-05-17,4,Lakeview Clinic,
IL,2026-05-17,1,Community Care,seasonal spike expected
IL,2026-05-17,5,Riverstone Medical,seasonal spike expected
IL,2026-05-17,2,Lakeview Clinic,telehealth ok
NH,2026-05-17,3,Northside Health,
NH,2026-05-17,1,Community Care,seasonal spike expected
NH,2026-05-17,5,Riverstone Medical,
FL,2026-05-17,3,Community Care,seasonal spike expected
FL,2026-05-17,4,Downtown Clinic,seasonal spike expected
FL,2026-05-17,2,Lakeview Clinic,seasonal spike expected
MT,2026-05-17,4,Northside Health,telehealth ok
MT,2026-05-17,2,Community Care,seasonal spike expected
MT,2026-05-17,1,Riverstone Medical,telehealth ok
NE,2026-05-17,3,Riverstone Medical,
NE,2026-05-17,3,Downtown Clinic,
NE,2026-05-17,2,Northside Health,seasonal spike expected
CT,2026-05-17,3,Northside Health,seasonal spike expected
CT,2026-05-17,1,Downtown Clinic,telehealth ok
CT,2026-05-17,4,Community Care,seasonal spike expected
AL,2026-05-17,2,Northside Health,
AL,2026-05-17,2,Community Care,
AL,2026-05-17,1,Lakeview Clinic,
MD,2026-05-17,3,Downtown Clinic,telehealth ok
MD,2026-05-17,3,Northside Health,
MD,2026-05-17,1,Community Care,seasonal spike expected
ID,2026-05-17,2,Northside Health,
ID,2026-05-17,1,Community Care,
ID,2026-05-17,4,Lakeview Clinic,seasonal spike expected
ND,2026-05-17,1,Community Care,
ND,2026-05-17,4,Northside Health,
ND,2026-05-17,4,Riverstone Medical,telehealth ok
KS,2026-05-17,3,Riverstone Medical,seasonal spike expected
KS,2026-05-17,5,Community Care,telehealth ok
KS,2026-05-17,1,Downtown Clinic,seasonal spike expected
VT,2026-05-17,1,Northside Health,
VT,2026-05-17,3,Lakeview Clinic,seasonal spike expected
VT,2026-05-17,4,Riverstone Medical,seasonal spike expected
MI,2026-05-17,1,Riverstone Medical,seasonal spike expected
MI,2026-05-17,3,Downtown Clinic,
MI,2026-05-17,2,Northside Health,seasonal spike expected
NY,2026-05-17,2,Downtown Clinic,telehealth ok
NY,2026-05-17,3,Northside Health,
NY,2026-05-17,6,Community Care,
UT,2026-05-17,5,Downtown Clinic,telehealth ok
UT,2026-05-17,4,Riverstone Medical,telehealth ok
UT,2026-05-17,4,Lakeview Clinic,
TX,2026-05-17,5,Downtown Clinic,telehealth ok
TX,2026-05-17,6,Riverstone Medical,
TX,2026-05-17,6,Northside Health,telehealth ok
LA,2026-05-17,2,Community Care,
LA,2026-05-17,1,Lakeview Clinic,
LA,2026-05-17,3,Downtown Clinic,
WV,2026-05-17,5,Lakeview Clinic,seasonal spike expected
WV,2026-05-17,2,Riverstone Medical,seasonal spike expected
WV,2026-05-17,2,Downtown Clinic,
NJ,2026-05-17,4,Lakeview Clinic,
NJ,2026-05-17,2,Northside Health,seasonal spike expected
NJ,2026-05-17,3,Downtown Clinic,seasonal spike expected
NM,2026-05-17,1,Lakeview Clinic,telehealth ok
NM,2026-05-17,3,Northside Health,
NM,2026-05-17,3,Downtown Clinic,telehealth ok
MN,2026-05-17,2,Community Care,seasonal spike expected
MN,2026-05-17,5,Downtown Clinic,seasonal spike expected
MN,2026-05-17,5,Lakeview Clinic,
MS,2026-05-17,4,Northside Health,seasonal spike expected
MS,2026-05-17,3,Community Care,telehealth ok
MS,2026-05-17,5,Lakeview Clinic,seasonal spike expected
VA,2026-05-17,2,Downtown Clinic,seasonal spike expected
VA,2026-05-17,4,Northside Health,telehealth ok
VA,2026-05-17,4,Lakeview Clinic,seasonal spike expected
AR,2026-05-17,3,Community Care,
AR,2026-05-17,5,Downtown Clinic,telehealth ok
AR,2026-05-17,1,Lakeview Clinic,seasonal spike expected
WY,2026-05-18,4,Community Care,telehealth ok
WY,2026-05-18,2,Northside Health,telehealth ok
WY,2026-05-18,2,Downtown Clinic,telehealth ok
OR,2026-05-18,4,Community Care,seasonal spike expected
OR,2026-05-18,3,Riverstone Medical,seasonal spike expected
OR,2026-05-18,3,Downtown Clinic,seasonal spike expected
CA,2026-05-18,4,Community Care,
CA,2026-05-18,4,Lakeview Clinic,telehealth ok
CA,2026-05-18,7,Riverstone Medical,telehealth ok
GA,2026-05-18,4,Northside Health,seasonal spike expected
GA,2026-05-18,6,Community Care,seasonal spike expected
GA,2026-05-18,4,Riverstone Medical,telehealth ok
AK,2026-05-18,4,Community Care,
AK,2026-05-18,3,Northside Health,
AK,2026-05-18,6,Downtown Clinic,seasonal spike expected
HI,2026-05-18,6,Lakeview Clinic,telehealth ok
HI,2026-05-18,4,Community Care,telehealth ok
HI,2026-05-18,4,Northside Health,
PA,2026-05-18,3,Northside Health,telehealth ok
PA,2026-05-18,2,Downtown Clinic,telehealth ok
PA,2026-05-18,6,Lakeview Clinic,
AZ,2026-05-18,4,Downtown Clinic,telehealth ok
AZ,2026-05-18,2,Riverstone Medical,seasonal spike expected
AZ,2026-05-18,2,Northside Health,telehealth ok
RI,2026-05-18,6,Riverstone Medical,seasonal spike expected
RI,2026-05-18,2,Community Care,telehealth ok
RI,2026-05-18,4,Lakeview Clinic,telehealth ok
NC,2026-05-18,6,Riverstone Medical,seasonal spike expected
NC,2026-05-18,3,Community Care,
NC,2026-05-18,5,Lakeview Clinic,telehealth ok
TN,2026-05-18,5,Lakeview Clinic,seasonal spike expected
TN,2026-05-18,5,Northside Health,
TN,2026-05-18,2,Downtown Clinic,telehealth ok
IL,2026-05-18,2,Downtown Clinic,
IL,2026-05-18,4,Riverstone Medical,
IL,2026-05-18,3,Northside Health,
NH,2026-05-18,2,Lakeview Clinic,
NH,2026-05-18,2,Northside Health,
NH,2026-05-18,3,Community Care,telehealth ok
FL,2026-05-18,6,Community Care,seasonal spike expected
FL,2026-05-18,6,Lakeview Clinic,seasonal spike expected
FL,2026-05-18,7,Northside Health,telehealth ok
MT,2026-05-18,5,Northside Health,seasonal spike expected
MT,2026-05-18,6,Downtown Clinic,telehealth ok
MT,2026-05-18,3,Lakeview Clinic,seasonal spike expected
NE,2026-05-18,3,Riverstone Medical,
NE,2026-05-18,2,Lakeview Clinic,
NE,2026-05-18,6,Downtown Clinic,telehealth ok
CT,2026-05-18,2,Northside Health,telehealth ok
CT,2026-05-18,4,Riverstone Medical,seasonal spike expected
CT,2026-05-18,2,Downtown Clinic,
AL,2026-05-18,6,Downtown Clinic,telehealth ok
AL,2026-05-18,6,Lakeview Clinic,seasonal spike expected
AL,2026-05-18,3,Community Care,
MD,2026-05-18,2,Riverstone Medical,seasonal spike expected
MD,2026-05-18,6,Lakeview Clinic,
MD,2026-05-18,2,Downtown Clinic,telehealth ok
ID,2026-05-18,6,Northside Health,
ID,2026-05-18,6,Community Care,
ID,2026-05-18,2,Lakeview Clinic,seasonal spike expected
ND,2026-05-18,3,Northside Health,
ND,2026-05-18,3,Downtown Clinic,
ND,2026-05-18,3,Lakeview Clinic,
KS,2026-05-18,5,Northside Health,seasonal spike expected
KS,2026-05-18,6,Lakeview Clinic,
KS,2026-05-18,6,Riverstone Medical,seasonal spike expected
VT,2026-05-18,5,Riverstone Medical,telehealth ok
VT,2026-05-18,2,Community Care,
VT,2026-05-18,6,Lakeview Clinic,
MI,2026-05-18,2,Community Care,seasonal spike expected
MI,2026-05-18,5,Northside Health,seasonal spike expected
MI,2026-05-18,4,Downtown Clinic,seasonal spike expected
NY,2026-05-18,4,Lakeview Clinic,telehealth ok
NY,2026-05-18,3,Riverstone Medical,
NY,2026-05-18,3,Downtown Clinic,
UT,2026-05-18,6,Riverstone Medical,
UT,2026-05-18,5,Community Care,
UT,2026-05-18,5,Downtown Clinic,seasonal spike expected
TX,2026-05-18,5,Riverstone Medical,telehealth ok
TX,2026-05-18,5,Community Care,telehealth ok
TX,2026-05-18,5,Lakeview Clinic,
LA,2026-05-18,6,Northside Health,telehealth ok
LA,2026-05-18,4,Downtown Clinic,
LA,2026-05-18,3,Community Care,
WV,2026-05-18,3,Community Care,seasonal spike expected
WV,2026-05-18,6,Downtown Clinic,
WV,2026-05-18,2,Riverstone Medical,telehealth ok
NJ,2026-05-18,6,Lakeview Clinic,
NJ,2026-05-18,6,Northside Health,
NJ,2026-05-18,2,Downtown Clinic,
NM,2026-05-18,6,Community Care,
NM,2026-05-18,5,Riverstone Medical,seasonal spike expected
NM,2026-05-18,5,Lakeview Clinic,seasonal spike expected
MN,2026-05-18,5,Northside Health,telehealth ok
MN,2026-05-18,5,Downtown Clinic,seasonal spike expected
MN,2026-05-18,2,Riverstone Medical,
MS,2026-05-18,2,Lakeview Clinic,telehealth ok
MS,2026-05-18,4,Downtown Clinic,telehealth ok
MS,2026-05-18,2,Northside Health,telehealth ok
VA,2026-05-18,5,Northside Health,
VA,2026-05-18,3,Downtown Clinic,seasonal spike expected
VA,2026-05-18,2,Community Care,
AR,2026-05-18,6,Community Care,seasonal spike expected
AR,2026-05-18,6,Riverstone Medical,telehealth ok
AR,2026-05-18,3,Downtown Clinic,telehealth ok
WY,2026-05-19,3,Riverstone Medical,
WY,2026-05-19,6,Community Care,
WY,2026-05-19,4,Lakeview Clinic,
OR,2026-05-19,5,Lakeview Clinic,
OR,2026-05-19,6,Community Care,seasonal spike expected
OR,2026-05-19,5,Downtown Clinic,seasonal spike expected
CA,2026-05-19,4,Community Care,telehealth ok
CA,2026-05-19,6,Downtown Clinic,
CA,2026-05-19,4,Lakeview Clinic,
GA,2026-05-19,4,Riverstone Medical,seasonal spike expected
GA,2026-05-19,2,Northside Health,
GA,2026-05-19,4,Community Care,
AK,2026-05-19,2,Lakeview Clinic,seasonal spike expected
AK,2026-05-19,4,Riverstone Medical,
AK,2026-05-19,5,Northside Health,seasonal spike expected
HI,2026-05-19,5,Lakeview Clinic,telehealth ok
HI,2026-05-19,3,Northside Health,
HI,2026-05-19,2,Riverstone Medical,
PA,2026-05-19,3,Riverstone Medical,
PA,2026-05-19,4,Northside Health,telehealth ok
PA,2026-05-19,3,Downtown Clinic,telehealth ok
AZ,2026-05-19,5,Community Care,seasonal spike expected
AZ,2026-05-19,6,Northside Health,seasonal spike expected
AZ,2026-05-19,3,Downtown Clinic,telehealth ok
RI,2026-05-19,6,Lakeview Clinic,telehealth ok
RI,2026-05-19,3,Community Care,seasonal spike expected
RI,2026-05-19,6,Riverstone Medical,
NC,2026-05-19,3,Downtown Clinic,
NC,2026-05-19,2,Community Care,seasonal spike expected
NC,2026-05-19,3,Riverstone Medical,telehealth ok
TN,2026-05-19,2,Downtown Clinic,
TN,2026-05-19,4,Northside Health,
TN,2026-05-19,3,Riverstone Medical,telehealth ok
IL,2026-05-19,4,Riverstone Medical,
IL,2026-05-19,3,Downtown Clinic,seasonal spike expected
IL,2026-05-19,5,Community Care,telehealth ok
NH,2026-05-19,6,Northside Health,seasonal spike expected
NH,2026-05-19,3,Downtown Clinic,telehealth ok
NH,2026-05-19,2,Community Care,
FL,2026-05-19,3,Lakeview Clinic,seasonal spike expected
FL,2026-05-19,5,Northside Health,
FL,2026-05-19,4,Downtown Clinic,
MT,2026-05-19,4,Northside Health,
MT,2026-05-19,4,Downtown Clinic,seasonal spike expected
MT,2026-05-19,2,Lakeview Clinic,seasonal spike expected
NE,2026-05-19,2,Community Care,seasonal spike expected
NE,2026-05-19,4,Riverstone Medical,seasonal spike expected
NE,2026-05-19,6,Downtown Clinic,telehealth ok
CT,2026-05-19,2,Community Care,seasonal spike expected
CT,2026-05-19,3,Downtown Clinic,telehealth ok
CT,2026-05-19,5,Lakeview Clinic,
AL,2026-05-19,5,Riverstone Medical,seasonal spike expected
AL,2026-05-19,3,Northside Health,seasonal spike expected
AL,2026-05-19,6,Downtown Clinic,telehealth ok
MD,2026-05-19,3,Northside Health,seasonal spike expected
MD,2026-05-19,2,Community Care,telehealth ok
MD,2026-05-19,4,Lakeview Clinic,
ID,2026-05-19,2,Riverstone Medical,
ID,2026-05-19,4,Downtown Clinic,telehealth ok
ID,2026-05-19,3,Lakeview Clinic,seasonal spike expected
ND,2026-05-19,4,Northside Health,
ND,2026-05-19,6,Downtown Clinic,seasonal spike expected
ND,2026-05-19,5,Community Care,seasonal spike expected
KS,2026-05-19,6,Riverstone Medical,seasonal spike expected
KS,2026-05-19,6,Northside Health,telehealth ok
KS,2026-05-19,5,Community Care,
VT,2026-05-19,5,Downtown Clinic,
VT,2026-05-19,2,Lakeview Clinic,
VT,2026-05-19,5,Northside Health,
MI,2026-05-19,2,Downtown Clinic,
MI,2026-05-19,6,Lakeview Clinic,seasonal spike expected
MI,2026-05-19,6,Northside Health,
NY,2026-05-19,7,Riverstone Medical,seasonal spike expected
NY,2026-05-19,7,Downtown Clinic,
NY,2026-05-19,5,Community Care,telehealth ok
UT,2026-05-19,5,Riverstone Medical,
UT,2026-05-19,4,Lakeview Clinic,telehealth ok
UT,2026-05-19,3,Downtown Clinic,seasonal spike expected
TX,2026-05-19,4,Riverstone Medical,seasonal spike expected
TX,2026-05-19,7,Community Care,
TX,2026-05-19,3,Downtown Clinic,seasonal spike expected
LA,2026-05-19,2,Downtown Clinic,
LA,2026-05-19,3,Lakeview Clinic,seasonal spike expected
LA,2026-05-19,2,Community Care,seasonal spike expected
WV,2026-05-19,5,Lakeview Clinic,
WV,2026-05-19,4,Riverstone Medical,telehealth ok
WV,2026-05-19,2,Downtown Clinic,seasonal spike expected
NJ,2026-05-19,5,Community Care,telehealth ok
NJ,2026-05-19,4,Riverstone Medical,
NJ,2026-05-19,2,Downtown Clinic,
NM,2026-05-19,4,Lakeview Clinic,
NM,2026-05-19,4,Riverstone Medical,seasonal spike expected
NM,2026-05-19,4,Downtown Clinic,telehealth ok
MN,2026-05-19,2,Northside Health,telehealth ok
MN,2026-05-19,3,Downtown Clinic,
MN,2026-05-19,3,Lakeview Clinic,telehealth ok
MS,2026-05-19,4,Lakeview Clinic,telehealth ok
MS,2026-05-19,3,Northside Health,
MS,2026-05-19,5,Community Care,seasonal spike expected
VA,2026-05-19,3,Community Care,seasonal spike expected
VA,2026-05-19,5,Downtown Clinic,telehealth ok
VA,2026-05-19,3,Lakeview Clinic,telehealth ok
AR,2026-05-19,4,Downtown Clinic,telehealth ok
AR,2026-05-19,6,Riverstone Medical,telehealth ok
AR,2026-05-19,3,Northside Health,telehealth ok
WY,2026-05-20,2,Community Care,
WY,2026-05-20,5,Riverstone Medical,
WY,2026-05-20,4,Lakeview Clinic,telehealth ok
OR,2026-05-20,6,Northside Health,
OR,2026-05-20,6,Downtown Clinic,
OR,2026-05-20,6,Lakeview Clinic,
CA,2026-05-20,6,Northside Health,telehealth ok
CA,2026-05-20,4,Lakeview Clinic,telehealth ok
CA,2026-05-20,4,Community Care,seasonal spike expected
GA,2026-05-20,2,Riverstone Medical,telehealth ok
GA,2026-05-20,6,Downtown Clinic,telehealth ok
GA,2026-05-20,2,Lakeview Clinic,
AK,2026-05-20,6,Riverstone Medical,seasonal spike expected
AK,2026-05-20,6,Downtown Clinic,
AK,2026-05-20,2,Lakeview Clinic,telehealth ok
HI,2026-05-20,4,Northside Health,
HI,2026-05-20,5,Community Care,
HI,2026-05-20,3,Riverstone Medical,telehealth ok
PA,2026-05-20,5,Downtown Clinic,telehealth ok
PA,2026-05-20,3,Northside Health,
PA,2026-05-20,4,Lakeview Clinic,
AZ,2026-05-20,3,Riverstone Medical,telehealth ok
AZ,2026-05-20,5,Community Care,
AZ,2026-05-20,5,Northside Health,
RI,2026-05-20,5,Northside Health,telehealth ok
RI,2026-05-20,6,Community Care,
RI,2026-05-20,3,Lakeview Clinic,seasonal spike expected
NC,2026-05-20,6,Riverstone Medical,seasonal spike expected
NC,2026-05-20,6,Lakeview Clinic,seasonal spike expected
NC,2026-05-20,6,Northside Health,
TN,2026-05-20,2,Northside Health,telehealth ok
TN,2026-05-20,4,Riverstone Medical,
TN,2026-05-20,3,Community Care,seasonal spike expected
IL,2026-05-20,3,Northside Health,seasonal spike expected
IL,2026-05-20,6,Downtown Clinic,telehealth ok
IL,2026-05-20,4,Riverstone Medical,seasonal spike expected
NH,2026-05-20,6,Riverstone Medical,
NH,2026-05-20,5,Lakeview Clinic,
NH,2026-05-20,2,Downtown Clinic,seasonal spike expected
FL,2026-05-20,5,Community Care,telehealth ok
FL,2026-05-20,7,Northside Health,telehealth ok
FL,2026-05-20,7,Downtown Clinic,
MT,2026-05-20,5,Downtown Clinic,telehealth ok
MT,2026-05-20,5,Community Care,telehealth ok
MT,2026-05-20,3,Riverstone Medical,telehealth ok
NE,2026-05-20,3,Community Care,
NE,2026-05-20,4,Lakeview Clinic,telehealth ok
NE,2026-05-20,6,Riverstone Medical,telehealth ok
CT,2026-05-20,2,Downtown Clinic,telehealth ok
CT,2026-05-20,5,Community Care,seasonal spike expected
CT,2026-05-20,3,Riverstone Medical,telehealth ok
AL,2026-05-20,2,Northside Health,
AL,2026-05-20,2,Community Care,telehealth ok
AL,2026-05-20,6,Lakeview Clinic,
MD,2026-05-20,5,Downtown Clinic,seasonal spike expected
MD,2026-05-20,3,Lakeview Clinic,telehealth ok
MD,2026-05-20,6,Riverstone Medical,telehealth ok
ID,2026-05-20,4,Community Care,
ID,2026-05-20,2,Northside Health,
ID,2026-05-20,6,Downtown Clinic,
ND,2026-05-20,6,Riverstone Medical,seasonal spike expected
ND,2026-05-20,5,Downtown Clinic,telehealth ok
ND,2026-05-20,3,Community Care,seasonal spike expected
KS,2026-05-20,2,Community Care,seasonal spike expected
KS,2026-05-20,4,Northside Health,seasonal spike expected
KS,2026-05-20,2,Riverstone Medical,seasonal spike expected
VT,2026-05-20,5,Community Care,telehealth ok
VT,2026-05-20,4,Northside Health,
VT,2026-05-20,2,Lakeview Clinic,
MI,2026-05-20,6,Lakeview Clinic,
MI,2026-05-20,5,Northside Health,telehealth ok
MI,2026-05-20,4,Riverstone Medical,telehealth ok
NY,2026-05-20,5,Riverstone Medical,telehealth ok
NY,2026-05-20,5,Community Care,seasonal spike expected
NY,2026-05-20,3,Downtown Clinic,seasonal spike expected
UT,2026-05-20,3,Downtown Clinic,telehealth ok
UT,2026-05-20,2,Community Care,
UT,2026-05-20,4,Riverstone Medical,
TX,2026-05-20,6,Downtown Clinic,
TX,2026-05-20,5,Riverstone Medical,telehealth ok
TX,2026-05-20,7,Community Care,telehealth ok
LA,2026-05-20,2,Northside Health,
LA,2026-05-20,4,Downtown Clinic,
LA,2026-05-20,4,Lakeview Clinic,telehealth ok
WV,2026-05-20,4,Northside Health,seasonal spike expected
WV,2026-05-20,6,Riverstone Medical,seasonal spike expected
WV,2026-05-20,5,Downtown Clinic,seasonal spike expected
NJ,2026-05-20,6,Community Care,telehealth ok
NJ,2026-05-20,4,Lakeview Clinic,
NJ,2026-05-20,4,Riverstone Medical,
NM,2026-05-20,6,Downtown Clinic,seasonal spike expected
NM,2026-05-20,3,Lakeview Clinic,seasonal spike expected
NM,2026-05-20,2,Riverstone Medical,
MN,2026-05-20,2,Riverstone Medical,telehealth ok
MN,2026-05-20,6,Lakeview Clinic,
MN,2026-05-20,4,Downtown Clinic,seasonal spike expected
MS,2026-05-20,5,Lakeview Clinic,seasonal spike expected
MS,2026-05-20,3,Northside Health,telehealth ok
MS,2026-05-20,4,Community Care,seasonal spike expected
VA,2026-05-20,6,Downtown Clinic,seasonal spike expected
VA,2026-05-20,6,Community Care,seasonal spike expected
VA,2026-05-20,5,Northside Health,
AR,2026-05-20,3,Northside Health,
AR,2026-05-20,4,Downtown Clinic,
AR,2026-05-20,4,Community Care,seasonal spike expected
WY,2026-05-21,6,Downtown Clinic,seasonal spike expected
WY,2026-05-21,2,Lakeview Clinic,telehealth ok
WY,2026-05-21,3,Northside Health,
OR,2026-05-21,2,Northside Health,telehealth ok
OR,2026-05-21,5,Downtown Clinic,
OR,2026-05-21,2,Community Care,telehealth ok
CA,2026-05-21,3,Riverstone Medical,
CA,2026-05-21,3,Downtown Clinic,telehealth ok
CA,2026-05-21,5,Community Care,seasonal spike expected
GA,2026-05-21,3,Lakeview Clinic,seasonal spike expected
GA,2026-05-21,5,Downtown Clinic,
GA,2026-05-21,5,Northside Health,
AK,2026-05-21,4,Community Care,
AK,2026-05-21,2,Downtown Clinic,telehealth ok
AK,2026-05-21,4,Riverstone Medical,
HI,2026-05-21,2,Downtown Clinic,
HI,2026-05-21,2,Riverstone Medical,seasonal spike expected
HI,2026-05-21,6,Lakeview Clinic,
PA,2026-05-21,2,Downtown Clinic,telehealth ok
PA,2026-05-21,5,Community Care,telehealth ok
PA,2026-05-21,3,Riverstone Medical,telehealth ok
AZ,2026-05-21,5,Downtown Clinic,
AZ,2026-05-21,4,Community Care,telehealth ok
AZ,2026-05-21,6,Riverstone Medical,seasonal spike expected
RI,2026-05-21,2,Northside Health,telehealth ok
RI,2026-05-21,2,Downtown Clinic,
RI,2026-05-21,3,Community Care,seasonal spike expected
NC,2026-05-21,4,Northside Health,telehealth ok
NC,2026-05-21,3,Riverstone Medical,
NC,2026-05-21,4,Community Care,
TN,2026-05-21,3,Community Care,telehealth ok
TN,2026-05-21,2,Northside Health,
TN,2026-05-21,3,Downtown Clinic,seasonal spike expected
IL,2026-05-21,4,Community Care,seasonal spike expected
IL,2026-05-21,4,Lakeview Clinic,
IL,2026-05-21,6,Northside Health,
NH,2026-05-21,4,Downtown Clinic,telehealth ok
NH,2026-05-21,3,Northside Health,telehealth ok
NH,2026-05-21,4,Riverstone Medical,seasonal spike expected
FL,2026-05-21,3,Riverstone Medical,
FL,2026-05-21,3,Downtown Clinic,telehealth ok
FL,2026-05-21,7,Community Care,telehealth ok
MT,2026-05-21,3,Riverstone Medical,
MT,2026-05-21,2,Community Care,telehealth ok
MT,2026-05-21,2,Downtown Clinic,
NE,2026-05-21,4,Lakeview Clinic,
NE,2026-05-21,5,Northside Health,telehealth ok
NE,2026-05-21,5,Riverstone Medical,
CT,2026-05-21,5,Lakeview Clinic,telehealth ok
CT,2026-05-21,5,Downtown Clinic,telehealth ok
CT,2026-05-21,5,Northside Health,telehealth ok
AL,2026-05-21,3,Riverstone Medical,telehealth ok
AL,2026-05-21,2,Community Care,telehealth ok
AL,2026-05-21,4,Northside Health,seasonal spike expected
MD,2026-05-21,2,Community Care,
MD,2026-05-21,2,Lakeview Clinic,seasonal spike expected
MD,2026-05-21,4,Northside Health,seasonal spike expected
ID,2026-05-21,5,Downtown Clinic,seasonal spike expected
ID,2026-05-21,4,Lakeview Clinic,telehealth ok
ID,2026-05-21,4,Riverstone Medical,telehealth ok
ND,2026-05-21,6,Downtown Clinic,
ND,2026-05-21,2,Lakeview Clinic,telehealth ok
ND,2026-05-21,2,Riverstone Medical,telehealth ok
KS,2026-05-21,6,Northside Health,seasonal spike expected
KS,2026-05-21,3,Downtown Clinic,telehealth ok
KS,2026-05-21,4,Community Care,seasonal spike expected
VT,2026-05-21,5,Community Care,telehealth ok
VT,2026-05-21,3,Riverstone Medical,seasonal spike expected
VT,2026-05-21,6,Downtown Clinic,
MI,2026-05-21,5,Northside Health,telehealth ok
MI,2026-05-21,2,Riverstone Medical,
MI,2026-05-21,5,Downtown Clinic,seasonal spike expected
NY,2026-05-21,6,Northside Health,telehealth ok
NY,2026-05-21,5,Community Care,telehealth ok
NY,2026-05-21,5,Riverstone Medical,telehealth ok
UT,2026-05-21,2,Community Care,
UT,2026-05-21,4,Downtown Clinic,
UT,2026-05-21,6,Lakeview Clinic,
TX,2026-05-21,5,Downtown Clinic,telehealth ok
TX,2026-05-21,5,Lakeview Clinic,telehealth ok
TX,2026-05-21,5,Northside Health,telehealth ok
LA,2026-05-21,4,Riverstone Medical,seasonal spike expected
LA,2026-05-21,5,Lakeview Clinic,
LA,2026-05-21,4,Downtown Clinic,telehealth ok
WV,2026-05-21,6,Northside Health,seasonal spike expected
WV,2026-05-21,5,Downtown Clinic,seasonal spike expected
WV,2026-05-21,5,Lakeview Clinic,telehealth ok
NJ,2026-05-21,4,Downtown Clinic,telehealth ok
NJ,2026-05-21,4,Lakeview Clinic,telehealth ok
NJ,2026-05-21,3,Riverstone Medical,
NM,2026-05-21,4,Community Care,
NM,2026-05-21,4,Lakeview Clinic,
NM,2026-05-21,2,Northside Health,telehealth ok
MN,2026-05-21,2,Downtown Clinic,telehealth ok
MN,2026-05-21,2,Northside Health,seasonal spike expected
MN,2026-05-21,2,Riverstone Medical,seasonal spike expected
MS,2026-05-21,6,Community Care,telehealth ok
MS,2026-05-21,5,Downtown Clinic,telehealth ok
MS,2026-05-21,6,Northside Health,
VA,2026-05-21,3,Lakeview Clinic,
VA,2026-05-21,3,Downtown Clinic,telehealth ok
VA,2026-05-21,2,Riverstone Medical,
AR,2026-05-21,4,Community Care,telehealth ok
AR,2026-05-21,5,Riverstone Medical,telehealth ok
AR,2026-05-21,6,Northside Health,
WY,2026-05-22,3,Northside Health,telehealth ok
WY,2026-05-22,5,Riverstone Medical,seasonal spike expected
WY,2026-05-22,3,Lakeview Clinic,
OR,2026-05-22,3,Northside Health,seasonal spike expected
OR,2026-05-22,5,Downtown Clinic,seasonal spike expected
OR,2026-05-22,2,Riverstone Medical,telehealth ok
CA,2026-05-22,3,Downtown Clinic,seasonal spike expected
CA,2026-05-22,7,Northside Health,telehealth ok
CA,2026-05-22,6,Community Care,
GA,2026-05-22,2,Lakeview Clinic,seasonal spike expected
GA,2026-05-22,6,Riverstone Medical,seasonal spike expected
GA,2026-05-22,3,Northside Health,seasonal spike expected
AK,2026-05-22,5,Downtown Clinic,
AK,2026-05-22,3,Community Care,telehealth ok
AK,2026-05-22,2,Northside Health,telehealth ok
HI,2026-05-22,3,Community Care,
HI,2026-05-22,5,Northside Health,seasonal spike expected
HI,2026-05-22,6,Riverstone Medical,
PA,2026-05-22,5,Community Care,seasonal spike expected
PA,2026-05-22,3,Riverstone Medical,
PA,2026-05-22,6,Northside Health,seasonal spike expected
AZ,2026-05-22,2,Community Care,seasonal spike expected
AZ,2026-05-22,6,Northside Health,telehealth ok
AZ,2026-05-22,4,Downtown Clinic,telehealth ok
RI,2026-05-22,6,Riverstone Medical,seasonal spike expected
RI,2026-05-22,5,Lakeview Clinic,telehealth ok
RI,2026-05-22,5,Northside Health,telehealth ok
NC,2026-05-22,4,Downtown Clinic,
NC,2026-05-22,5,Lakeview Clinic,telehealth ok
NC,2026-05-22,5,Community Care,
TN,2026-05-22,3,Riverstone Medical,seasonal spike expected
TN,2026-05-22,6,Downtown Clinic,telehealth ok
TN,2026-05-22,6,Lakeview Clinic,seasonal spike expected
IL,2026-05-22,4,Lakeview Clinic,seasonal spike expected
IL,2026-05-22,5,Riverstone Medical,seasonal spike expected
IL,2026-05-22,4,Downtown Clinic,
NH,2026-05-22,4,Riverstone Medical,telehealth ok
NH,2026-05-22,5,Northside Health,
NH,2026-05-22,3,Community Care,seasonal spike expected
FL,2026-05-22,5,Lakeview Clinic,seasonal spike expected
FL,2026-05-22,6,Riverstone Medical,telehealth ok
FL,2026-05-22,6,Community Care,telehealth ok
MT,2026-05-22,2,Downtown Clinic,telehealth ok
MT,2026-05-22,4,Northside Health,telehealth ok
MT,2026-05-22,5,Lakeview Clinic,seasonal spike expected
NE,2026-05-22,5,Community Care,telehealth ok
NE,2026-05-22,3,Northside Health,telehealth ok
NE,2026-05-22,6,Downtown Clinic,
CT,2026-05-22,4,Northside Health,
CT,2026-05-22,3,Downtown Clinic,seasonal spike expected
CT,2026-05-22,4,Riverstone Medical,
AL,2026-05-22,6,Downtown Clinic,telehealth ok
AL,2026-05-22,5,Lakeview Clinic,seasonal spike expected
AL,2026-05-22,3,Northside Health,seasonal spike expected
MD,2026-05-22,4,Downtown Clinic,
MD,2026-05-22,5,Community Care,seasonal spike expected
MD,2026-05-22,6,Lakeview Clinic,telehealth ok
ID,2026-05-22,3,Riverstone Medical,telehealth ok
ID,2026-05-22,4,Community Care,telehealth ok
ID,2026-05-22,3,Lakeview Clinic,
ND,2026-05-22,3,Downtown Clinic,
ND,2026-05-22,5,Lakeview Clinic,seasonal spike expected
ND,2026-05-22,5,Northside Health,
KS,2026-05-22,5,Community Care,telehealth ok
KS,2026-05-22,5,Riverstone Medical,
KS,2026-05-22,5,Northside Health,seasonal spike expected
VT,2026-05-22,4,Lakeview Clinic,seasonal spike expected
VT,2026-05-22,3,Riverstone Medical,
VT,2026-05-22,4,Northside Health,telehealth ok
MI,2026-05-22,3,Northside Health,
MI,2026-05-22,2,Lakeview Clinic,
MI,2026-05-22,2,Riverstone Medical,seasonal spike expected
NY,2026-05-22,7,Community Care,seasonal spike expected
NY,2026-05-22,7,Lakeview Clinic,seasonal spike expected
NY,2026-05-22,6,Downtown Clinic,seasonal spike expected
UT,2026-05-22,4,Lakeview Clinic,telehealth ok
UT,2026-05-22,2,Riverstone Medical,seasonal spike expected
UT,2026-05-22,4,Community Care,
TX,2026-05-22,5,Riverstone Medical,
TX,2026-05-22,4,Community Care,telehealth ok
TX,2026-05-22,7,Northside Health,telehealth ok
LA,2026-05-22,6,Northside Health,seasonal spike expected
LA,2026-05-22,6,Lakeview Clinic,seasonal spike expected
LA,2026-05-22,3,Downtown Clinic,
WV,2026-05-22,6,Downtown Clinic,telehealth ok
WV,2026-05-22,4,Community Care,telehealth ok
WV,2026-05-22,3,Northside Health,seasonal spike expected
NJ,2026-05-22,2,Lakeview Clinic,
NJ,2026-05-22,5,Community Care,seasonal spike expected
NJ,2026-05-22,5,Downtown Clinic,telehealth ok
NM,2026-05-22,3,Riverstone Medical,seasonal spike expected
NM,2026-05-22,4,Downtown Clinic,
NM,2026-05-22,3,Lakeview Clinic,
MN,2026-05-22,5,Community Care,seasonal spike expected
MN,2026-05-22,6,Riverstone Medical,seasonal spike expected
MN,2026-05-22,5,Downtown Clinic,
MS,2026-05-22,6,Northside Health,
MS,2026-05-22,6,Riverstone Medical,telehealth ok
MS,2026-05-22,2,Lakeview Clinic,telehealth ok
VA,2026-05-22,3,Riverstone Medical,telehealth ok
VA,2026-05-22,3,Downtown Clinic,telehealth ok
VA,2026-05-22,4,Community Care,telehealth ok
AR,2026-05-22,2,Community Care,telehealth ok
AR,2026-05-22,2,Lakeview Clinic,seasonal spike expected
AR,2026-05-22,3,Northside Health,telehealth ok
WY,2026-05-23,4,Downtown Clinic,seasonal spike expected
WY,2026-05-23,5,Northside Health,seasonal spike expected
WY,2026-05-23,1,Lakeview Clinic,
OR,2026-05-23,5,Downtown Clinic,seasonal spike expected
OR,2026-05-23,3,Riverstone Medical,seasonal spike expected
OR,2026-05-23,1,Northside Health,seasonal spike expected
CA,2026-05-23,2,Riverstone Medical,
CA,2026-05-23,5,Community Care,seasonal spike expected
CA,2026-05-23,5,Downtown Clinic,telehealth ok
GA,2026-05-23,5,Northside Health,seasonal spike expected
GA,2026-05-23,5,Community Care,seasonal spike expected
GA,2026-05-23,3,Downtown Clinic,
AK,2026-05-23,2,Riverstone Medical,seasonal spike expected
AK,2026-05-23,1,Community Care,seasonal spike expected
AK,2026-05-23,3,Northside Health,
HI,2026-05-23,2,Northside Health,seasonal spike expected
HI,2026-05-23,4,Downtown Clinic,seasonal spike expected
HI,2026-05-23,4,Community Care,seasonal spike expected
PA,2026-05-23,1,Downtown Clinic,seasonal spike expected
PA,2026-05-23,3,Northside Health,seasonal spike expected
PA,2026-05-23,5,Community Care,telehealth ok
AZ,2026-05-23,1,Downtown Clinic,
AZ,2026-05-23,2,Northside Health,telehealth ok
AZ,2026-05-23,3,Lakeview Clinic,
RI,2026-05-23,2,Riverstone Medical,seasonal spike expected
RI,2026-05-23,5,Lakeview Clinic,seasonal spike expected
RI,2026-05-23,2,Northside Health,
NC,2026-05-23,4,Riverstone Medical,telehealth ok
NC,2026-05-23,3,Community Care,telehealth ok
NC,2026-05-23,1,Downtown Clinic,
TN,2026-05-23,1,Community Care,
TN,2026-05-23,2,Lakeview Clinic,
TN,2026-05-23,4,Downtown Clinic,
IL,2026-05-23,5,Lakeview Clinic,
IL,2026-05-23,3,Northside Health,
IL,2026-05-23,1,Community Care,seasonal spike expected
NH,2026-05-23,3,Lakeview Clinic,telehealth ok
NH,2026-05-23,3,Riverstone Medical,telehealth ok
NH,2026-05-23,3,Downtown Clinic,telehealth ok
FL,2026-05-23,2,Lakeview Clinic,seasonal spike expected
FL,2026-05-23,3,Community Care,seasonal spike expected
FL,2026-05-23,4,Riverstone Medical,telehealth ok
MT,2026-05-23,2,Lakeview Clinic,
MT,2026-05-23,2,Riverstone Medical,telehealth ok
MT,2026-05-23,4,Northside Health,
NE,2026-05-23,4,Riverstone Medical,
NE,2026-05-23,1,Downtown Clinic,seasonal spike expected
NE,2026-05-23,4,Community Care,seasonal spike expected
CT,2026-05-23,4,Lakeview Clinic,seasonal spike expected
CT,2026-05-23,2,Downtown Clinic,telehealth ok
CT,2026-05-23,5,Northside Health,seasonal spike expected
AL,2026-05-23,4,Community Care,seasonal spike expected
AL,2026-05-23,2,Downtown Clinic,telehealth ok
AL,2026-05-23,1,Lakeview Clinic,
MD,2026-05-23,2,Community Care,telehealth ok
MD,2026-05-23,3,Downtown Clinic,seasonal spike expected
MD,2026-05-23,2,Northside Health,seasonal spike expected
ID,2026-05-23,4,Riverstone Medical,seasonal spike expected
ID,2026-05-23,1,Downtown Clinic,telehealth ok
ID,2026-05-23,1,Northside Health,seasonal spike expected
ND,2026-05-23,5,Community Care,
ND,2026-05-23,5,Northside Health,telehealth ok
ND,2026-05-23,5,Riverstone Medical,telehealth ok
KS,2026-05-23,2,Riverstone Medical,
KS,2026-05-23,1,Community Care,seasonal spike expected
KS,2026-05-23,2,Downtown Clinic,
VT,2026-05-23,1,Community Care,seasonal spike expected
VT,2026-05-23,3,Downtown Clinic,telehealth ok
VT,2026-05-23,2,Lakeview Clinic,seasonal spike expected
MI,2026-05-23,3,Northside Health,seasonal spike expected
MI,2026-05-23,4,Community Care,
MI,2026-05-23,3,Lakeview Clinic,seasonal spike expected
NY,2026-05-23,2,Riverstone Medical,
NY,2026-05-23,3,Lakeview Clinic,seasonal spike expected
NY,2026-05-23,5,Community Care,
UT,2026-05-23,1,Riverstone Medical,seasonal spike expected
UT,2026-05-23,4,Northside Health,seasonal spike expected
UT,2026-05-23,4,Lakeview Clinic,seasonal spike expected
TX,2026-05-23,5,Lakeview Clinic,telehealth ok
TX,2026-05-23,5,Downtown Clinic,seasonal spike expected
TX,2026-05-23,6,Community Care,
LA,2026-05-23,2,Northside Health,
LA,2026-05-23,2,Downtown Clinic,telehealth ok
LA,2026-05-23,1,Riverstone Medical,
WV,2026-05-23,4,Riverstone Medical,seasonal spike expected
WV,2026-05-23,4,Downtown Clinic,
WV,2026-05-23,5,Lakeview Clinic,seasonal spike expected
NJ,2026-05-23,3,Community Care,telehealth ok
NJ,2026-05-23,1,Downtown Clinic,
NJ,2026-05-23,4,Riverstone Medical,telehealth ok
NM,2026-05-23,5,Northside Health,seasonal spike expected
NM,2026-05-23,3,Downtown Clinic,
NM,2026-05-23,3,Community Care,
MN,2026-05-23,1,Downtown Clinic,seasonal spike expected
MN,2026-05-23,1,Community Care,
MN,2026-05-23,5,Lakeview Clinic,telehealth ok
MS,2026-05-23,5,Downtown Clinic,seasonal spike expected
MS,2026-05-23,3,Lakeview Clinic,
MS,2026-05-23,2,Riverstone Medical,
VA,2026-05-23,1,Community Care,telehealth ok
VA,2026-05-23,2,Riverstone Medical,telehealth ok
VA,2026-05-23,3,Downtown Clinic,seasonal spike expected
AR,2026-05-23,2,Lakeview Clinic,seasonal spike expected
AR,2026-05-23,3,Northside Health,seasonal spike expected
AR,2026-05-23,3,Downtown Clinic,telehealth ok
WY,2026-05-24,4,Riverstone Medical,
WY,2026-05-24,3,Downtown Clinic,
WY,2026-05-24,4,Northside Health,
OR,2026-05-24,1,Downtown Clinic,
OR,2026-05-24,5,Northside Health,
OR,2026-05-24,1,Lakeview Clinic,
CA,2026-05-24,3,Lakeview Clinic,seasonal spike expected
CA,2026-05-24,2,Downtown Clinic,seasonal spike expected
CA,2026-05-24,2,Northside Health,seasonal spike expected
GA,2026-05-24,1,Community Care,seasonal spike expected
GA,2026-05-24,4,Riverstone Medical,seasonal spike expected
GA,2026-05-24,4,Downtown Clinic,
AK,2026-05-24,1,Lakeview Clinic,telehealth ok
AK,2026-05-24,4,Downtown Clinic,telehealth ok
AK,2026-05-24,5,Community Care,seasonal spike expected
HI,2026-05-24,2,Downtown Clinic,
HI,2026-05-24,2,Lakeview Clinic,telehealth ok
HI,2026-05-24,4,Riverstone Medical,seasonal spike expected
PA,2026-05-24,3,Lakeview Clinic,telehealth ok
PA,2026-05-24,3,Downtown Clinic,telehealth ok
PA,2026-05-24,3,Community Care,seasonal spike expected
AZ,2026-05-24,4,Community Care,seasonal spike expected
AZ,2026-05-24,3,Northside Health,telehealth ok
AZ,2026-05-24,2,Riverstone Medical,
RI,2026-05-24,4,Riverstone Medical,
RI,2026-05-24,1,Northside Health,telehealth ok
RI,2026-05-24,1,Lakeview Clinic,
NC,2026-05-24,3,Community Care,
NC,2026-05-24,2,Lakeview Clinic,seasonal spike expected
NC,2026-05-24,2,Riverstone Medical,telehealth ok
TN,2026-05-24,4,Lakeview Clinic,telehealth ok
TN,2026-05-24,1,Community Care,telehealth ok
TN,2026-05-24,2,Downtown Clinic,telehealth ok
IL,2026-05-24,2,Lakeview Clinic,
IL,2026-05-24,3,Downtown Clinic,seasonal spike expected
IL,2026-05-24,4,Riverstone Medical,telehealth ok
NH,2026-05-24,1,Lakeview Clinic,
NH,2026-05-24,4,Riverstone Medical,seasonal spike expected
NH,2026-05-24,4,Northside Health,
FL,2026-05-24,5,Riverstone Medical,
FL,2026-05-24,2,Downtown Clinic,seasonal spike expected
FL,2026-05-24,6,Lakeview Clinic,
MT,2026-05-24,3,Riverstone Medical,
MT,2026-05-24,1,Downtown Clinic,telehealth ok
MT,2026-05-24,3,Lakeview Clinic,
NE,2026-05-24,3,Riverstone Medical,seasonal spike expected
NE,2026-05-24,4,Northside Health,seasonal spike expected
NE,2026-05-24,4,Community Care,telehealth ok
CT,2026-05-24,2,Riverstone Medical,
CT,2026-05-24,1,Downtown Clinic,seasonal spike expected
CT,2026-05-24,2,Northside Health,seasonal spike expected
AL,2026-05-24,1,Northside Health,
AL,2026-05-24,4,Riverstone Medical,seasonal spike expected
AL,2026-05-24,5,Community Care,
MD,2026-05-24,1,Community Care,telehealth ok
MD,2026-05-24,2,Lakeview Clinic,
MD,2026-05-24,5,Downtown Clinic,seasonal spike expected
ID,2026-05-24,5,Community Care,telehealth ok
ID,2026-05-24,1,Downtown Clinic,
ID,2026-05-24,4,Lakeview Clinic,telehealth ok
ND,2026-05-24,4,Riverstone Medical,
ND,2026-05-24,1,Northside Health,
ND,2026-05-24,4,Downtown Clinic,telehealth ok
KS,2026-05-24,2,Northside Health,telehealth ok
KS,2026-05-24,3,Downtown Clinic,
KS,2026-05-24,5,Community Care,
VT,2026-05-24,5,Community Care,
VT,2026-05-24,2,Downtown Clinic,seasonal spike expected
VT,2026-05-24,2,Northside Health,seasonal spike expected
MI,2026-05-24,4,Riverstone Medical,telehealth ok
MI,2026-05-24,2,Northside Health,telehealth ok
MI,2026-05-24,1,Downtown Clinic,
NY,2026-05-24,2,Lakeview Clinic,seasonal spike expected
NY,2026-05-24,2,Northside Health,telehealth ok
NY,2026-05-24,4,Downtown Clinic,seasonal spike expected
UT,2026-05-24,4,Community Care,seasonal spike expected
UT,2026-05-24,2,Northside Health,seasonal spike expected
UT,2026-05-24,2,Downtown Clinic,telehealth ok
TX,2026-05-24,5,Community Care,
TX,2026-05-24,5,Downtown Clinic,telehealth ok
TX,2026-05-24,6,Northside Health,seasonal spike expected
LA,2026-05-24,5,Lakeview Clinic,telehealth ok
LA,2026-05-24,4,Community Care,
LA,2026-05-24,3,Downtown Clinic,seasonal spike expected
WV,2026-05-24,5,Community Care,seasonal spike expected
WV,2026-05-24,3,Lakeview Clinic,telehealth ok
WV,2026-05-24,1,Northside Health,
NJ,2026-05-24,2,Community Care,telehealth ok
NJ,2026-05-24,3,Riverstone Medical,seasonal spike expected
NJ,2026-05-24,2,Northside Health,seasonal spike expected
NM,2026-05-24,5,Lakeview Clinic,seasonal spike expected
NM,2026-05-24,5,Downtown Clinic,telehealth ok
NM,2026-05-24,1,Community Care,
MN,2026-05-24,4,Community Care,
MN,2026-05-24,4,Northside Health,seasonal spike expected
MN,2026-05-24,1,Downtown Clinic,seasonal spike expected
MS,2026-05-24,3,Lakeview Clinic,
MS,2026-05-24,4,Downtown Clinic,
MS,2026-05-24,5,Riverstone Medical,
VA,2026-05-24,3,Northside Health,seasonal spike expected
VA,2026-05-24,5,Community Care,
VA,2026-05-24,1,Riverstone Medical,
AR,2026-05-24,4,Riverstone Medical,telehealth ok
AR,2026-05-24,2,Downtown Clinic,telehealth ok
AR,2026-05-24,3,Lakeview Clinic,seasonal spike expected
WY,2026-05-25,3,Northside Health,telehealth ok
WY,2026-05-25,4,Lakeview Clinic,seasonal spike expected
WY,2026-05-25,6,Riverstone Medical,telehealth ok
OR,2026-05-25,4,Downtown Clinic,seasonal spike expected
OR,2026-05-25,2,Riverstone Medical,
OR,2026-05-25,3,Lakeview Clinic,telehealth ok
CA,2026-05-25,4,Northside Health,telehealth ok
CA,2026-05-25,4,Community Care,telehealth ok
CA,2026-05-25,7,Riverstone Medical,seasonal spike expected
GA,2026-05-25,3,Riverstone Medical,
GA,2026-05-25,5,Northside Health,seasonal spike expected
GA,2026-05-25,3,Lakeview Clinic,seasonal spike expected
AK,2026-05-25,3,Riverstone Medical,
AK,2026-05-25,3,Downtown Clinic,telehealth ok
AK,2026-05-25,4,Community Care,seasonal spike expected
HI,2026-05-25,2,Downtown Clinic,telehealth ok
HI,2026-05-25,3,Riverstone Medical,
HI,2026-05-25,2,Community Care,telehealth ok
PA,2026-05-25,5,Riverstone Medical,seasonal spike expected
PA,2026-05-25,4,Northside Health,telehealth ok
PA,2026-05-25,2,Downtown Clinic,
AZ,2026-05-25,2,Lakeview Clinic,
AZ,2026-05-25,3,Riverstone Medical,seasonal spike expected
AZ,2026-05-25,4,Community Care,
RI,2026-05-25,3,Downtown Clinic,telehealth ok
RI,2026-05-25,6,Community Care,
RI,2026-05-25,5,Riverstone Medical,seasonal spike expected
NC,2026-05-25,2,Downtown Clinic,seasonal spike expected
NC,2026-05-25,4,Lakeview Clinic,telehealth ok
NC,2026-05-25,2,Community Care,seasonal spike expected
TN,2026-05-25,5,Riverstone Medical,seasonal spike expected
TN,2026-05-25,4,Lakeview Clinic,
TN,2026-05-25,2,Downtown Clinic,
IL,2026-05-25,6,Northside Health,seasonal spike expected
IL,2026-05-25,4,Community Care,seasonal spike expected
IL,2026-05-25,6,Lakeview Clinic,
NH,2026-05-25,3,Northside Health,seasonal spike expected
NH,2026-05-25,2,Community Care,telehealth ok
NH,2026-05-25,4,Downtown Clinic,
FL,2026-05-25,6,Downtown Clinic,telehealth ok
FL,2026-05-25,7,Northside Health,
FL,2026-05-25,7,Community Care,telehealth ok
MT,2026-05-25,5,Community Care,telehealth ok
MT,2026-05-25,5,Riverstone Medical,seasonal spike expected
MT,2026-05-25,4,Downtown Clinic,telehealth ok
NE,2026-05-25,5,Riverstone Medical,
NE,2026-05-25,2,Downtown Clinic,seasonal spike expected
NE,2026-05-25,3,Northside Health,telehealth ok
CT,2026-05-25,3,Lakeview Clinic,seasonal spike expected
CT,2026-05-25,4,Community Care,telehealth ok
CT,2026-05-25,2,Downtown Clinic,seasonal spike expected
AL,2026-05-25,4,Riverstone Medical,seasonal spike expected
AL,2026-05-25,3,Downtown Clinic,telehealth ok
AL,2026-05-25,3,Community Care,telehealth ok
MD,2026-05-25,2,Lakeview Clinic,seasonal spike expected
MD,2026-05-25,2,Downtown Clinic,telehealth ok
MD,2026-05-25,5,Northside Health,
ID,2026-05-25,3,Community Care,
ID,2026-05-25,5,Riverstone Medical,
ID,2026-05-25,2,Lakeview Clinic,telehealth ok
ND,2026-05-25,6,Downtown Clinic,telehealth ok
ND,2026-05-25,6,Community Care,
ND,2026-05-25,4,Riverstone Medical,telehealth ok
KS,2026-05-25,3,Community Care,telehealth ok
KS,2026-05-25,4,Downtown Clinic,seasonal spike expected
KS,2026-05-25,5,Riverstone Medical,telehealth ok
VT,2026-05-25,5,Northside Health,seasonal spike expected
VT,2026-05-25,5,Community Care,seasonal spike expected
VT,2026-05-25,5,Riverstone Medical,seasonal spike expected
MI,2026-05-25,3,Community Care,telehealth ok
MI,2026-05-25,3,Lakeview Clinic,
MI,2026-05-25,2,Riverstone Medical,seasonal spike expected
NY,2026-05-25,7,Riverstone Medical,telehealth ok
NY,2026-05-25,4,Downtown Clinic,
NY,2026-05-25,7,Lakeview Clinic,telehealth ok
UT,2026-05-25,2,Riverstone Medical,seasonal spike expected
UT,2026-05-25,4,Downtown Clinic,telehealth ok
UT,2026-05-25,4,Lakeview Clinic,seasonal spike expected
TX,2026-05-25,3,Lakeview Clinic,telehealth ok
TX,2026-05-25,7,Downtown Clinic,telehealth ok
TX,2026-05-25,4,Northside Health,seasonal spike expected
LA,2026-05-25,4,Northside Health,telehealth ok
LA,2026-05-25,4,Downtown Clinic,telehealth ok
LA,2026-05-25,6,Lakeview Clinic,telehealth ok
WV,2026-05-25,2,Downtown Clinic,
WV,2026-05-25,3,Community Care,seasonal spike expected
WV,2026-05-25,4,Northside Health,seasonal spike expected
NJ,2026-05-25,5,Northside Health,seasonal spike expected
NJ,2026-05-25,4,Community Care,telehealth ok
NJ,2026-05-25,2,Lakeview Clinic,telehealth ok
NM,2026-05-25,5,Community Care,
NM,2026-05-25,3,Lakeview Clinic,seasonal spike expected
NM,2026-05-25,6,Downtown Clinic,
MN,2026-05-25,5,Lakeview Clinic,
MN,2026-05-25,3,Community Care,seasonal spike expected
MN,2026-05-25,4,Downtown Clinic,seasonal spike expected
MS,2026-05-25,2,Lakeview Clinic,seasonal spike expected
MS,2026-05-25,5,Riverstone Medical,telehealth ok
MS,2026-05-25,3,Community Care,
VA,2026-05-25,3,Community Care,
VA,2026-05-25,5,Lakeview Clinic,seasonal spike expected
VA,2026-05-25,3,Downtown Clinic,telehealth ok
AR,2026-05-25,6,Riverstone Medical,
AR,2026-05-25,4,Northside Health,telehealth ok
AR,2026-05-25,3,Community Care,seasonal spike expected
WY,2026-05-26,6,Northside Health,
WY,2026-05-26,4,Downtown Clinic,seasonal spike expected
WY,2026-05-26,3,Community Care,
OR,2026-05-26,6,Downtown Clinic,telehealth ok
OR,2026-05-26,5,Community Care,seasonal spike expected
OR,2026-05-26,3,Lakeview Clinic,
CA,2026-05-26,7,Downtown Clinic,
CA,2026-05-26,6,Community Care,telehealth ok
CA,2026-05-26,7,Northside Health,telehealth ok
GA,2026-05-26,4,Northside Health,telehealth ok
GA,2026-05-26,4,Lakeview Clinic,seasonal spike expected
GA,2026-05-26,6,Community Care,
AK,2026-05-26,5,Community Care,seasonal spike expected
AK,2026-05-26,5,Lakeview Clinic,seasonal spike expected
AK,2026-05-26,2,Northside Health,
HI,2026-05-26,6,Riverstone Medical,
HI,2026-05-26,4,Community Care,telehealth ok
HI,2026-05-26,4,Downtown Clinic,telehealth ok
PA,2026-05-26,5,Lakeview Clinic,
PA,2026-05-26,5,Riverstone Medical,seasonal spike expected
PA,2026-05-26,3,Community Care,
AZ,2026-05-26,5,Riverstone Medical,seasonal spike expected
AZ,2026-05-26,3,Northside Health,telehealth ok
AZ,2026-05-26,3,Lakeview Clinic,seasonal spike expected
RI,2026-05-26,3,Northside Health,
RI,2026-05-26,6,Community Care,telehealth ok
RI,2026-05-26,3,Riverstone Medical,
NC,2026-05-26,4,Downtown Clinic,seasonal spike expected
NC,2026-05-26,5,Northside Health,seasonal spike expected
NC,2026-05-26,4,Community Care,
TN,2026-05-26,5,Northside Health,telehealth ok
TN,2026-05-26,6,Downtown Clinic,
TN,2026-05-26,4,Lakeview Clinic,telehealth ok
IL,2026-05-26,4,Riverstone Medical,
IL,2026-05-26,2,Northside Health,
IL,2026-05-26,4,Community Care,
NH,2026-05-26,6,Community Care,telehealth ok
NH,2026-05-26,4,Northside Health,
NH,2026-05-26,5,Downtown Clinic,seasonal spike expected
FL,2026-05-26,5,Riverstone Medical,
FL,2026-05-26,6,Northside Health,seasonal spike expected
FL,2026-05-26,4,Lakeview Clinic,seasonal spike expected
MT,2026-05-26,5,Riverstone Medical,seasonal spike expected
MT,2026-05-26,4,Community Care,seasonal spike expected
MT,2026-05-26,2,Downtown Clinic,
NE,2026-05-26,5,Downtown Clinic,
NE,2026-05-26,4,Northside Health,
NE,2026-05-26,6,Community Care,telehealth ok
CT,2026-05-26,2,Community Care,seasonal spike expected
CT,2026-05-26,6,Riverstone Medical,seasonal spike expected
CT,2026-05-26,6,Northside Health,seasonal spike expected
AL,2026-05-26,3,Downtown Clinic,
AL,2026-05-26,2,Northside Health,seasonal spike expected
AL,2026-05-26,5,Riverstone Medical,telehealth ok
MD,2026-05-26,6,Downtown Clinic,seasonal spike expected
MD,2026-05-26,4,Community Care,seasonal spike expected
MD,2026-05-26,4,Northside Health,telehealth ok
ID,2026-05-26,3,Northside Health,
ID,2026-05-26,6,Lakeview Clinic,seasonal spike expected
ID,2026-05-26,3,Riverstone Medical,
ND,2026-05-26,4,Northside Health,seasonal spike expected
ND,2026-05-26,3,Community Care,telehealth ok
ND,2026-05-26,2,Riverstone Medical,seasonal spike expected
KS,2026-05-26,6,Community Care,telehealth ok
KS,2026-05-26,2,Lakeview Clinic,seasonal spike expected
KS,2026-05-26,4,Northside Health,telehealth ok
VT,2026-05-26,4,Riverstone Medical,telehealth ok
VT,2026-05-26,2,Downtown Clinic,telehealth ok
VT,2026-05-26,2,Community Care,
MI,2026-05-26,4,Downtown Clinic,seasonal spike expected
MI,2026-05-26,4,Northside Health,seasonal spike expected
MI,2026-05-26,3,Riverstone Medical,seasonal spike expected
NY,2026-05-26,6,Lakeview Clinic,seasonal spike expected
NY,2026-05-26,4,Community Care,seasonal spike expected
NY,2026-05-26,6,Riverstone Medical,
UT,2026-05-26,5,Downtown Clinic,telehealth ok
UT,2026-05-26,4,Community Care,
UT,2026-05-26,4,Riverstone Medical,telehealth ok
TX,2026-05-26,7,Community Care,seasonal spike expected
TX,2026-05-26,4,Riverstone Medical,telehealth ok
TX,2026-05-26,7,Northside Health,telehealth ok
LA,2026-05-26,5,Lakeview Clinic,seasonal spike expected
LA,2026-05-26,5,Downtown Clinic,
LA,2026-05-26,2,Northside Health,seasonal spike expected
WV,2026-05-26,6,Community Care,telehealth ok
WV,2026-05-26,6,Downtown Clinic,seasonal spike expected
WV,2026-05-26,4,Riverstone Medical,
NJ,2026-05-26,2,Riverstone Medical,
NJ,2026-05-26,4,Downtown Clinic,seasonal spike expected
NJ,2026-05-26,4,Community Care,seasonal spike expected
NM,2026-05-26,4,Northside Health,
NM,2026-05-26,3,Downtown Clinic,seasonal spike expected
NM,2026-05-26,2,Lakeview Clinic,seasonal spike expected
MN,2026-05-26,2,Community Care,telehealth ok
MN,2026-05-26,4,Northside Health,
MN,2026-05-26,5,Riverstone Medical,telehealth ok
MS,2026-05-26,5,Downtown Clinic,seasonal spike expected
MS,2026-05-26,3,Community Care,telehealth ok
MS,2026-05-26,2,Lakeview Clinic,
VA,2026-05-26,3,Community Care,
VA,2026-05-26,4,Northside Health,seasonal spike expected
VA,2026-05-26,6,Lakeview Clinic,seasonal spike expected
AR,2026-05-26,4,Riverstone Medical,telehealth ok
AR,2026-05-26,5,Lakeview Clinic,
AR,2026-05-26,6,Northside Health,telehealth ok
WY,2026-05-27,2,Community Care,seasonal spike expected
WY,2026-05-27,6,Riverstone Medical,
WY,2026-05-27,4,Downtown Clinic,
OR,2026-05-27,3,Community Care,seasonal spike expected
OR,2026-05-27,3,Riverstone Medical,seasonal spike expected
OR,2026-05-27,3,Downtown Clinic,telehealth ok
CA,2026-05-27,3,Downtown Clinic,
CA,2026-05-27,5,Riverstone Medical,seasonal spike expected
CA,2026-05-27,5,Community Care,
GA,2026-05-27,2,Downtown Clinic,
GA,2026-05-27,2,Community Care,seasonal spike expected
GA,2026-05-27,4,Lakeview Clinic,seasonal spike expected
AK,2026-05-27,2,Community Care,seasonal spike expected
AK,2026-05-27,3,Lakeview Clinic,
AK,2026-05-27,6,Riverstone Medical,
HI,2026-05-27,5,Downtown Clinic,
HI,2026-05-27,4,Lakeview Clinic,
HI,2026-05-27,5,Riverstone Medical,
PA,2026-05-27,2,Lakeview Clinic,
PA,2026-05-27,2,Community Care,seasonal spike expected
PA,2026-05-27,5,Riverstone Medical,seasonal spike expected
AZ,2026-05-27,6,Riverstone Medical,seasonal spike expected
AZ,2026-05-27,4,Northside Health,
AZ,2026-05-27,3,Lakeview Clinic,
RI,2026-05-27,5,Lakeview Clinic,telehealth ok
RI,2026-05-27,2,Downtown Clinic,seasonal spike expected
RI,2026-05-27,3,Community Care,
NC,2026-05-27,6,Community Care,seasonal spike expected
NC,2026-05-27,3,Northside Health,
NC,2026-05-27,3,Riverstone Medical,seasonal spike expected
TN,2026-05-27,4,Community Care,telehealth ok
TN,2026-05-27,5,Northside Health,seasonal spike expected
TN,2026-05-27,2,Lakeview Clinic,seasonal spike expected
IL,2026-05-27,4,Downtown Clinic,
IL,2026-05-27,3,Northside Health,seasonal spike expected
IL,2026-05-27,4,Community Care,seasonal spike expected
NH,2026-05-27,2,Lakeview Clinic,
NH,2026-05-27,3,Riverstone Medical,
NH,2026-05-27,4,Community Care,seasonal spike expected
FL,2026-05-27,5,Community Care,
FL,2026-05-27,6,Northside Health,seasonal spike expected
FL,2026-05-27,6,Riverstone Medical,
MT,2026-05-27,6,Community Care,telehealth ok
MT,2026-05-27,4,Riverstone Medical,
MT,2026-05-27,6,Lakeview Clinic,seasonal spike expected
NE,2026-05-27,4,Lakeview Clinic,seasonal spike expected
NE,2026-05-27,3,Northside Health,
NE,2026-05-27,2,Downtown Clinic,seasonal spike expected
CT,2026-05-27,6,Northside Health,telehealth ok
CT,2026-05-27,2,Riverstone Medical,
CT,2026-05-27,4,Downtown Clinic,telehealth ok
AL,2026-05-27,2,Community Care,telehealth ok
AL,2026-05-27,6,Lakeview Clinic,telehealth ok
AL,2026-05-27,2,Northside Health,seasonal spike expected
MD,2026-05-27,2,Downtown Clinic,telehealth ok
MD,2026-05-27,6,Lakeview Clinic,seasonal spike expected
MD,2026-05-27,2,Northside Health,seasonal spike expected
ID,2026-05-27,2,Lakeview Clinic,
ID,2026-05-27,4,Downtown Clinic,
ID,2026-05-27,4,Northside Health,
ND,2026-05-27,5,Riverstone Medical,
ND,2026-05-27,4,Lakeview Clinic,seasonal spike expected
ND,2026-05-27,6,Community Care,telehealth ok
KS,2026-05-27,4,Lakeview Clinic,telehealth ok
KS,2026-05-27,4,Northside Health,seasonal spike expected
KS,2026-05-27,3,Riverstone Medical,seasonal spike expected
VT,2026-05-27,4,Lakeview Clinic,
VT,2026-05-27,4,Community Care,telehealth ok
VT,2026-05-27,2,Riverstone Medical,telehealth ok
MI,2026-05-27,4,Northside Health,telehealth ok
MI,2026-05-27,3,Riverstone Medical,seasonal spike expected
MI,2026-05-27,2,Downtown Clinic,
NY,2026-05-27,7,Lakeview Clinic,
NY,2026-05-27,3,Downtown Clinic,seasonal spike expected
NY,2026-05-27,6,Riverstone Medical,seasonal spike expected
UT,2026-05-27,6,Downtown Clinic,seasonal spike expected
UT,2026-05-27,4,Community Care,
UT,2026-05-27,2,Northside Health,telehealth ok
TX,2026-05-27,4,Community Care,
TX,2026-05-27,5,Northside Health,telehealth ok
TX,2026-05-27,6,Lakeview Clinic,
LA,2026-05-27,2,Riverstone Medical,seasonal spike expected
LA,2026-05-27,5,Lakeview Clinic,telehealth ok
LA,2026-05-27,4,Downtown Clinic,
WV,2026-05-27,2,Northside Health,seasonal spike expected
WV,2026-05-27,4,Riverstone Medical,
WV,2026-05-27,6,Downtown Clinic,
NJ,2026-05-27,5,Lakeview Clinic,
NJ,2026-05-27,5,Northside Health,telehealth ok
NJ,2026-05-27,6,Downtown Clinic,telehealth ok
NM,2026-05-27,5,Downtown Clinic,seasonal spike expected
NM,2026-05-27,5,Northside Health,
NM,2026-05-27,2,Lakeview Clinic,
MN,2026-05-27,4,Lakeview Clinic,telehealth ok
MN,2026-05-27,2,Northside Health,
MN,2026-05-27,6,Downtown Clinic,seasonal spike expected
MS,2026-05-27,3,Downtown Clinic,seasonal spike expected
MS,2026-05-27,3,Lakeview Clinic,seasonal spike expected
MS,2026-05-27,2,Northside Health,telehealth ok
VA,2026-05-27,3,Downtown Clinic,
VA,2026-05-27,3,Northside Health,telehealth ok
VA,2026-05-27,6,Lakeview Clinic,seasonal spike expected
AR,2026-05-27,2,Lakeview Clinic,seasonal spike expected
AR,2026-05-27,3,Community Care,
AR,2026-05-27,3,Northside Health,telehealth ok
WY,2026-05-28,5,Riverstone Medical,
WY,2026-05-28,8,Northside Health,telehealth ok
WY,2026-05-28,8,Lakeview Clinic,
OR,2026-05-28,8,Riverstone Medical,seasonal spike expected
OR,2026-05-28,4,Lakeview Clinic,
OR,2026-05-28,6,Downtown Clinic,seasonal spike expected
CA,2026-05-28,5,Community Care,
CA,2026-05-28,5,Riverstone Medical,seasonal spike expected
CA,2026-05-28,6,Downtown Clinic,seasonal spike expected
GA,2026-05-28,4,Lakeview Clinic,telehealth ok
GA,2026-05-28,5,Riverstone Medical,
GA,2026-05-28,6,Downtown Clinic,
AK,2026-05-28,4,Riverstone Medical,telehealth ok
AK,2026-05-28,6,Downtown Clinic,seasonal spike expected
AK,2026-05-28,5,Lakeview Clinic,telehealth ok
HI,2026-05-28,5,Downtown Clinic,telehealth ok
HI,2026-05-28,6,Northside Health,telehealth ok
HI,2026-05-28,4,Riverstone Medical,telehealth ok
PA,2026-05-28,8,Lakeview Clinic,
PA,2026-05-28,5,Downtown Clinic,seasonal spike expected
PA,2026-05-28,5,Northside Health,
AZ,2026-05-28,7,Downtown Clinic,seasonal spike expected
AZ,2026-05-28,8,Lakeview Clinic,telehealth ok
AZ,2026-05-28,5,Community Care,
RI,2026-05-28,4,Riverstone Medical,seasonal spike expected
RI,2026-05-28,4,Downtown Clinic,
RI,2026-05-28,4,Northside Health,seasonal spike expected
NC,2026-05-28,8,Community Care,seasonal spike expected
NC,2026-05-28,4,Northside Health,
NC,2026-05-28,8,Lakeview Clinic,telehealth ok
TN,2026-05-28,6,Downtown Clinic,
TN,2026-05-28,8,Community Care,
TN,2026-05-28,5,Lakeview Clinic,
IL,2026-05-28,7,Northside Health,seasonal spike expected
IL,2026-05-28,7,Riverstone Medical,seasonal spike expected
IL,2026-05-28,8,Downtown Clinic,
NH,2026-05-28,7,Riverstone Medical,telehealth ok
NH,2026-05-28,5,Community Care,telehealth ok
NH,2026-05-28,8,Northside Health,telehealth ok
FL,2026-05-28,6,Lakeview Clinic,telehealth ok
FL,2026-05-28,8,Downtown Clinic,seasonal spike expected
FL,2026-05-28,7,Northside Health,seasonal spike expected
MT,2026-05-28,8,Lakeview Clinic,seasonal spike expected
MT,2026-05-28,8,Community Care,
MT,2026-05-28,5,Downtown Clinic,telehealth ok
NE,2026-05-28,8,Downtown Clinic,telehealth ok
NE,2026-05-28,8,Community Care,
NE,2026-05-28,4,Riverstone Medical,
CT,2026-05-28,5,Lakeview Clinic,seasonal spike expected
CT,2026-05-28,5,Downtown Clinic,seasonal spike expected
CT,2026-05-28,8,Community Care,
AL,2026-05-28,5,Community Care,
AL,2026-05-28,7,Lakeview Clinic,seasonal spike expected
AL,2026-05-28,7,Northside Health,telehealth ok
MD,2026-05-28,7,Lakeview Clinic,telehealth ok
MD,2026-05-28,8,Community Care,
MD,2026-05-28,5,Northside Health,
ID,2026-05-28,7,Downtown Clinic,
ID,2026-05-28,5,Riverstone Medical,telehealth ok
ID,2026-05-28,8,Community Care,seasonal spike expected
ND,2026-05-28,7,Lakeview Clinic,seasonal spike expected
ND,2026-05-28,8,Northside Health,
ND,2026-05-28,6,Downtown Clinic,telehealth ok
KS,2026-05-28,4,Riverstone Medical,
KS,2026-05-28,5,Lakeview Clinic,seasonal spike expected
KS,2026-05-28,6,Downtown Clinic,seasonal spike expected
VT,2026-05-28,4,Community Care,telehealth ok
VT,2026-05-28,4,Downtown Clinic,
VT,2026-05-28,6,Northside Health,seasonal spike expected
MI,2026-05-28,8,Riverstone Medical,seasonal spike expected
MI,2026-05-28,7,Lakeview Clinic,
MI,2026-05-28,6,Downtown Clinic,
NY,2026-05-28,5,Lakeview Clinic,
NY,2026-05-28,9,Community Care,seasonal spike expected
NY,2026-05-28,5,Downtown Clinic,seasonal spike expected
UT,2026-05-28,6,Community Care,telehealth ok
UT,2026-05-28,6,Downtown Clinic,telehealth ok
UT,2026-05-28,8,Riverstone Medical,telehealth ok
TX,2026-05-28,7,Lakeview Clinic,
TX,2026-05-28,6,Community Care,seasonal spike expected
TX,2026-05-28,8,Northside Health,seasonal spike expected
LA,2026-05-28,4,Riverstone Medical,telehealth ok
LA,2026-05-28,7,Community Care,seasonal spike expected
LA,2026-05-28,4,Downtown Clinic,telehealth ok
WV,2026-05-28,8,Northside Health,seasonal spike expected
WV,2026-05-28,5,Lakeview Clinic,telehealth ok
WV,2026-05-28,4,Riverstone Medical,telehealth ok
NJ,2026-05-28,4,Downtown Clinic,seasonal spike expected
NJ,2026-05-28,4,Lakeview Clinic,telehealth ok
NJ,2026-05-28,8,Community Care,telehealth ok
NM,2026-05-28,6,Riverstone Medical,telehealth ok
NM,2026-05-28,8,Lakeview Clinic,telehealth ok
NM,2026-05-28,8,Community Care,seasonal spike expected
MN,2026-05-28,5,Northside Health,telehealth ok
MN,2026-05-28,5,Lakeview Clinic,telehealth ok
MN,2026-05-28,5,Community Care,
MS,2026-05-28,8,Lakeview Clinic,telehealth ok
MS,2026-05-28,8,Community Care,telehealth ok
MS,2026-05-28,7,Downtown Clinic,telehealth ok
VA,2026-05-28,7,Riverstone Medical,
VA,2026-05-28,6,Northside Health,telehealth ok
VA,2026-05-28,8,Community Care,
AR,2026-05-28,5,Downtown Clinic,telehealth ok
AR,2026-05-28,4,Community Care,
AR,2026-05-28,8,Riverstone Medical,seasonal spike expected
WY,2026-05-29,4,Riverstone Medical,
WY,2026-05-29,6,Downtown Clinic,telehealth ok
WY,2026-05-29,5,Community Care,seasonal spike expected
OR,2026-05-29,4,Community Care,seasonal spike expected
OR,2026-05-29,3,Northside Health,telehealth ok
OR,2026-05-29,4,Downtown Clinic,seasonal spike expected
CA,2026-05-29,5,Downtown Clinic,seasonal spike expected
CA,2026-05-29,6,Community Care,telehealth ok
CA,2026-05-29,5,Northside Health,seasonal spike expected
GA,2026-05-29,3,Riverstone Medical,seasonal spike expected
GA,2026-05-29,5,Community Care,
GA,2026-05-29,3,Lakeview Clinic,
AK,2026-05-29,4,Northside Health,seasonal spike expected
AK,2026-05-29,3,Community Care,seasonal spike expected
AK,2026-05-29,3,Downtown Clinic,
HI,2026-05-29,6,Riverstone Medical,telehealth ok
HI,2026-05-29,2,Community Care,seasonal spike expected
HI,2026-05-29,5,Downtown Clinic,seasonal spike expected
PA,2026-05-29,2,Riverstone Medical,telehealth ok
PA,2026-05-29,2,Community Care,
PA,2026-05-29,6,Lakeview Clinic,telehealth ok
AZ,2026-05-29,5,Lakeview Clinic,
AZ,2026-05-29,4,Downtown Clinic,telehealth ok
AZ,2026-05-29,6,Northside Health,seasonal spike expected
RI,2026-05-29,3,Riverstone Medical,
RI,2026-05-29,3,Downtown Clinic,
RI,2026-05-29,3,Community Care,seasonal spike expected
NC,2026-05-29,3,Riverstone Medical,telehealth ok
NC,2026-05-29,3,Northside Health,
NC,2026-05-29,2,Lakeview Clinic,seasonal spike expected
TN,2026-05-29,6,Downtown Clinic,seasonal spike expected
TN,2026-05-29,2,Northside Health,seasonal spike expected
TN,2026-05-29,4,Lakeview Clinic,telehealth ok
IL,2026-05-29,3,Community Care,telehealth ok
IL,2026-05-29,4,Riverstone Medical,seasonal spike expected
IL,2026-05-29,5,Northside Health,telehealth ok
NH,2026-05-29,2,Downtown Clinic,telehealth ok
NH,2026-05-29,5,Riverstone Medical,
NH,2026-05-29,2,Northside Health,
FL,2026-05-29,5,Community Care,seasonal spike expected
FL,2026-05-29,4,Lakeview Clinic,
FL,2026-05-29,5,Riverstone Medical,
MT,2026-05-29,2,Community Care,telehealth ok
MT,2026-05-29,3,Northside Health,seasonal spike expected
MT,2026-05-29,3,Riverstone Medical,
NE,2026-05-29,5,Community Care,seasonal spike expected
NE,2026-05-29,2,Lakeview Clinic,telehealth ok
NE,2026-05-29,5,Riverstone Medical,
CT,2026-05-29,2,Riverstone Medical,seasonal spike expected
CT,2026-05-29,3,Downtown Clinic,telehealth ok
CT,2026-05-29,4,Northside Health,
AL,2026-05-29,6,Northside Health,seasonal spike expected
AL,2026-05-29,5,Community Care,telehealth ok
AL,2026-05-29,2,Riverstone Medical,seasonal spike expected
MD,2026-05-29,6,Lakeview Clinic,telehealth ok
MD,2026-05-29,5,Community Care,
MD,2026-05-29,4,Riverstone Medical,
ID,2026-05-29,3,Downtown Clinic,seasonal spike expected
ID,2026-05-29,5,Lakeview Clinic,
ID,2026-05-29,5,Riverstone Medical,seasonal spike expected
ND,2026-05-29,4,Northside Health,telehealth ok
ND,2026-05-29,3,Lakeview Clinic,
ND,2026-05-29,3,Downtown Clinic,seasonal spike expected
KS,2026-05-29,6,Northside Health,
KS,2026-05-29,5,Riverstone Medical,
KS,2026-05-29,6,Community Care,seasonal spike expected
VT,2026-05-29,2,Lakeview Clinic,seasonal spike expected
VT,2026-05-29,3,Northside Health,seasonal spike expected
VT,2026-05-29,4,Riverstone Medical,seasonal spike expected
MI,2026-05-29,6,Northside Health,
MI,2026-05-29,2,Lakeview Clinic,
MI,2026-05-29,5,Riverstone Medical,seasonal spike expected
NY,2026-05-29,4,Community Care,seasonal spike expected
NY,2026-05-29,7,Downtown Clinic,
NY,2026-05-29,3,Lakeview Clinic,
UT,2026-05-29,5,Lakeview Clinic,seasonal spike expected
UT,2026-05-29,6,Northside Health,
UT,2026-05-29,5,Downtown Clinic,
TX,2026-05-29,5,Northside Health,telehealth ok
TX,2026-05-29,6,Lakeview Clinic,seasonal spike expected
TX,2026-05-29,6,Riverstone Medical,telehealth ok
LA,2026-05-29,6,Downtown Clinic,telehealth ok
LA,2026-05-29,4,Riverstone Medical,telehealth ok
LA,2026-05-29,2,Lakeview Clinic,seasonal spike expected
WV,2026-05-29,6,Northside Health,
WV,2026-05-29,6,Lakeview Clinic,telehealth ok
WV,2026-05-29,3,Community Care,seasonal spike expected
NJ,2026-05-29,6,Lakeview Clinic,
NJ,2026-05-29,5,Community Care,seasonal spike expected
NJ,2026-05-29,4,Riverstone Medical,seasonal spike expected
NM,2026-05-29,2,Community Care,
NM,2026-05-29,4,Downtown Clinic,telehealth ok
NM,2026-05-29,4,Northside Health,
MN,2026-05-29,3,Lakeview Clinic,seasonal spike expected
MN,2026-05-29,4,Northside Health,seasonal spike expected
MN,2026-05-29,2,Riverstone Medical,seasonal spike expected
MS,2026-05-29,2,Downtown Clinic,telehealth ok
MS,2026-05-29,5,Community Care,telehealth ok
MS,2026-05-29,4,Riverstone Medical,telehealth ok
VA,2026-05-29,5,Downtown Clinic,
VA,2026-05-29,4,Community Care,seasonal spike expected
VA,2026-05-29,4,Lakeview Clinic,telehealth ok
AR,2026-05-29,3,Downtown Clinic,telehealth ok
AR,2026-05-29,6,Community Care,seasonal spike expected
AR,2026-05-29,6,Lakeview Clinic,seasonal spike expected
WY,2026-05-30,5,Downtown Clinic,
WY,2026-05-30,4,Lakeview Clinic,seasonal spike expected
WY,2026-05-30,2,Community Care,seasonal spike expected
OR,2026-05-30,1,Riverstone Medical,telehealth ok
OR,2026-05-30,4,Community Care,seasonal spike expected
OR,2026-05-30,1,Northside Health,
CA,2026-05-30,4,Downtown Clinic,seasonal spike expected
CA,2026-05-30,3,Lakeview Clinic,telehealth ok
CA,2026-05-30,5,Northside Health,
GA,2026-05-30,2,Northside Health,seasonal spike expected
GA,2026-05-30,3,Lakeview Clinic,seasonal spike expected
GA,2026-05-30,2,Community Care,seasonal spike expected
AK,2026-05-30,5,Northside Health,
AK,2026-05-30,5,Downtown Clinic,telehealth ok
AK,2026-05-30,2,Community Care,
HI,2026-05-30,4,Northside Health,telehealth ok
HI,2026-05-30,2,Downtown Clinic,
HI,2026-05-30,3,Community Care,seasonal spike expected
PA,2026-05-30,2,Community Care,telehealth ok
PA,2026-05-30,1,Northside Health,seasonal spike expected
PA,2026-05-30,4,Lakeview Clinic,telehealth ok
AZ,2026-05-30,5,Lakeview Clinic,telehealth ok
AZ,2026-05-30,3,Northside Health,
AZ,2026-05-30,5,Community Care,telehealth ok
RI,2026-05-30,4,Lakeview Clinic,telehealth ok
RI,2026-05-30,5,Riverstone Medical,
RI,2026-05-30,5,Northside Health,
NC,2026-05-30,4,Riverstone Medical,telehealth ok
NC,2026-05-30,4,Northside Health,
NC,2026-05-30,4,Downtown Clinic,seasonal spike expected
TN,2026-05-30,1,Downtown Clinic,
TN,2026-05-30,2,Community Care,
TN,2026-05-30,3,Northside Health,
IL,2026-05-30,4,Northside Health,telehealth ok
IL,2026-05-30,2,Riverstone Medical,seasonal spike expected
IL,2026-05-30,1,Community Care,seasonal spike expected
NH,2026-05-30,4,Community Care,
NH,2026-05-30,4,Lakeview Clinic,
NH,2026-05-30,3,Riverstone Medical,seasonal spike expected
FL,2026-05-30,5,Riverstone Medical,seasonal spike expected
FL,2026-05-30,4,Northside Health,telehealth ok
FL,2026-05-30,5,Downtown Clinic,seasonal spike expected
MT,2026-05-30,5,Lakeview Clinic,
MT,2026-05-30,3,Community Care,telehealth ok
MT,2026-05-30,4,Riverstone Medical,
NE,2026-05-30,1,Lakeview Clinic,
NE,2026-05-30,2,Downtown Clinic,
NE,2026-05-30,4,Community Care,
CT,2026-05-30,5,Downtown Clinic,telehealth ok
CT,2026-05-30,3,Community Care,telehealth ok
CT,2026-05-30,1,Riverstone Medical,seasonal spike expected
AL,2026-05-30,3,Northside Health,telehealth ok
AL,2026-05-30,2,Lakeview Clinic,seasonal spike expected
AL,2026-05-30,5,Community Care,telehealth ok
MD,2026-05-30,1,Northside Health,telehealth ok
MD,2026-05-30,5,Community Care,seasonal spike expected
MD,2026-05-30,5,Downtown Clinic,telehealth ok
ID,2026-05-30,1,Lakeview Clinic,seasonal spike expected
ID,2026-05-30,4,Northside Health,seasonal spike expected
ID,2026-05-30,4,Downtown Clinic,telehealth ok
ND,2026-05-30,3,Downtown Clinic,seasonal spike expected
ND,2026-05-30,5,Riverstone Medical,
ND,2026-05-30,1,Lakeview Clinic,seasonal spike expected
KS,2026-05-30,4,Lakeview Clinic,telehealth ok
KS,2026-05-30,5,Community Care,
KS,2026-05-30,4,Downtown Clinic,
VT,2026-05-30,2,Riverstone Medical,seasonal spike expected
VT,2026-05-30,3,Community Care,telehealth ok
VT,2026-05-30,3,Northside Health,seasonal spike expected
MI,2026-05-30,3,Northside Health,
MI,2026-05-30,5,Downtown Clinic,
MI,2026-05-30,4,Lakeview Clinic,seasonal spike expected
NY,2026-05-30,2,Community Care,
NY,2026-05-30,6,Riverstone Medical,
NY,2026-05-30,3,Downtown Clinic,
UT,2026-05-30,2,Northside Health,
UT,2026-05-30,4,Downtown Clinic,
UT,2026-05-30,3,Community Care,seasonal spike expected
TX,2026-05-30,3,Community Care,
TX,2026-05-30,5,Downtown Clinic,seasonal spike expected
TX,2026-05-30,6,Riverstone Medical,seasonal spike expected
LA,2026-05-30,1,Community Care,
LA,2026-05-30,4,Downtown Clinic,seasonal spike expected
LA,2026-05-30,5,Lakeview Clinic,
WV,2026-05-30,4,Community Care,telehealth ok
WV,2026-05-30,1,Downtown Clinic,telehealth ok
WV,2026-05-30,5,Lakeview Clinic,
NJ,2026-05-30,5,Riverstone Medical,seasonal spike expected
NJ,2026-05-30,2,Northside Health,telehealth ok
NJ,2026-05-30,3,Community Care,
NM,2026-05-30,5,Downtown Clinic,telehealth ok
NM,2026-05-30,4,Community Care,seasonal spike expected
NM,2026-05-30,1,Lakeview Clinic,
MN,2026-05-30,4,Downtown Clinic,seasonal spike expected
MN,2026-05-30,2,Lakeview Clinic,telehealth ok
MN,2026-05-30,5,Northside Health,
MS,2026-05-30,3,Lakeview Clinic,seasonal spike expected
MS,2026-05-30,4,Northside Health,telehealth ok
MS,2026-05-30,4,Downtown Clinic,seasonal spike expected
VA,2026-05-30,4,Community Care,telehealth ok
VA,2026-05-30,5,Northside Health,
VA,2026-05-30,3,Downtown Clinic,seasonal spike expected
AR,2026-05-30,1,Downtown Clinic,
AR,2026-05-30,3,Riverstone Medical,
AR,2026-05-30,1,Northside Health,seasonal spike expected
WY,2026-05-31,2,Northside Health,seasonal spike expected
WY,2026-05-31,1,Lakeview Clinic,seasonal spike expected
WY,2026-05-31,2,Riverstone Medical,telehealth ok
OR,2026-05-31,5,Riverstone Medical,telehealth ok
OR,2026-05-31,1,Northside Health,telehealth ok
OR,2026-05-31,3,Lakeview Clinic,seasonal spike expected
CA,2026-05-31,2,Downtown Clinic,
CA,2026-05-31,5,Community Care,seasonal spike expected
CA,2026-05-31,2,Lakeview Clinic,telehealth ok
GA,2026-05-31,1,Riverstone Medical,seasonal spike expected
GA,2026-05-31,4,Northside Health,seasonal spike expected
GA,2026-05-31,3,Downtown Clinic,seasonal spike expected
AK,2026-05-31,3,Downtown Clinic,seasonal spike expected
AK,2026-05-31,4,Northside Health,seasonal spike expected
AK,2026-05-31,2,Community Care,telehealth ok
HI,2026-05-31,3,Lakeview Clinic,seasonal spike expected
HI,2026-05-31,4,Community Care,seasonal spike expected
HI,2026-05-31,5,Downtown Clinic,telehealth ok
PA,2026-05-31,2,Downtown Clinic,telehealth ok
PA,2026-05-31,3,Riverstone Medical,telehealth ok
PA,2026-05-31,2,Northside Health,telehealth ok
AZ,2026-05-31,2,Community Care,telehealth ok
AZ,2026-05-31,3,Northside Health,seasonal spike expected
AZ,2026-05-31,2,Downtown Clinic,telehealth ok
RI,2026-05-31,5,Riverstone Medical,seasonal spike expected
RI,2026-05-31,2,Community Care,seasonal spike expected
RI,2026-05-31,1,Downtown Clinic,
NC,2026-05-31,2,Community Care,seasonal spike expected
NC,2026-05-31,4,Lakeview Clinic,
NC,2026-05-31,2,Riverstone Medical,telehealth ok
TN,2026-05-31,3,Community Care,telehealth ok
TN,2026-05-31,2,Northside Health,seasonal spike expected
TN,2026-05-31,2,Riverstone Medical,seasonal spike expected
IL,2026-05-31,1,Riverstone Medical,
IL,2026-05-31,1,Lakeview Clinic,
IL,2026-05-31,3,Downtown Clinic,seasonal spike expected
NH,2026-05-31,5,Downtown Clinic,telehealth ok
NH,2026-05-31,5,Northside Health,
NH,2026-05-31,1,Lakeview Clinic,seasonal spike expected
FL,2026-05-31,2,Downtown Clinic,seasonal spike expected
FL,2026-05-31,5,Riverstone Medical,
FL,2026-05-31,6,Northside Health,seasonal spike expected
MT,2026-05-31,1,Riverstone Medical,seasonal spike expected
MT,2026-05-31,1,Community Care,
MT,2026-05-31,4,Downtown Clinic,seasonal spike expected
NE,2026-05-31,4,Riverstone Medical,seasonal spike expected
NE,2026-05-31,5,Downtown Clinic,
NE,2026-05-31,2,Northside Health,seasonal spike expected
CT,2026-05-31,2,Northside Health,telehealth ok
CT,2026-05-31,1,Community Care,
CT,2026-05-31,5,Lakeview Clinic,
AL,2026-05-31,4,Lakeview Clinic,telehealth ok
AL,2026-05-31,5,Community Care,seasonal spike expected
AL,2026-05-31,1,Riverstone Medical,telehealth ok
MD,2026-05-31,2,Northside Health,
MD,2026-05-31,4,Riverstone Medical,telehealth ok
MD,2026-05-31,1,Lakeview Clinic,telehealth ok
ID,2026-05-31,2,Riverstone Medical,seasonal spike expected
ID,2026-05-31,2,Downtown Clinic,
ID,2026-05-31,3,Northside Health,seasonal spike expected
ND,2026-05-31,3,Downtown Clinic,
ND,2026-05-31,4,Community Care,telehealth ok
ND,2026-05-31,5,Lakeview Clinic,
KS,2026-05-31,2,Downtown Clinic,seasonal spike expected
KS,2026-05-31,3,Northside Health,
KS,2026-05-31,3,Lakeview Clinic,
VT,2026-05-31,3,Community Care,telehealth ok
VT,2026-05-31,2,Downtown Clinic,telehealth ok
VT,2026-05-31,3,Northside Health,seasonal spike expected
MI,2026-05-31,3,Northside Health,seasonal spike expected
MI,2026-05-31,4,Lakeview Clinic,
MI,2026-05-31,4,Community Care,
NY,2026-05-31,5,Northside Health,seasonal spike expected
NY,2026-05-31,2,Community Care,telehealth ok
NY,2026-05-31,2,Downtown Clinic,
UT,2026-05-31,5,Riverstone Medical,telehealth ok
UT,2026-05-31,4,Community Care,
UT,2026-05-31,3,Downtown Clinic,seasonal spike expected
TX,2026-05-31,5,Community Care,telehealth ok
TX,2026-05-31,5,Northside Health,
TX,2026-05-31,3,Riverstone Medical,seasonal spike expected
LA,2026-05-31,1,Northside Health,telehealth ok
LA,2026-05-31,1,Downtown Clinic,telehealth ok
LA,2026-05-31,3,Riverstone Medical,
WV,2026-05-31,3,Community Care,seasonal spike expected
WV,2026-05-31,2,Northside Health,telehealth ok
WV,2026-05-31,3,Riverstone Medical,
NJ,2026-05-31,4,Riverstone Medical,seasonal spike expected
NJ,2026-05-31,2,Lakeview Clinic,telehealth ok
NJ,2026-05-31,1,Northside Health,telehealth ok
NM,2026-05-31,5,Riverstone Medical,seasonal spike expected
NM,2026-05-31,4,Downtown Clinic,seasonal spike expected
NM,2026-05-31,4,Community Care,
MN,2026-05-31,1,Downtown Clinic,telehealth ok
MN,2026-05-31,5,Community Care,telehealth ok
MN,2026-05-31,2,Northside Health,
MS,2026-05-31,3,Community Care,telehealth ok
MS,2026-05-31,4,Downtown Clinic,
MS,2026-05-31,4,Lakeview Clinic,telehealth ok
VA,2026-05-31,1,Riverstone Medical,
VA,2026-05-31,4,Community Care,
VA,2026-05-31,3,Lakeview Clinic,
AR,2026-05-31,2,Downtown Clinic,telehealth ok
AR,2026-05-31,2,Riverstone Medical,telehealth ok
AR,2026-05-31,2,Community Care,seasonal spike expected
WY,2026-06-01,5,Northside Health,telehealth ok
WY,2026-06-01,6,Downtown Clinic,seasonal spike expected
WY,2026-06-01,3,Lakeview Clinic,
OR,2026-06-01,2,Community Care,
OR,2026-06-01,3,Northside Health,telehealth ok
OR,2026-06-01,4,Riverstone Medical,
CA,2026-06-01,5,Northside Health,
CA,2026-06-01,5,Riverstone Medical,telehealth ok
CA,2026-06-01,6,Lakeview Clinic,seasonal spike expected
GA,2026-06-01,3,Downtown Clinic,telehealth ok
GA,2026-06-01,4,Northside Health,
GA,2026-06-01,6,Riverstone Medical,seasonal spike expected
AK,2026-06-01,4,Community Care,seasonal spike expected
AK,2026-06-01,5,Downtown Clinic,seasonal spike expected
AK,2026-06-01,6,Northside Health,
HI,2026-06-01,4,Northside Health,
HI,2026-06-01,3,Downtown Clinic,
HI,2026-06-01,5,Riverstone Medical,telehealth ok
PA,2026-06-01,5,Community Care,
PA,2026-06-01,5,Lakeview Clinic,seasonal spike expected
PA,2026-06-01,4,Riverstone Medical,seasonal spike expected
AZ,2026-06-01,4,Lakeview Clinic,telehealth ok
AZ,2026-06-01,6,Community Care,
AZ,2026-06-01,2,Riverstone Medical,telehealth ok
RI,2026-06-01,2,Northside Health,telehealth ok
RI,2026-06-01,5,Lakeview Clinic,
RI,2026-06-01,6,Community Care,telehealth ok
NC,2026-06-01,3,Downtown Clinic,seasonal spike expected
NC,2026-06-01,3,Community Care,
NC,2026-06-01,3,Riverstone Medical,
TN,2026-06-01,4,Community Care,
TN,2026-06-01,4,Lakeview Clinic,
TN,2026-06-01,6,Northside Health,
IL,2026-06-01,2,Northside Health,seasonal spike expected
IL,2026-06-01,4,Community Care,seasonal spike expected
IL,2026-06-01,3,Lakeview Clinic,telehealth ok
NH,2026-06-01,4,Northside Health,
NH,2026-06-01,2,Downtown Clinic,
NH,2026-06-01,4,Riverstone Medical,seasonal spike expected
FL,2026-06-01,6,Northside Health,telehealth ok
FL,2026-06-01,4,Lakeview Clinic,seasonal spike expected
FL,2026-06-01,4,Community Care,
MT,2026-06-01,3,Lakeview Clinic,seasonal spike expected
MT,2026-06-01,5,Northside Health,telehealth ok
MT,2026-06-01,2,Downtown Clinic,seasonal spike expected
NE,2026-06-01,2,Lakeview Clinic,telehealth ok
NE,2026-06-01,4,Riverstone Medical,seasonal spike expected
NE,2026-06-01,5,Downtown Clinic,seasonal spike expected
CT,2026-06-01,2,Lakeview Clinic,telehealth ok
CT,2026-06-01,3,Riverstone Medical,seasonal spike expected
CT,2026-06-01,5,Northside Health,seasonal spike expected
AL,2026-06-01,5,Northside Health,telehealth ok
AL,2026-06-01,5,Lakeview Clinic,seasonal spike expected
AL,2026-06-01,6,Downtown Clinic,telehealth ok
MD,2026-06-01,3,Northside Health,
MD,2026-06-01,2,Lakeview Clinic,
MD,2026-06-01,4,Downtown Clinic,seasonal spike expected
ID,2026-06-01,3,Downtown Clinic,telehealth ok
ID,2026-06-01,4,Community Care,telehealth ok
ID,2026-06-01,6,Lakeview Clinic,seasonal spike expected
ND,2026-06-01,4,Lakeview Clinic,
ND,2026-06-01,2,Community Care,telehealth ok
ND,2026-06-01,3,Downtown Clinic,
KS,2026-06-01,6,Community Care,telehealth ok
KS,2026-06-01,5,Lakeview Clinic,seasonal spike expected
KS,2026-06-01,6,Downtown Clinic,telehealth ok
VT,2026-06-01,2,Downtown Clinic,seasonal spike expected
VT,2026-06-01,4,Riverstone Medical,
VT,2026-06-01,5,Community Care,telehealth ok
MI,2026-06-01,6,Downtown Clinic,
MI,2026-06-01,5,Community Care,seasonal spike expected
MI,2026-06-01,6,Northside Health,
NY,2026-06-01,7,Riverstone Medical,telehealth ok
NY,2026-06-01,5,Northside Health,seasonal spike expected
NY,2026-06-01,4,Community Care,seasonal spike expected
UT,2026-06-01,3,Community Care,
UT,2026-06-01,5,Downtown Clinic,
UT,2026-06-01,6,Riverstone Medical,
TX,2026-06-01,5,Lakeview Clinic,telehealth ok
TX,2026-06-01,4,Community Care,telehealth ok
TX,2026-06-01,5,Downtown Clinic,telehealth ok
LA,2026-06-01,6,Riverstone Medical,telehealth ok
LA,2026-06-01,5,Northside Health,
LA,2026-06-01,2,Downtown Clinic,telehealth ok
WV,2026-06-01,6,Downtown Clinic,
WV,2026-06-01,3,Northside Health,seasonal spike expected
WV,2026-06-01,3,Community Care,telehealth ok
NJ,2026-06-01,5,Downtown Clinic,
NJ,2026-06-01,3,Northside Health,telehealth ok
NJ,2026-06-01,3,Community Care,
NM,2026-06-01,3,Lakeview Clinic,seasonal spike expected
NM,2026-06-01,4,Northside Health,telehealth ok
NM,2026-06-01,4,Community Care,seasonal spike expected
MN,2026-06-01,6,Lakeview Clinic,
MN,2026-06-01,5,Northside Health,seasonal spike expected
MN,2026-06-01,4,Downtown Clinic,seasonal spike expected
MS,2026-06-01,6,Lakeview Clinic,telehealth ok
MS,2026-06-01,4,Downtown Clinic,telehealth ok
MS,2026-06-01,4,Community Care,telehealth ok
VA,2026-06-01,4,Lakeview Clinic,
VA,2026-06-01,5,Northside Health,seasonal spike expected
VA,2026-06-01,3,Downtown Clinic,telehealth ok
AR,2026-06-01,2,Lakeview Clinic,
AR,2026-06-01,3,Downtown Clinic,seasonal spike expected
AR,2026-06-01,3,Northside Health,
WY,2026-06-02,6,Downtown Clinic,
WY,2026-06-02,3,Lakeview Clinic,telehealth ok
WY,2026-06-02,4,Community Care,telehealth ok
OR,2026-06-02,2,Lakeview Clinic,telehealth ok
OR,2026-06-02,3,Riverstone Medical,seasonal spike expected
OR,2026-06-02,3,Community Care,telehealth ok
CA,2026-06-02,4,Northside Health,
CA,2026-06-02,3,Community Care,seasonal spike expected
CA,2026-06-02,6,Riverstone Medical,
GA,2026-06-02,2,Community Care,seasonal spike expected
GA,2026-06-02,3,Downtown Clinic,seasonal spike expected
GA,2026-06-02,5,Riverstone Medical,
AK,2026-06-02,5,Downtown Clinic,seasonal spike expected
AK,2026-06-02,6,Riverstone Medical,seasonal spike expected
AK,2026-06-02,3,Community Care,telehealth ok
HI,2026-06-02,4,Lakeview Clinic,
HI,2026-06-02,5,Downtown Clinic,telehealth ok
HI,2026-06-02,2,Community Care,
PA,2026-06-02,2,Lakeview Clinic,telehealth ok
PA,2026-06-02,3,Riverstone Medical,telehealth ok
PA,2026-06-02,4,Downtown Clinic,seasonal spike expected
AZ,2026-06-02,4,Riverstone Medical,telehealth ok
AZ,2026-06-02,6,Northside Health,
AZ,2026-06-02,4,Community Care,telehealth ok
RI,2026-06-02,3,Downtown Clinic,seasonal spike expected
RI,2026-06-02,6,Riverstone Medical,
RI,2026-06-02,6,Northside Health,telehealth ok
NC,2026-06-02,4,Riverstone Medical,telehealth ok
NC,2026-06-02,5,Community Care,telehealth ok
NC,2026-06-02,4,Northside Health,seasonal spike expected
TN,2026-06-02,4,Northside Health,telehealth ok
TN,2026-06-02,5,Community Care,seasonal spike expected
TN,2026-06-02,6,Downtown Clinic,
IL,2026-06-02,4,Northside Health,telehealth ok
IL,2026-06-02,4,Riverstone Medical,telehealth ok
IL,2026-06-02,6,Downtown Clinic,
NH,2026-06-02,5,Downtown Clinic,telehealth ok
NH,2026-06-02,3,Riverstone Medical,
NH,2026-06-02,6,Northside Health,
FL,2026-06-02,3,Northside Health,seasonal spike expected
FL,2026-06-02,6,Riverstone Medical,seasonal spike expected
FL,2026-06-02,7,Community Care,
MT,2026-06-02,3,Community Care,telehealth ok
MT,2026-06-02,3,Downtown Clinic,seasonal spike expected
MT,2026-06-02,6,Northside Health,telehealth ok
NE,2026-06-02,6,Community Care,seasonal spike expected
NE,2026-06-02,5,Lakeview Clinic,
NE,2026-06-02,2,Downtown Clinic,telehealth ok
CT,2026-06-02,3,Downtown Clinic,seasonal spike expected
CT,2026-06-02,3,Community Care,
CT,2026-06-02,4,Northside Health,seasonal spike expected
AL,2026-06-02,6,Lakeview Clinic,
AL,2026-06-02,3,Community Care,
AL,2026-06-02,2,Northside Health,seasonal spike expected
MD,2026-06-02,4,Community Care,seasonal spike expected
MD,2026-06-02,4,Downtown Clinic,telehealth ok
MD,2026-06-02,6,Northside Health,seasonal spike expected
ID,2026-06-02,4,Northside Health,telehealth ok
ID,2026-06-02,5,Community Care,telehealth ok
ID,2026-06-02,4,Riverstone Medical,seasonal spike expected
ND,2026-06-02,4,Riverstone Medical,
ND,2026-06-02,3,Community Care,seasonal spike expected
ND,2026-06-02,2,Lakeview Clinic,
KS,2026-06-02,5,Riverstone Medical,telehealth ok
KS,2026-06-02,4,Lakeview Clinic,telehealth ok
KS,2026-06-02,5,Downtown Clinic,telehealth ok
VT,2026-06-02,3,Northside Health,
VT,2026-06-02,6,Lakeview Clinic,
VT,2026-06-02,6,Riverstone Medical,seasonal spike expected
MI,2026-06-02,3,Community Care,telehealth ok
MI,2026-06-02,2,Northside Health,
MI,2026-06-02,6,Downtown Clinic,seasonal spike expected
NY,2026-06-02,5,Downtown Clinic,seasonal spike expected
NY,2026-06-02,5,Riverstone Medical,seasonal spike expected
NY,2026-06-02,7,Community Care,telehealth ok
UT,2026-06-02,6,Northside Health,seasonal spike expected
UT,2026-06-02,2,Riverstone Medical,telehealth ok
UT,2026-06-02,6,Downtown Clinic,telehealth ok
TX,2026-06-02,7,Community Care,seasonal spike expected
TX,2026-06-02,4,Lakeview Clinic,
TX,2026-06-02,3,Riverstone Medical,telehealth ok
LA,2026-06-02,6,Downtown Clinic,telehealth ok
LA,2026-06-02,5,Riverstone Medical,
LA,2026-06-02,2,Northside Health,
WV,2026-06-02,6,Riverstone Medical,seasonal spike expected
WV,2026-06-02,6,Northside Health,
WV,2026-06-02,4,Lakeview Clinic,seasonal spike expected
NJ,2026-06-02,5,Lakeview Clinic,telehealth ok
NJ,2026-06-02,2,Northside Health,
NJ,2026-06-02,3,Downtown Clinic,seasonal spike expected
NM,2026-06-02,5,Northside Health,seasonal spike expected
NM,2026-06-02,6,Lakeview Clinic,
NM,2026-06-02,4,Downtown Clinic,telehealth ok
MN,2026-06-02,5,Riverstone Medical,
MN,2026-06-02,2,Lakeview Clinic,telehealth ok
MN,2026-06-02,5,Community Care,telehealth ok
MS,2026-06-02,3,Riverstone Medical,seasonal spike expected
MS,2026-06-02,3,Lakeview Clinic,seasonal spike expected
MS,2026-06-02,2,Northside Health,seasonal spike expected
VA,2026-06-02,2,Community Care,telehealth ok
VA,2026-06-02,3,Riverstone Medical,telehealth ok
VA,2026-06-02,3,Northside Health,
AR,2026-06-02,5,Northside Health,
AR,2026-06-02,5,Community Care,seasonal spike expected
AR,2026-06-02,4,Downtown Clinic,telehealth ok
WY,2026-06-03,5,Riverstone Medical,
WY,2026-06-03,5,Downtown Clinic,
WY,2026-06-03,6,Lakeview Clinic,telehealth ok
OR,2026-06-03,2,Lakeview Clinic,seasonal spike expected
OR,2026-06-03,2,Northside Health,telehealth ok
OR,2026-06-03,6,Downtown Clinic,seasonal spike expected
CA,2026-06-03,5,Downtown Clinic,
CA,2026-06-03,7,Riverstone Medical,telehealth ok
CA,2026-06-03,4,Community Care,
GA,2026-06-03,5,Riverstone Medical,
GA,2026-06-03,4,Northside Health,seasonal spike expected
GA,2026-06-03,3,Community Care,seasonal spike expected
AK,2026-06-03,3,Community Care,seasonal spike expected
AK,2026-06-03,3,Northside Health,
AK,2026-06-03,2,Downtown Clinic,seasonal spike expected
HI,2026-06-03,6,Downtown Clinic,
HI,2026-06-03,4,Riverstone Medical,
HI,2026-06-03,2,Community Care,telehealth ok
PA,2026-06-03,3,Riverstone Medical,telehealth ok
PA,2026-06-03,5,Northside Health,telehealth ok
PA,2026-06-03,5,Community Care,telehealth ok
AZ,2026-06-03,3,Lakeview Clinic,telehealth ok
AZ,2026-06-03,2,Downtown Clinic,telehealth ok
AZ,2026-06-03,3,Riverstone Medical,
RI,2026-06-03,2,Northside Health,telehealth ok
RI,2026-06-03,5,Riverstone Medical,telehealth ok
RI,2026-06-03,6,Community Care,
NC,2026-06-03,6,Riverstone Medical,seasonal spike expected
NC,2026-06-03,5,Community Care,seasonal spike expected
NC,2026-06-03,4,Northside Health,seasonal spike expected
TN,2026-06-03,6,Lakeview Clinic,
TN,2026-06-03,4,Northside Health,telehealth ok
TN,2026-06-03,6,Downtown Clinic,
IL,2026-06-03,5,Downtown Clinic,
IL,2026-06-03,3,Northside Health,telehealth ok
IL,2026-06-03,2,Lakeview Clinic,telehealth ok
NH,2026-06-03,2,Lakeview Clinic,seasonal spike expected
NH,2026-06-03,4,Northside Health,telehealth ok
NH,2026-06-03,4,Downtown Clinic,seasonal spike expected
FL,2026-06-03,4,Riverstone Medical,
FL,2026-06-03,7,Northside Health,seasonal spike expected
FL,2026-06-03,7,Lakeview Clinic,telehealth ok
MT,2026-06-03,4,Riverstone Medical,telehealth ok
MT,2026-06-03,6,Lakeview Clinic,
MT,2026-06-03,3,Community Care,seasonal spike expected
NE,2026-06-03,4,Riverstone Medical,telehealth ok
NE,2026-06-03,4,Community Care,telehealth ok
NE,2026-06-03,6,Downtown Clinic,seasonal spike expected
CT,2026-06-03,3,Riverstone Medical,telehealth ok
CT,2026-06-03,3,Community Care,
CT,2026-06-03,3,Downtown Clinic,seasonal spike expected
AL,2026-06-03,2,Downtown Clinic,seasonal spike expected
AL,2026-06-03,4,Lakeview Clinic,telehealth ok
AL,2026-06-03,3,Community Care,
MD,2026-06-03,2,Riverstone Medical,telehealth ok
MD,2026-06-03,5,Lakeview Clinic,telehealth ok
MD,2026-06-03,3,Community Care,telehealth ok
ID,2026-06-03,5,Northside Health,seasonal spike expected
ID,2026-06-03,2,Lakeview Clinic,
ID,2026-06-03,5,Riverstone Medical,
ND,2026-06-03,2,Riverstone Medical,telehealth ok
ND,2026-06-03,5,Community Care,
ND,2026-06-03,6,Lakeview Clinic,telehealth ok
KS,2026-06-03,2,Riverstone Medical,seasonal spike expected
KS,2026-06-03,4,Downtown Clinic,seasonal spike expected
KS,2026-06-03,4,Community Care,seasonal spike expected
VT,2026-06-03,3,Community Care,seasonal spike expected
VT,2026-06-03,3,Riverstone Medical,seasonal spike expected
VT,2026-06-03,5,Downtown Clinic,seasonal spike expected
MI,2026-06-03,3,Lakeview Clinic,seasonal spike expected
MI,2026-06-03,3,Riverstone Medical,
MI,2026-06-03,5,Downtown Clinic,telehealth ok
NY,2026-06-03,4,Northside Health,
NY,2026-06-03,6,Riverstone Medical,seasonal spike expected
NY,2026-06-03,3,Lakeview Clinic,telehealth ok
UT,2026-06-03,5,Community Care,telehealth ok
UT,2026-06-03,4,Northside Health,telehealth ok
UT,2026-06-03,3,Downtown Clinic,telehealth ok
TX,2026-06-03,5,Riverstone Medical,telehealth ok
TX,2026-06-03,7,Lakeview Clinic,
TX,2026-06-03,3,Community Care,seasonal spike expected
LA,2026-06-03,4,Downtown Clinic,seasonal spike expected
LA,2026-06-03,4,Community Care,telehealth ok
LA,2026-06-03,4,Northside Health,
WV,2026-06-03,6,Community Care,telehealth ok
WV,2026-06-03,5,Lakeview Clinic,
WV,2026-06-03,4,Downtown Clinic,seasonal spike expected
NJ,2026-06-03,6,Community Care,
NJ,2026-06-03,4,Northside Health,seasonal spike expected
NJ,2026-06-03,4,Lakeview Clinic,
NM,2026-06-03,6,Lakeview Clinic,seasonal spike expected
NM,2026-06-03,2,Northside Health,seasonal spike expected
NM,2026-06-03,5,Community Care,telehealth ok
MN,2026-06-03,3,Lakeview Clinic,
MN,2026-06-03,3,Northside Health,
MN,2026-06-03,6,Community Care,seasonal spike expected
MS,2026-06-03,2,Northside Health,
MS,2026-06-03,6,Downtown Clinic,telehealth ok
MS,2026-06-03,5,Lakeview Clinic,seasonal spike expected
VA,2026-06-03,4,Downtown Clinic,seasonal spike expected
VA,2026-06-03,5,Riverstone Medical,seasonal spike expected
VA,2026-06-03,2,Community Care,seasonal spike expected
AR,2026-06-03,5,Lakeview Clinic,
AR,2026-06-03,4,Riverstone Medical,
AR,2026-06-03,4,Northside Health,telehealth ok
WY,2026-06-04,4,Northside Health,seasonal spike expected
WY,2026-06-04,6,Lakeview Clinic,seasonal spike expected
WY,2026-06-04,2,Riverstone Medical,telehealth ok
OR,2026-06-04,5,Community Care,
OR,2026-06-04,2,Riverstone Medical,telehealth ok
OR,2026-06-04,3,Lakeview Clinic,telehealth ok
CA,2026-06-04,5,Downtown Clinic,seasonal spike expected
CA,2026-06-04,6,Community Care,seasonal spike expected
CA,2026-06-04,6,Lakeview Clinic,telehealth ok
GA,2026-06-04,6,Lakeview Clinic,telehealth ok
GA,2026-06-04,6,Riverstone Medical,
GA,2026-06-04,3,Community Care,telehealth ok
AK,2026-06-04,5,Riverstone Medical,telehealth ok
AK,2026-06-04,6,Northside Health,
AK,2026-06-04,3,Downtown Clinic,
HI,2026-06-04,3,Lakeview Clinic,
HI,2026-06-04,5,Downtown Clinic,
HI,2026-06-04,6,Riverstone Medical,telehealth ok
PA,2026-06-04,3,Downtown Clinic,telehealth ok
PA,2026-06-04,5,Northside Health,telehealth ok
PA,2026-06-04,2,Community Care,
AZ,2026-06-04,2,Riverstone Medical,telehealth ok
AZ,2026-06-04,4,Downtown Clinic,telehealth ok
AZ,2026-06-04,5,Community Care,telehealth ok
RI,2026-06-04,3,Riverstone Medical,telehealth ok
RI,2026-06-04,2,Community Care,seasonal spike expected
RI,2026-06-04,5,Downtown Clinic,seasonal spike expected
NC,2026-06-04,5,Lakeview Clinic,telehealth ok
NC,2026-06-04,3,Downtown Clinic,seasonal spike expected
NC,2026-06-04,3,Riverstone Medical,telehealth ok
TN,2026-06-04,5,Riverstone Medical,
TN,2026-06-04,5,Lakeview Clinic,telehealth ok
TN,2026-06-04,2,Northside Health,seasonal spike expected
IL,2026-06-04,4,Riverstone Medical,telehealth ok
IL,2026-06-04,6,Northside Health,seasonal spike expected
IL,2026-06-04,5,Downtown Clinic,seasonal spike expected
NH,2026-06-04,4,Lakeview Clinic,telehealth ok
NH,2026-06-04,2,Northside Health,
NH,2026-06-04,3,Riverstone Medical,seasonal spike expected
FL,2026-06-04,3,Downtown Clinic,
FL,2026-06-04,4,Riverstone Medical,telehealth ok
FL,2026-06-04,6,Lakeview Clinic,seasonal spike expected
MT,2026-06-04,5,Northside Health,seasonal spike expected
MT,2026-06-04,3,Downtown Clinic,seasonal spike expected
MT,2026-06-04,4,Community Care,
NE,2026-06-04,2,Northside Health,
NE,2026-06-04,4,Community Care,seasonal spike expected
NE,2026-06-04,6,Riverstone Medical,
CT,2026-06-04,4,Riverstone Medical,
CT,2026-06-04,5,Downtown Clinic,
CT,2026-06-04,6,Lakeview Clinic,
AL,2026-06-04,4,Downtown Clinic,
AL,2026-06-04,5,Northside Health,
AL,2026-06-04,6,Community Care,telehealth ok
MD,2026-06-04,5,Downtown Clinic,seasonal spike expected
MD,2026-06-04,2,Lakeview Clinic,telehealth ok
MD,2026-06-04,2,Community Care,telehealth ok
ID,2026-06-04,3,Northside Health,telehealth ok
ID,2026-06-04,4,Downtown Clinic,
ID,2026-06-04,4,Riverstone Medical,telehealth ok
ND,2026-06-04,2,Riverstone Medical,
ND,2026-06-04,2,Community Care,seasonal spike expected
ND,2026-06-04,6,Lakeview Clinic,seasonal spike expected
KS,2026-06-04,6,Downtown Clinic,telehealth ok
KS,2026-06-04,2,Lakeview Clinic,
KS,2026-06-04,2,Riverstone Medical,
VT,2026-06-04,6,Lakeview Clinic,seasonal spike expected
VT,2026-06-04,2,Northside Health,telehealth ok
VT,2026-06-04,2,Riverstone Medical,seasonal spike expected
MI,2026-06-04,6,Community Care,seasonal spike expected
MI,2026-06-04,5,Downtown Clinic,seasonal spike expected
MI,2026-06-04,2,Lakeview Clinic,seasonal spike expected
NY,2026-06-04,5,Northside Health,
NY,2026-06-04,5,Community Care,telehealth ok
NY,2026-06-04,4,Riverstone Medical,
UT,2026-06-04,3,Lakeview Clinic,seasonal spike expected
UT,2026-06-04,3,Downtown Clinic,telehealth ok
UT,2026-06-04,5,Riverstone Medical,telehealth ok
TX,2026-06-04,3,Downtown Clinic,telehealth ok
TX,2026-06-04,6,Riverstone Medical,
TX,2026-06-04,3,Lakeview Clinic,
LA,2026-06-04,2,Riverstone Medical,
LA,2026-06-04,4,Downtown Clinic,seasonal spike expected
LA,2026-06-04,6,Lakeview Clinic,telehealth ok
WV,2026-06-04,3,Lakeview Clinic,seasonal spike expected
WV,2026-06-04,3,Northside Health,
WV,2026-06-04,5,Riverstone Medical,telehealth ok
NJ,2026-06-04,5,Lakeview Clinic,telehealth ok
NJ,2026-06-04,4,Community Care,
NJ,2026-06-04,2,Downtown Clinic,
NM,2026-06-04,2,Northside Health,seasonal spike expected
NM,2026-06-04,5,Lakeview Clinic,
NM,2026-06-04,6,Downtown Clinic,seasonal spike expected
MN,2026-06-04,6,Riverstone Medical,telehealth ok
MN,2026-06-04,2,Downtown Clinic,seasonal spike expected
MN,2026-06-04,3,Lakeview Clinic,telehealth ok
MS,2026-06-04,6,Northside Health,
MS,2026-06-04,3,Riverstone Medical,
MS,2026-06-04,6,Lakeview Clinic,telehealth ok
VA,2026-06-04,3,Downtown Clinic,telehealth ok
VA,2026-06-04,5,Northside Health,
VA,2026-06-04,5,Lakeview Clinic,telehealth ok
AR,2026-06-04,6,Community Care,
AR,2026-06-04,3,Northside Health,
AR,2026-06-04,4,Riverstone Medical,seasonal spike expected
